nohup: ignoring input
Data split into 1794344 training samples and 448587 testing samples.
Applying preprocessing (MinMaxScaler and OneHotEncoder)...
Shape after initial preprocessing (sparse) - X_train: (1794344, 134), X_test: (448587, 134)

==================== TESTING MODEL: estimators=2, depth=2, svd=100 ====================

Applying TruncatedSVD to reduce feature count from 134 to 100...
Shape after SVD reduction (dense) - X_train: (1794344, 100), X_test: (448587, 100)
Final training data shape: (1794344, 100)
Final testing data shape: (448587, 100)
[LOG] Current time: 2025-08-11 21:41:18 -03-0300
--- FHE Prediction with Before & After Comparison ---

[STEP 1] Loading pre-compiled FHE circuit and preprocessor...

[STEP 2] Preparing and inspecting data on the CLIENT-SIDE before encryption...

[STEP 3] Processing all records...
Record 1/1000 | Predicted: 0 | True: 0 | Time: 1.3604s
Record 2/1000 | Predicted: 0 | True: 0 | Time: 1.0003s
Record 3/1000 | Predicted: 0 | True: 0 | Time: 0.8335s
Record 4/1000 | Predicted: 0 | True: 0 | Time: 0.7848s
Record 5/1000 | Predicted: 0 | True: 0 | Time: 0.7787s
Record 6/1000 | Predicted: 0 | True: 0 | Time: 0.8333s
Record 7/1000 | Predicted: 0 | True: 0 | Time: 0.7754s
Record 8/1000 | Predicted: 0 | True: 0 | Time: 0.8465s
Record 9/1000 | Predicted: 0 | True: 0 | Time: 0.7787s
Record 10/1000 | Predicted: 0 | True: 0 | Time: 0.8062s
Record 11/1000 | Predicted: 0 | True: 0 | Time: 0.7905s
Record 12/1000 | Predicted: 0 | True: 0 | Time: 0.8279s
Record 13/1000 | Predicted: 0 | True: 0 | Time: 0.8276s
Record 14/1000 | Predicted: 0 | True: 0 | Time: 0.7991s
Record 15/1000 | Predicted: 0 | True: 0 | Time: 0.7856s
Record 16/1000 | Predicted: 0 | True: 0 | Time: 0.8045s
Record 17/1000 | Predicted: 0 | True: 0 | Time: 0.8026s
Record 18/1000 | Predicted: 0 | True: 0 | Time: 0.8336s
Record 19/1000 | Predicted: 0 | True: 0 | Time: 0.8425s
Record 20/1000 | Predicted: 0 | True: 0 | Time: 0.8069s
Record 21/1000 | Predicted: 0 | True: 0 | Time: 0.8055s
Record 22/1000 | Predicted: 0 | True: 0 | Time: 0.8216s
Record 23/1000 | Predicted: 0 | True: 0 | Time: 0.7825s
Record 24/1000 | Predicted: 0 | True: 0 | Time: 0.8262s
Record 25/1000 | Predicted: 0 | True: 1 | Time: 0.8040s
Record 26/1000 | Predicted: 0 | True: 0 | Time: 0.7911s
Record 27/1000 | Predicted: 0 | True: 0 | Time: 0.7871s
Record 28/1000 | Predicted: 0 | True: 0 | Time: 0.8081s
Record 29/1000 | Predicted: 0 | True: 0 | Time: 0.8136s
Record 30/1000 | Predicted: 0 | True: 0 | Time: 0.7975s
Record 31/1000 | Predicted: 0 | True: 0 | Time: 0.7820s
Record 32/1000 | Predicted: 0 | True: 0 | Time: 0.8053s
Record 33/1000 | Predicted: 0 | True: 0 | Time: 0.8097s
Record 34/1000 | Predicted: 0 | True: 0 | Time: 0.8257s
Record 35/1000 | Predicted: 0 | True: 0 | Time: 0.8263s
Record 36/1000 | Predicted: 0 | True: 0 | Time: 0.8240s
Record 37/1000 | Predicted: 0 | True: 0 | Time: 0.8000s
Record 38/1000 | Predicted: 0 | True: 0 | Time: 0.7905s
Record 39/1000 | Predicted: 0 | True: 0 | Time: 0.8144s
Record 40/1000 | Predicted: 0 | True: 0 | Time: 0.7990s
Record 41/1000 | Predicted: 0 | True: 0 | Time: 0.7879s
Record 42/1000 | Predicted: 0 | True: 0 | Time: 0.7860s
Record 43/1000 | Predicted: 0 | True: 0 | Time: 0.8163s
Record 44/1000 | Predicted: 0 | True: 0 | Time: 0.8232s
Record 45/1000 | Predicted: 0 | True: 0 | Time: 0.8207s
Record 46/1000 | Predicted: 0 | True: 0 | Time: 0.7862s
Record 47/1000 | Predicted: 0 | True: 0 | Time: 0.8017s
Record 48/1000 | Predicted: 0 | True: 0 | Time: 0.7842s
Record 49/1000 | Predicted: 0 | True: 0 | Time: 0.8014s
Record 50/1000 | Predicted: 0 | True: 0 | Time: 0.8007s
Record 51/1000 | Predicted: 0 | True: 0 | Time: 0.7840s
Record 52/1000 | Predicted: 0 | True: 0 | Time: 0.8026s
Record 53/1000 | Predicted: 0 | True: 0 | Time: 0.7929s
Record 54/1000 | Predicted: 0 | True: 0 | Time: 0.8264s
Record 55/1000 | Predicted: 0 | True: 0 | Time: 0.8421s
Record 56/1000 | Predicted: 0 | True: 0 | Time: 0.7894s
Record 57/1000 | Predicted: 0 | True: 0 | Time: 0.7964s
Record 58/1000 | Predicted: 0 | True: 0 | Time: 0.8159s
Record 59/1000 | Predicted: 0 | True: 0 | Time: 0.7987s
Record 60/1000 | Predicted: 0 | True: 0 | Time: 0.8072s
Record 61/1000 | Predicted: 0 | True: 0 | Time: 0.7873s
Record 62/1000 | Predicted: 0 | True: 0 | Time: 0.7927s
Record 63/1000 | Predicted: 0 | True: 0 | Time: 0.7993s
Record 64/1000 | Predicted: 0 | True: 0 | Time: 0.8150s
Record 65/1000 | Predicted: 0 | True: 0 | Time: 0.8359s
Record 66/1000 | Predicted: 0 | True: 0 | Time: 0.7997s
Record 67/1000 | Predicted: 0 | True: 0 | Time: 0.8185s
Record 68/1000 | Predicted: 0 | True: 0 | Time: 0.7899s
Record 69/1000 | Predicted: 0 | True: 0 | Time: 0.8089s
Record 70/1000 | Predicted: 0 | True: 0 | Time: 0.8144s
Record 71/1000 | Predicted: 0 | True: 0 | Time: 0.8366s
Record 72/1000 | Predicted: 0 | True: 0 | Time: 0.7941s
Record 73/1000 | Predicted: 0 | True: 0 | Time: 0.8177s
Record 74/1000 | Predicted: 0 | True: 0 | Time: 0.7894s
Record 75/1000 | Predicted: 0 | True: 0 | Time: 0.8410s
Record 76/1000 | Predicted: 0 | True: 0 | Time: 0.8232s
Record 77/1000 | Predicted: 0 | True: 0 | Time: 0.8033s
Record 78/1000 | Predicted: 0 | True: 0 | Time: 0.8067s
Record 79/1000 | Predicted: 0 | True: 0 | Time: 0.8040s
Record 80/1000 | Predicted: 0 | True: 0 | Time: 0.8125s
Record 81/1000 | Predicted: 0 | True: 0 | Time: 0.8490s
Record 82/1000 | Predicted: 0 | True: 0 | Time: 0.8139s
Record 83/1000 | Predicted: 0 | True: 0 | Time: 0.7939s
Record 84/1000 | Predicted: 0 | True: 0 | Time: 0.7905s
Record 85/1000 | Predicted: 0 | True: 0 | Time: 0.7959s
Record 86/1000 | Predicted: 0 | True: 0 | Time: 0.7940s
Record 87/1000 | Predicted: 0 | True: 0 | Time: 0.8145s
Record 88/1000 | Predicted: 0 | True: 0 | Time: 0.8049s
Record 89/1000 | Predicted: 0 | True: 0 | Time: 0.8030s
Record 90/1000 | Predicted: 0 | True: 0 | Time: 0.7986s
Record 91/1000 | Predicted: 0 | True: 0 | Time: 0.7948s
Record 92/1000 | Predicted: 0 | True: 0 | Time: 0.7936s
Record 93/1000 | Predicted: 0 | True: 0 | Time: 0.7756s
Record 94/1000 | Predicted: 0 | True: 0 | Time: 0.7915s
Record 95/1000 | Predicted: 0 | True: 0 | Time: 0.8230s
Record 96/1000 | Predicted: 0 | True: 0 | Time: 0.7968s
Record 97/1000 | Predicted: 0 | True: 0 | Time: 0.8088s
Record 98/1000 | Predicted: 0 | True: 0 | Time: 0.7801s
Record 99/1000 | Predicted: 0 | True: 0 | Time: 0.7921s
Record 100/1000 | Predicted: 0 | True: 0 | Time: 0.8047s
Record 101/1000 | Predicted: 0 | True: 0 | Time: 0.8054s
Record 102/1000 | Predicted: 0 | True: 0 | Time: 0.8232s
Record 103/1000 | Predicted: 0 | True: 0 | Time: 0.7982s
Record 104/1000 | Predicted: 0 | True: 0 | Time: 0.7919s
Record 105/1000 | Predicted: 0 | True: 0 | Time: 0.8066s
Record 106/1000 | Predicted: 0 | True: 0 | Time: 0.7954s
Record 107/1000 | Predicted: 0 | True: 0 | Time: 0.8236s
Record 108/1000 | Predicted: 0 | True: 0 | Time: 0.8024s
Record 109/1000 | Predicted: 0 | True: 0 | Time: 0.7916s
Record 110/1000 | Predicted: 0 | True: 0 | Time: 0.8103s
Record 111/1000 | Predicted: 0 | True: 1 | Time: 0.8299s
Record 112/1000 | Predicted: 0 | True: 0 | Time: 0.8007s
Record 113/1000 | Predicted: 0 | True: 0 | Time: 0.7916s
Record 114/1000 | Predicted: 0 | True: 0 | Time: 0.8429s
Record 115/1000 | Predicted: 0 | True: 0 | Time: 0.8052s
Record 116/1000 | Predicted: 0 | True: 0 | Time: 0.8111s
Record 117/1000 | Predicted: 0 | True: 0 | Time: 0.8105s
Record 118/1000 | Predicted: 0 | True: 0 | Time: 0.8245s
Record 119/1000 | Predicted: 0 | True: 0 | Time: 0.7965s
Record 120/1000 | Predicted: 0 | True: 0 | Time: 0.7943s
Record 121/1000 | Predicted: 0 | True: 0 | Time: 0.8114s
Record 122/1000 | Predicted: 0 | True: 0 | Time: 0.8186s
Record 123/1000 | Predicted: 0 | True: 0 | Time: 0.8267s
Record 124/1000 | Predicted: 0 | True: 0 | Time: 0.7841s
Record 125/1000 | Predicted: 0 | True: 0 | Time: 0.7867s
Record 126/1000 | Predicted: 0 | True: 0 | Time: 0.7987s
Record 127/1000 | Predicted: 0 | True: 0 | Time: 0.7903s
Record 128/1000 | Predicted: 0 | True: 0 | Time: 0.8305s
Record 129/1000 | Predicted: 0 | True: 0 | Time: 0.7981s
Record 130/1000 | Predicted: 0 | True: 0 | Time: 0.7817s
Record 131/1000 | Predicted: 0 | True: 1 | Time: 0.8109s
Record 132/1000 | Predicted: 0 | True: 0 | Time: 0.7877s
Record 133/1000 | Predicted: 0 | True: 0 | Time: 0.8200s
Record 134/1000 | Predicted: 0 | True: 0 | Time: 0.8093s
Record 135/1000 | Predicted: 0 | True: 0 | Time: 0.7980s
Record 136/1000 | Predicted: 0 | True: 0 | Time: 0.8092s
Record 137/1000 | Predicted: 0 | True: 0 | Time: 0.8036s
Record 138/1000 | Predicted: 0 | True: 0 | Time: 0.8058s
Record 139/1000 | Predicted: 0 | True: 0 | Time: 0.7961s
Record 140/1000 | Predicted: 0 | True: 0 | Time: 0.7894s
Record 141/1000 | Predicted: 0 | True: 0 | Time: 0.8048s
Record 142/1000 | Predicted: 0 | True: 0 | Time: 0.8106s
Record 143/1000 | Predicted: 0 | True: 0 | Time: 0.7976s
Record 144/1000 | Predicted: 0 | True: 0 | Time: 0.8404s
Record 145/1000 | Predicted: 0 | True: 0 | Time: 0.8104s
Record 146/1000 | Predicted: 0 | True: 0 | Time: 0.7948s
Record 147/1000 | Predicted: 0 | True: 0 | Time: 0.7982s
Record 148/1000 | Predicted: 0 | True: 0 | Time: 0.8050s
Record 149/1000 | Predicted: 0 | True: 0 | Time: 0.8178s
Record 150/1000 | Predicted: 0 | True: 0 | Time: 0.7963s
Record 151/1000 | Predicted: 0 | True: 0 | Time: 0.7990s
Record 152/1000 | Predicted: 0 | True: 0 | Time: 0.8017s
Record 153/1000 | Predicted: 0 | True: 0 | Time: 0.8215s
Record 154/1000 | Predicted: 0 | True: 0 | Time: 0.8280s
Record 155/1000 | Predicted: 0 | True: 0 | Time: 0.7918s
Record 156/1000 | Predicted: 0 | True: 0 | Time: 0.8046s
Record 157/1000 | Predicted: 0 | True: 0 | Time: 0.8000s
Record 158/1000 | Predicted: 0 | True: 0 | Time: 0.8005s
Record 159/1000 | Predicted: 0 | True: 0 | Time: 0.8487s
Record 160/1000 | Predicted: 0 | True: 0 | Time: 0.7923s
Record 161/1000 | Predicted: 0 | True: 0 | Time: 0.7899s
Record 162/1000 | Predicted: 0 | True: 0 | Time: 0.7958s
Record 163/1000 | Predicted: 0 | True: 1 | Time: 0.7823s
Record 164/1000 | Predicted: 0 | True: 0 | Time: 0.8195s
Record 165/1000 | Predicted: 0 | True: 0 | Time: 0.8175s
Record 166/1000 | Predicted: 0 | True: 0 | Time: 0.7898s
Record 167/1000 | Predicted: 1 | True: 1 | Time: 0.7930s
Record 168/1000 | Predicted: 0 | True: 0 | Time: 0.7782s
Record 169/1000 | Predicted: 0 | True: 0 | Time: 0.8129s
Record 170/1000 | Predicted: 0 | True: 0 | Time: 0.7939s
Record 171/1000 | Predicted: 0 | True: 0 | Time: 0.7765s
Record 172/1000 | Predicted: 0 | True: 0 | Time: 0.8025s
Record 173/1000 | Predicted: 0 | True: 0 | Time: 0.7921s
Record 174/1000 | Predicted: 0 | True: 0 | Time: 0.8702s
Record 175/1000 | Predicted: 0 | True: 0 | Time: 0.8054s
Record 176/1000 | Predicted: 0 | True: 0 | Time: 0.7855s
Record 177/1000 | Predicted: 0 | True: 0 | Time: 0.8295s
Record 178/1000 | Predicted: 0 | True: 0 | Time: 0.8029s
Record 179/1000 | Predicted: 0 | True: 0 | Time: 0.8033s
Record 180/1000 | Predicted: 0 | True: 0 | Time: 0.8090s
Record 181/1000 | Predicted: 0 | True: 0 | Time: 0.7907s
Record 182/1000 | Predicted: 0 | True: 0 | Time: 0.8323s
Record 183/1000 | Predicted: 0 | True: 0 | Time: 0.8046s
Record 184/1000 | Predicted: 0 | True: 0 | Time: 0.7921s
Record 185/1000 | Predicted: 0 | True: 0 | Time: 0.8085s
Record 186/1000 | Predicted: 0 | True: 0 | Time: 0.7847s
Record 187/1000 | Predicted: 0 | True: 0 | Time: 0.8080s
Record 188/1000 | Predicted: 0 | True: 0 | Time: 0.8125s
Record 189/1000 | Predicted: 0 | True: 1 | Time: 0.7915s
Record 190/1000 | Predicted: 0 | True: 0 | Time: 0.8106s
Record 191/1000 | Predicted: 0 | True: 0 | Time: 0.7727s
Record 192/1000 | Predicted: 0 | True: 0 | Time: 0.8043s
Record 193/1000 | Predicted: 0 | True: 0 | Time: 0.7741s
Record 194/1000 | Predicted: 0 | True: 0 | Time: 0.8339s
Record 195/1000 | Predicted: 0 | True: 0 | Time: 0.8717s
Record 196/1000 | Predicted: 0 | True: 0 | Time: 0.8259s
Record 197/1000 | Predicted: 0 | True: 0 | Time: 0.8314s
Record 198/1000 | Predicted: 0 | True: 0 | Time: 0.8116s
Record 199/1000 | Predicted: 0 | True: 0 | Time: 0.7844s
Record 200/1000 | Predicted: 0 | True: 0 | Time: 0.8328s
Record 201/1000 | Predicted: 0 | True: 0 | Time: 0.8080s
Record 202/1000 | Predicted: 0 | True: 0 | Time: 0.7929s
Record 203/1000 | Predicted: 0 | True: 0 | Time: 0.7968s
Record 204/1000 | Predicted: 0 | True: 0 | Time: 0.7928s
Record 205/1000 | Predicted: 0 | True: 0 | Time: 0.8104s
Record 206/1000 | Predicted: 0 | True: 0 | Time: 0.7945s
Record 207/1000 | Predicted: 0 | True: 0 | Time: 0.7746s
Record 208/1000 | Predicted: 0 | True: 0 | Time: 0.8084s
Record 209/1000 | Predicted: 0 | True: 0 | Time: 0.7808s
Record 210/1000 | Predicted: 0 | True: 0 | Time: 0.8120s
Record 211/1000 | Predicted: 0 | True: 1 | Time: 0.8498s
Record 212/1000 | Predicted: 0 | True: 0 | Time: 0.7933s
Record 213/1000 | Predicted: 0 | True: 0 | Time: 0.8360s
Record 214/1000 | Predicted: 0 | True: 0 | Time: 0.8257s
Record 215/1000 | Predicted: 0 | True: 0 | Time: 0.7952s
Record 216/1000 | Predicted: 0 | True: 1 | Time: 0.8492s
Record 217/1000 | Predicted: 0 | True: 0 | Time: 0.8214s
Record 218/1000 | Predicted: 0 | True: 0 | Time: 0.7745s
Record 219/1000 | Predicted: 0 | True: 0 | Time: 0.8285s
Record 220/1000 | Predicted: 0 | True: 0 | Time: 0.7748s
Record 221/1000 | Predicted: 0 | True: 0 | Time: 0.8485s
Record 222/1000 | Predicted: 0 | True: 0 | Time: 0.8066s
Record 223/1000 | Predicted: 0 | True: 0 | Time: 0.7811s
Record 224/1000 | Predicted: 0 | True: 0 | Time: 0.8168s
Record 225/1000 | Predicted: 0 | True: 0 | Time: 0.7823s
Record 226/1000 | Predicted: 0 | True: 0 | Time: 0.8322s
Record 227/1000 | Predicted: 0 | True: 0 | Time: 0.8219s
Record 228/1000 | Predicted: 0 | True: 0 | Time: 0.8146s
Record 229/1000 | Predicted: 0 | True: 0 | Time: 0.7972s
Record 230/1000 | Predicted: 0 | True: 0 | Time: 0.8089s
Record 231/1000 | Predicted: 0 | True: 0 | Time: 0.7921s
Record 232/1000 | Predicted: 0 | True: 0 | Time: 0.8111s
Record 233/1000 | Predicted: 0 | True: 0 | Time: 0.8073s
Record 234/1000 | Predicted: 0 | True: 0 | Time: 0.8065s
Record 235/1000 | Predicted: 0 | True: 0 | Time: 0.7943s
Record 236/1000 | Predicted: 0 | True: 0 | Time: 0.7908s
Record 237/1000 | Predicted: 0 | True: 0 | Time: 0.8156s
Record 238/1000 | Predicted: 0 | True: 0 | Time: 0.8065s
Record 239/1000 | Predicted: 0 | True: 0 | Time: 0.7940s
Record 240/1000 | Predicted: 0 | True: 0 | Time: 0.7810s
Record 241/1000 | Predicted: 0 | True: 0 | Time: 0.7882s
Record 242/1000 | Predicted: 0 | True: 0 | Time: 0.8086s
Record 243/1000 | Predicted: 0 | True: 0 | Time: 0.7828s
Record 244/1000 | Predicted: 0 | True: 0 | Time: 0.8172s
Record 245/1000 | Predicted: 0 | True: 0 | Time: 0.8066s
Record 246/1000 | Predicted: 0 | True: 0 | Time: 0.7889s
Record 247/1000 | Predicted: 0 | True: 0 | Time: 0.8135s
Record 248/1000 | Predicted: 0 | True: 0 | Time: 0.8012s
Record 249/1000 | Predicted: 0 | True: 0 | Time: 0.7855s
Record 250/1000 | Predicted: 0 | True: 0 | Time: 0.8087s
Record 251/1000 | Predicted: 0 | True: 0 | Time: 0.7972s
Record 252/1000 | Predicted: 0 | True: 0 | Time: 0.8218s
Record 253/1000 | Predicted: 0 | True: 0 | Time: 0.7987s
Record 254/1000 | Predicted: 0 | True: 0 | Time: 0.7995s
Record 255/1000 | Predicted: 0 | True: 0 | Time: 0.7963s
Record 256/1000 | Predicted: 0 | True: 0 | Time: 0.8022s
Record 257/1000 | Predicted: 0 | True: 0 | Time: 0.8123s
Record 258/1000 | Predicted: 0 | True: 0 | Time: 0.8025s
Record 259/1000 | Predicted: 0 | True: 0 | Time: 0.7879s
Record 260/1000 | Predicted: 0 | True: 0 | Time: 0.8044s
Record 261/1000 | Predicted: 0 | True: 0 | Time: 0.7876s
Record 262/1000 | Predicted: 0 | True: 0 | Time: 0.8187s
Record 263/1000 | Predicted: 0 | True: 0 | Time: 0.8141s
Record 264/1000 | Predicted: 0 | True: 0 | Time: 0.8092s
Record 265/1000 | Predicted: 0 | True: 0 | Time: 0.7923s
Record 266/1000 | Predicted: 0 | True: 0 | Time: 0.7935s
Record 267/1000 | Predicted: 0 | True: 0 | Time: 0.8349s
Record 268/1000 | Predicted: 0 | True: 0 | Time: 0.7922s
Record 269/1000 | Predicted: 0 | True: 0 | Time: 0.8060s
Record 270/1000 | Predicted: 0 | True: 0 | Time: 0.8101s
Record 271/1000 | Predicted: 0 | True: 0 | Time: 0.7966s
Record 272/1000 | Predicted: 0 | True: 0 | Time: 0.8093s
Record 273/1000 | Predicted: 0 | True: 0 | Time: 0.8324s
Record 274/1000 | Predicted: 0 | True: 0 | Time: 0.7861s
Record 275/1000 | Predicted: 0 | True: 0 | Time: 0.7826s
Record 276/1000 | Predicted: 0 | True: 0 | Time: 0.7886s
Record 277/1000 | Predicted: 0 | True: 0 | Time: 0.8172s
Record 278/1000 | Predicted: 0 | True: 0 | Time: 0.8063s
Record 279/1000 | Predicted: 0 | True: 0 | Time: 0.7849s
Record 280/1000 | Predicted: 0 | True: 0 | Time: 0.7895s
Record 281/1000 | Predicted: 0 | True: 0 | Time: 0.7887s
Record 282/1000 | Predicted: 0 | True: 0 | Time: 0.8238s
Record 283/1000 | Predicted: 0 | True: 0 | Time: 0.8591s
Record 284/1000 | Predicted: 0 | True: 0 | Time: 0.8216s
Record 285/1000 | Predicted: 0 | True: 0 | Time: 0.8244s
Record 286/1000 | Predicted: 0 | True: 0 | Time: 0.7897s
Record 287/1000 | Predicted: 0 | True: 0 | Time: 0.8258s
Record 288/1000 | Predicted: 0 | True: 0 | Time: 0.8429s
Record 289/1000 | Predicted: 0 | True: 1 | Time: 0.8262s
Record 290/1000 | Predicted: 0 | True: 0 | Time: 0.7842s
Record 291/1000 | Predicted: 0 | True: 0 | Time: 0.8168s
Record 292/1000 | Predicted: 0 | True: 0 | Time: 0.7949s
Record 293/1000 | Predicted: 0 | True: 0 | Time: 0.8667s
Record 294/1000 | Predicted: 0 | True: 0 | Time: 0.8056s
Record 295/1000 | Predicted: 0 | True: 0 | Time: 0.7982s
Record 296/1000 | Predicted: 0 | True: 1 | Time: 0.8113s
Record 297/1000 | Predicted: 0 | True: 0 | Time: 0.7812s
Record 298/1000 | Predicted: 0 | True: 0 | Time: 0.8003s
Record 299/1000 | Predicted: 0 | True: 0 | Time: 0.8096s
Record 300/1000 | Predicted: 0 | True: 0 | Time: 0.8155s
Record 301/1000 | Predicted: 0 | True: 0 | Time: 0.8141s
Record 302/1000 | Predicted: 0 | True: 0 | Time: 0.8279s
Record 303/1000 | Predicted: 0 | True: 0 | Time: 0.7977s
Record 304/1000 | Predicted: 0 | True: 0 | Time: 0.8029s
Record 305/1000 | Predicted: 0 | True: 0 | Time: 0.7938s
Record 306/1000 | Predicted: 0 | True: 0 | Time: 0.7976s
Record 307/1000 | Predicted: 0 | True: 0 | Time: 0.7923s
Record 308/1000 | Predicted: 0 | True: 0 | Time: 0.7974s
Record 309/1000 | Predicted: 0 | True: 0 | Time: 0.8138s
Record 310/1000 | Predicted: 0 | True: 0 | Time: 0.8634s
Record 311/1000 | Predicted: 0 | True: 0 | Time: 0.8042s
Record 312/1000 | Predicted: 0 | True: 0 | Time: 0.8329s
Record 313/1000 | Predicted: 0 | True: 0 | Time: 0.7911s
Record 314/1000 | Predicted: 0 | True: 0 | Time: 0.8150s
Record 315/1000 | Predicted: 0 | True: 0 | Time: 0.7911s
Record 316/1000 | Predicted: 0 | True: 0 | Time: 0.7790s
Record 317/1000 | Predicted: 0 | True: 0 | Time: 0.8407s
Record 318/1000 | Predicted: 0 | True: 0 | Time: 0.8389s
Record 319/1000 | Predicted: 0 | True: 0 | Time: 0.7772s
Record 320/1000 | Predicted: 0 | True: 0 | Time: 0.7925s
Record 321/1000 | Predicted: 0 | True: 1 | Time: 0.7988s
Record 322/1000 | Predicted: 0 | True: 0 | Time: 0.8069s
Record 323/1000 | Predicted: 0 | True: 0 | Time: 0.8113s
Record 324/1000 | Predicted: 0 | True: 0 | Time: 0.8011s
Record 325/1000 | Predicted: 0 | True: 0 | Time: 0.8410s
Record 326/1000 | Predicted: 0 | True: 0 | Time: 0.8325s
Record 327/1000 | Predicted: 0 | True: 0 | Time: 0.8031s
Record 328/1000 | Predicted: 0 | True: 0 | Time: 0.8019s
Record 329/1000 | Predicted: 0 | True: 0 | Time: 0.7985s
Record 330/1000 | Predicted: 0 | True: 0 | Time: 0.7839s
Record 331/1000 | Predicted: 0 | True: 0 | Time: 0.8263s
Record 332/1000 | Predicted: 0 | True: 0 | Time: 0.7924s
Record 333/1000 | Predicted: 0 | True: 0 | Time: 0.8032s
Record 334/1000 | Predicted: 0 | True: 0 | Time: 0.8124s
Record 335/1000 | Predicted: 0 | True: 1 | Time: 0.8003s
Record 336/1000 | Predicted: 0 | True: 0 | Time: 0.8344s
Record 337/1000 | Predicted: 0 | True: 0 | Time: 0.8227s
Record 338/1000 | Predicted: 0 | True: 0 | Time: 0.7909s
Record 339/1000 | Predicted: 0 | True: 0 | Time: 0.8109s
Record 340/1000 | Predicted: 0 | True: 0 | Time: 0.7975s
Record 341/1000 | Predicted: 0 | True: 0 | Time: 0.8340s
Record 342/1000 | Predicted: 0 | True: 0 | Time: 0.8150s
Record 343/1000 | Predicted: 0 | True: 0 | Time: 0.7777s
Record 344/1000 | Predicted: 0 | True: 0 | Time: 0.8179s
Record 345/1000 | Predicted: 0 | True: 0 | Time: 0.8090s
Record 346/1000 | Predicted: 0 | True: 0 | Time: 0.8208s
Record 347/1000 | Predicted: 0 | True: 0 | Time: 0.8052s
Record 348/1000 | Predicted: 0 | True: 0 | Time: 0.7963s
Record 349/1000 | Predicted: 0 | True: 0 | Time: 0.7790s
Record 350/1000 | Predicted: 0 | True: 0 | Time: 0.7911s
Record 351/1000 | Predicted: 0 | True: 0 | Time: 0.8042s
Record 352/1000 | Predicted: 0 | True: 0 | Time: 0.8022s
Record 353/1000 | Predicted: 0 | True: 0 | Time: 0.7848s
Record 354/1000 | Predicted: 0 | True: 0 | Time: 0.8154s
Record 355/1000 | Predicted: 0 | True: 0 | Time: 0.7830s
Record 356/1000 | Predicted: 0 | True: 0 | Time: 0.8213s
Record 357/1000 | Predicted: 0 | True: 0 | Time: 0.8040s
Record 358/1000 | Predicted: 0 | True: 0 | Time: 0.7894s
Record 359/1000 | Predicted: 0 | True: 0 | Time: 0.8123s
Record 360/1000 | Predicted: 0 | True: 0 | Time: 0.8049s
Record 361/1000 | Predicted: 0 | True: 0 | Time: 0.7893s
Record 362/1000 | Predicted: 0 | True: 0 | Time: 0.8270s
Record 363/1000 | Predicted: 0 | True: 0 | Time: 0.8264s
Record 364/1000 | Predicted: 0 | True: 0 | Time: 0.7977s
Record 365/1000 | Predicted: 0 | True: 0 | Time: 0.7807s
Record 366/1000 | Predicted: 0 | True: 0 | Time: 0.8047s
Record 367/1000 | Predicted: 0 | True: 0 | Time: 0.8115s
Record 368/1000 | Predicted: 0 | True: 0 | Time: 0.7862s
Record 369/1000 | Predicted: 0 | True: 0 | Time: 0.8026s
Record 370/1000 | Predicted: 0 | True: 0 | Time: 0.7808s
Record 371/1000 | Predicted: 0 | True: 0 | Time: 0.7868s
Record 372/1000 | Predicted: 0 | True: 0 | Time: 0.8099s
Record 373/1000 | Predicted: 0 | True: 0 | Time: 0.7874s
Record 374/1000 | Predicted: 0 | True: 1 | Time: 0.8222s
Record 375/1000 | Predicted: 0 | True: 0 | Time: 0.7814s
Record 376/1000 | Predicted: 0 | True: 0 | Time: 0.7873s
Record 377/1000 | Predicted: 0 | True: 0 | Time: 0.8224s
Record 378/1000 | Predicted: 0 | True: 0 | Time: 0.7776s
Record 379/1000 | Predicted: 0 | True: 0 | Time: 0.7835s
Record 380/1000 | Predicted: 0 | True: 0 | Time: 0.8135s
Record 381/1000 | Predicted: 0 | True: 0 | Time: 0.7812s
Record 382/1000 | Predicted: 0 | True: 0 | Time: 0.8206s
Record 383/1000 | Predicted: 0 | True: 0 | Time: 0.7936s
Record 384/1000 | Predicted: 0 | True: 0 | Time: 0.8365s
Record 385/1000 | Predicted: 0 | True: 0 | Time: 0.7933s
Record 386/1000 | Predicted: 0 | True: 0 | Time: 0.8438s
Record 387/1000 | Predicted: 0 | True: 0 | Time: 0.8076s
Record 388/1000 | Predicted: 0 | True: 0 | Time: 0.8038s
Record 389/1000 | Predicted: 0 | True: 0 | Time: 0.8036s
Record 390/1000 | Predicted: 0 | True: 0 | Time: 0.7964s
Record 391/1000 | Predicted: 0 | True: 0 | Time: 0.8128s
Record 392/1000 | Predicted: 0 | True: 0 | Time: 0.8023s
Record 393/1000 | Predicted: 0 | True: 0 | Time: 0.8202s
Record 394/1000 | Predicted: 0 | True: 0 | Time: 0.7918s
Record 395/1000 | Predicted: 0 | True: 0 | Time: 0.8147s
Record 396/1000 | Predicted: 0 | True: 0 | Time: 0.8170s
Record 397/1000 | Predicted: 0 | True: 0 | Time: 0.8158s
Record 398/1000 | Predicted: 0 | True: 0 | Time: 0.8099s
Record 399/1000 | Predicted: 0 | True: 0 | Time: 0.7843s
Record 400/1000 | Predicted: 0 | True: 0 | Time: 0.8196s
Record 401/1000 | Predicted: 0 | True: 0 | Time: 0.7999s
Record 402/1000 | Predicted: 0 | True: 0 | Time: 0.8054s
Record 403/1000 | Predicted: 0 | True: 0 | Time: 0.8156s
Record 404/1000 | Predicted: 0 | True: 0 | Time: 0.7904s
Record 405/1000 | Predicted: 0 | True: 0 | Time: 0.7988s
Record 406/1000 | Predicted: 0 | True: 0 | Time: 0.7833s
Record 407/1000 | Predicted: 0 | True: 0 | Time: 0.8085s
Record 408/1000 | Predicted: 0 | True: 0 | Time: 0.8117s
Record 409/1000 | Predicted: 0 | True: 1 | Time: 0.8178s
Record 410/1000 | Predicted: 0 | True: 0 | Time: 0.8200s
Record 411/1000 | Predicted: 0 | True: 0 | Time: 0.7970s
Record 412/1000 | Predicted: 0 | True: 0 | Time: 0.7805s
Record 413/1000 | Predicted: 0 | True: 0 | Time: 0.8392s
Record 414/1000 | Predicted: 0 | True: 0 | Time: 0.7986s
Record 415/1000 | Predicted: 0 | True: 0 | Time: 0.8098s
Record 416/1000 | Predicted: 0 | True: 0 | Time: 0.8326s
Record 417/1000 | Predicted: 0 | True: 0 | Time: 0.8043s
Record 418/1000 | Predicted: 0 | True: 0 | Time: 0.8474s
Record 419/1000 | Predicted: 0 | True: 0 | Time: 0.8313s
Record 420/1000 | Predicted: 0 | True: 0 | Time: 0.8268s
Record 421/1000 | Predicted: 0 | True: 0 | Time: 0.8341s
Record 422/1000 | Predicted: 0 | True: 0 | Time: 0.8000s
Record 423/1000 | Predicted: 0 | True: 0 | Time: 0.7866s
Record 424/1000 | Predicted: 0 | True: 0 | Time: 0.8314s
Record 425/1000 | Predicted: 0 | True: 0 | Time: 0.8216s
Record 426/1000 | Predicted: 0 | True: 0 | Time: 0.7891s
Record 427/1000 | Predicted: 0 | True: 0 | Time: 0.8004s
Record 428/1000 | Predicted: 0 | True: 0 | Time: 0.7977s
Record 429/1000 | Predicted: 0 | True: 0 | Time: 0.8235s
Record 430/1000 | Predicted: 0 | True: 0 | Time: 0.8032s
Record 431/1000 | Predicted: 0 | True: 0 | Time: 0.7753s
Record 432/1000 | Predicted: 0 | True: 0 | Time: 0.7958s
Record 433/1000 | Predicted: 0 | True: 0 | Time: 0.7762s
Record 434/1000 | Predicted: 0 | True: 0 | Time: 0.8370s
Record 435/1000 | Predicted: 0 | True: 0 | Time: 0.8246s
Record 436/1000 | Predicted: 0 | True: 0 | Time: 0.7865s
Record 437/1000 | Predicted: 0 | True: 0 | Time: 0.8288s
Record 438/1000 | Predicted: 0 | True: 0 | Time: 0.7916s
Record 439/1000 | Predicted: 0 | True: 0 | Time: 0.8285s
Record 440/1000 | Predicted: 0 | True: 0 | Time: 0.8367s
Record 441/1000 | Predicted: 0 | True: 0 | Time: 0.7981s
Record 442/1000 | Predicted: 0 | True: 0 | Time: 0.8027s
Record 443/1000 | Predicted: 0 | True: 0 | Time: 0.7961s
Record 444/1000 | Predicted: 0 | True: 1 | Time: 0.8008s
Record 445/1000 | Predicted: 0 | True: 0 | Time: 0.8098s
Record 446/1000 | Predicted: 0 | True: 0 | Time: 0.7931s
Record 447/1000 | Predicted: 0 | True: 0 | Time: 0.8123s
Record 448/1000 | Predicted: 0 | True: 0 | Time: 0.7862s
Record 449/1000 | Predicted: 0 | True: 0 | Time: 0.8084s
Record 450/1000 | Predicted: 0 | True: 0 | Time: 0.8163s
Record 451/1000 | Predicted: 0 | True: 0 | Time: 0.8149s
Record 452/1000 | Predicted: 0 | True: 0 | Time: 0.8198s
Record 453/1000 | Predicted: 0 | True: 0 | Time: 0.8000s
Record 454/1000 | Predicted: 0 | True: 0 | Time: 0.7876s
Record 455/1000 | Predicted: 0 | True: 0 | Time: 0.8121s
Record 456/1000 | Predicted: 0 | True: 0 | Time: 0.8015s
Record 457/1000 | Predicted: 0 | True: 0 | Time: 0.7956s
Record 458/1000 | Predicted: 0 | True: 0 | Time: 0.7864s
Record 459/1000 | Predicted: 0 | True: 0 | Time: 0.7910s
Record 460/1000 | Predicted: 0 | True: 0 | Time: 0.7963s
Record 461/1000 | Predicted: 0 | True: 0 | Time: 0.8384s
Record 462/1000 | Predicted: 0 | True: 0 | Time: 0.7840s
Record 463/1000 | Predicted: 0 | True: 0 | Time: 0.8100s
Record 464/1000 | Predicted: 0 | True: 0 | Time: 0.8121s
Record 465/1000 | Predicted: 0 | True: 0 | Time: 0.8431s
Record 466/1000 | Predicted: 0 | True: 0 | Time: 0.8202s
Record 467/1000 | Predicted: 0 | True: 0 | Time: 0.8343s
Record 468/1000 | Predicted: 0 | True: 0 | Time: 0.8125s
Record 469/1000 | Predicted: 0 | True: 0 | Time: 0.8210s
Record 470/1000 | Predicted: 0 | True: 0 | Time: 0.8028s
Record 471/1000 | Predicted: 0 | True: 0 | Time: 0.8430s
Record 472/1000 | Predicted: 0 | True: 0 | Time: 0.8539s
Record 473/1000 | Predicted: 0 | True: 0 | Time: 0.7992s
Record 474/1000 | Predicted: 0 | True: 0 | Time: 0.8179s
Record 475/1000 | Predicted: 0 | True: 0 | Time: 0.7971s
Record 476/1000 | Predicted: 1 | True: 0 | Time: 0.8043s
Record 477/1000 | Predicted: 0 | True: 0 | Time: 0.8043s
Record 478/1000 | Predicted: 0 | True: 0 | Time: 0.8013s
Record 479/1000 | Predicted: 0 | True: 0 | Time: 0.8110s
Record 480/1000 | Predicted: 0 | True: 0 | Time: 0.8145s
Record 481/1000 | Predicted: 0 | True: 0 | Time: 0.8335s
Record 482/1000 | Predicted: 0 | True: 0 | Time: 0.8259s
Record 483/1000 | Predicted: 0 | True: 0 | Time: 0.8097s
Record 484/1000 | Predicted: 0 | True: 0 | Time: 0.7673s
Record 485/1000 | Predicted: 0 | True: 0 | Time: 0.7881s
Record 486/1000 | Predicted: 0 | True: 0 | Time: 0.8136s
Record 487/1000 | Predicted: 0 | True: 0 | Time: 0.8151s
Record 488/1000 | Predicted: 0 | True: 0 | Time: 0.8257s
Record 489/1000 | Predicted: 0 | True: 0 | Time: 0.7979s
Record 490/1000 | Predicted: 0 | True: 0 | Time: 0.8221s
Record 491/1000 | Predicted: 0 | True: 0 | Time: 0.7809s
Record 492/1000 | Predicted: 0 | True: 0 | Time: 0.8057s
Record 493/1000 | Predicted: 0 | True: 0 | Time: 0.8156s
Record 494/1000 | Predicted: 0 | True: 0 | Time: 0.8248s
Record 495/1000 | Predicted: 0 | True: 0 | Time: 0.8228s
Record 496/1000 | Predicted: 0 | True: 0 | Time: 0.8020s
Record 497/1000 | Predicted: 0 | True: 0 | Time: 0.8123s
Record 498/1000 | Predicted: 0 | True: 0 | Time: 0.7856s
Record 499/1000 | Predicted: 0 | True: 0 | Time: 0.8030s
Record 500/1000 | Predicted: 0 | True: 0 | Time: 0.8009s
Record 501/1000 | Predicted: 0 | True: 0 | Time: 0.7936s
Record 502/1000 | Predicted: 0 | True: 0 | Time: 0.8132s
Record 503/1000 | Predicted: 0 | True: 0 | Time: 0.8143s
Record 504/1000 | Predicted: 0 | True: 0 | Time: 0.7823s
Record 505/1000 | Predicted: 0 | True: 0 | Time: 0.7965s
Record 506/1000 | Predicted: 0 | True: 0 | Time: 0.8167s
Record 507/1000 | Predicted: 0 | True: 0 | Time: 0.8167s
Record 508/1000 | Predicted: 0 | True: 0 | Time: 0.8378s
Record 509/1000 | Predicted: 0 | True: 0 | Time: 0.8272s
Record 510/1000 | Predicted: 0 | True: 0 | Time: 0.7955s
Record 511/1000 | Predicted: 0 | True: 0 | Time: 0.8082s
Record 512/1000 | Predicted: 0 | True: 0 | Time: 0.7852s
Record 513/1000 | Predicted: 0 | True: 0 | Time: 0.8094s
Record 514/1000 | Predicted: 0 | True: 0 | Time: 0.8007s
Record 515/1000 | Predicted: 0 | True: 0 | Time: 0.7967s
Record 516/1000 | Predicted: 0 | True: 0 | Time: 0.7966s
Record 517/1000 | Predicted: 0 | True: 0 | Time: 0.7905s
Record 518/1000 | Predicted: 0 | True: 0 | Time: 0.8000s
Record 519/1000 | Predicted: 0 | True: 0 | Time: 0.8171s
Record 520/1000 | Predicted: 0 | True: 0 | Time: 0.7826s
Record 521/1000 | Predicted: 0 | True: 0 | Time: 0.8025s
Record 522/1000 | Predicted: 0 | True: 0 | Time: 0.7941s
Record 523/1000 | Predicted: 0 | True: 0 | Time: 0.7924s
Record 524/1000 | Predicted: 0 | True: 0 | Time: 0.8521s
Record 525/1000 | Predicted: 0 | True: 0 | Time: 0.8117s
Record 526/1000 | Predicted: 0 | True: 0 | Time: 0.7909s
Record 527/1000 | Predicted: 0 | True: 1 | Time: 0.8000s
Record 528/1000 | Predicted: 0 | True: 0 | Time: 0.7942s
Record 529/1000 | Predicted: 0 | True: 0 | Time: 0.8060s
Record 530/1000 | Predicted: 0 | True: 0 | Time: 0.8252s
Record 531/1000 | Predicted: 0 | True: 0 | Time: 0.8036s
Record 532/1000 | Predicted: 0 | True: 0 | Time: 0.8149s
Record 533/1000 | Predicted: 0 | True: 0 | Time: 0.8107s
Record 534/1000 | Predicted: 0 | True: 0 | Time: 0.7933s
Record 535/1000 | Predicted: 0 | True: 0 | Time: 0.7877s
Record 536/1000 | Predicted: 0 | True: 0 | Time: 0.7866s
Record 537/1000 | Predicted: 0 | True: 0 | Time: 0.7905s
Record 538/1000 | Predicted: 0 | True: 0 | Time: 0.8187s
Record 539/1000 | Predicted: 0 | True: 0 | Time: 0.8043s
Record 540/1000 | Predicted: 0 | True: 0 | Time: 0.8013s
Record 541/1000 | Predicted: 0 | True: 0 | Time: 0.7978s
Record 542/1000 | Predicted: 0 | True: 0 | Time: 0.7859s
Record 543/1000 | Predicted: 0 | True: 0 | Time: 0.8547s
Record 544/1000 | Predicted: 0 | True: 0 | Time: 0.7945s
Record 545/1000 | Predicted: 0 | True: 1 | Time: 0.8092s
Record 546/1000 | Predicted: 0 | True: 0 | Time: 0.7800s
Record 547/1000 | Predicted: 0 | True: 0 | Time: 0.7861s
Record 548/1000 | Predicted: 0 | True: 0 | Time: 0.8384s
Record 549/1000 | Predicted: 0 | True: 0 | Time: 0.8096s
Record 550/1000 | Predicted: 0 | True: 0 | Time: 0.7825s
Record 551/1000 | Predicted: 0 | True: 0 | Time: 0.7977s
Record 552/1000 | Predicted: 0 | True: 0 | Time: 0.7831s
Record 553/1000 | Predicted: 0 | True: 0 | Time: 0.8043s
Record 554/1000 | Predicted: 0 | True: 1 | Time: 0.8126s
Record 555/1000 | Predicted: 0 | True: 0 | Time: 0.7857s
Record 556/1000 | Predicted: 0 | True: 0 | Time: 0.7979s
Record 557/1000 | Predicted: 0 | True: 0 | Time: 0.8145s
Record 558/1000 | Predicted: 0 | True: 0 | Time: 0.7843s
Record 559/1000 | Predicted: 0 | True: 0 | Time: 0.7860s
Record 560/1000 | Predicted: 0 | True: 0 | Time: 0.8162s
Record 561/1000 | Predicted: 0 | True: 0 | Time: 0.7844s
Record 562/1000 | Predicted: 0 | True: 0 | Time: 0.7860s
Record 563/1000 | Predicted: 0 | True: 0 | Time: 0.8117s
Record 564/1000 | Predicted: 0 | True: 0 | Time: 0.7912s
Record 565/1000 | Predicted: 0 | True: 0 | Time: 0.8291s
Record 566/1000 | Predicted: 0 | True: 0 | Time: 0.7816s
Record 567/1000 | Predicted: 0 | True: 0 | Time: 0.7844s
Record 568/1000 | Predicted: 0 | True: 0 | Time: 0.8148s
Record 569/1000 | Predicted: 0 | True: 0 | Time: 0.8040s
Record 570/1000 | Predicted: 0 | True: 0 | Time: 0.8018s
Record 571/1000 | Predicted: 0 | True: 0 | Time: 0.7987s
Record 572/1000 | Predicted: 0 | True: 0 | Time: 0.7995s
Record 573/1000 | Predicted: 0 | True: 0 | Time: 0.7914s
Record 574/1000 | Predicted: 0 | True: 0 | Time: 0.8026s
Record 575/1000 | Predicted: 0 | True: 0 | Time: 0.7888s
Record 576/1000 | Predicted: 0 | True: 0 | Time: 0.8156s
Record 577/1000 | Predicted: 0 | True: 0 | Time: 0.7984s
Record 578/1000 | Predicted: 0 | True: 0 | Time: 0.8086s
Record 579/1000 | Predicted: 0 | True: 0 | Time: 0.8077s
Record 580/1000 | Predicted: 0 | True: 0 | Time: 0.7982s
Record 581/1000 | Predicted: 0 | True: 0 | Time: 0.8480s
Record 582/1000 | Predicted: 0 | True: 0 | Time: 0.8098s
Record 583/1000 | Predicted: 0 | True: 0 | Time: 0.7844s
Record 584/1000 | Predicted: 0 | True: 0 | Time: 0.8075s
Record 585/1000 | Predicted: 0 | True: 0 | Time: 0.7913s
Record 586/1000 | Predicted: 0 | True: 0 | Time: 0.8177s
Record 587/1000 | Predicted: 0 | True: 0 | Time: 0.7715s
Record 588/1000 | Predicted: 0 | True: 0 | Time: 0.7829s
Record 589/1000 | Predicted: 0 | True: 0 | Time: 0.7988s
Record 590/1000 | Predicted: 0 | True: 0 | Time: 0.7987s
Record 591/1000 | Predicted: 0 | True: 0 | Time: 0.7927s
Record 592/1000 | Predicted: 0 | True: 0 | Time: 0.7820s
Record 593/1000 | Predicted: 0 | True: 0 | Time: 0.7862s
Record 594/1000 | Predicted: 0 | True: 0 | Time: 0.8094s
Record 595/1000 | Predicted: 0 | True: 0 | Time: 0.7918s
Record 596/1000 | Predicted: 0 | True: 1 | Time: 0.8002s
Record 597/1000 | Predicted: 0 | True: 1 | Time: 0.8145s
Record 598/1000 | Predicted: 0 | True: 0 | Time: 0.8236s
Record 599/1000 | Predicted: 0 | True: 0 | Time: 0.7941s
Record 600/1000 | Predicted: 0 | True: 0 | Time: 0.7985s
Record 601/1000 | Predicted: 0 | True: 0 | Time: 0.8242s
Record 602/1000 | Predicted: 0 | True: 0 | Time: 0.7995s
Record 603/1000 | Predicted: 0 | True: 0 | Time: 0.7939s
Record 604/1000 | Predicted: 0 | True: 0 | Time: 0.8182s
Record 605/1000 | Predicted: 0 | True: 0 | Time: 0.8018s
Record 606/1000 | Predicted: 0 | True: 0 | Time: 0.8113s
Record 607/1000 | Predicted: 0 | True: 0 | Time: 0.7786s
Record 608/1000 | Predicted: 0 | True: 0 | Time: 0.7870s
Record 609/1000 | Predicted: 0 | True: 0 | Time: 0.7980s
Record 610/1000 | Predicted: 0 | True: 0 | Time: 0.7904s
Record 611/1000 | Predicted: 0 | True: 0 | Time: 0.8403s
Record 612/1000 | Predicted: 0 | True: 0 | Time: 0.8086s
Record 613/1000 | Predicted: 0 | True: 0 | Time: 0.8045s
Record 614/1000 | Predicted: 0 | True: 0 | Time: 0.8176s
Record 615/1000 | Predicted: 0 | True: 0 | Time: 0.8280s
Record 616/1000 | Predicted: 0 | True: 0 | Time: 0.8544s
Record 617/1000 | Predicted: 0 | True: 0 | Time: 0.8279s
Record 618/1000 | Predicted: 0 | True: 0 | Time: 0.7987s
Record 619/1000 | Predicted: 0 | True: 0 | Time: 0.7917s
Record 620/1000 | Predicted: 0 | True: 0 | Time: 0.8071s
Record 621/1000 | Predicted: 0 | True: 1 | Time: 0.7938s
Record 622/1000 | Predicted: 0 | True: 0 | Time: 0.8174s
Record 623/1000 | Predicted: 0 | True: 0 | Time: 0.7842s
Record 624/1000 | Predicted: 0 | True: 0 | Time: 0.7850s
Record 625/1000 | Predicted: 0 | True: 0 | Time: 0.7961s
Record 626/1000 | Predicted: 0 | True: 0 | Time: 0.8255s
Record 627/1000 | Predicted: 0 | True: 0 | Time: 0.7970s
Record 628/1000 | Predicted: 0 | True: 1 | Time: 0.8177s
Record 629/1000 | Predicted: 0 | True: 0 | Time: 0.8090s
Record 630/1000 | Predicted: 0 | True: 0 | Time: 0.8247s
Record 631/1000 | Predicted: 0 | True: 1 | Time: 0.8023s
Record 632/1000 | Predicted: 0 | True: 0 | Time: 0.8036s
Record 633/1000 | Predicted: 0 | True: 0 | Time: 0.7999s
Record 634/1000 | Predicted: 0 | True: 0 | Time: 0.7912s
Record 635/1000 | Predicted: 0 | True: 0 | Time: 0.8152s
Record 636/1000 | Predicted: 0 | True: 0 | Time: 0.8321s
Record 637/1000 | Predicted: 0 | True: 0 | Time: 0.7933s
Record 638/1000 | Predicted: 0 | True: 0 | Time: 0.8011s
Record 639/1000 | Predicted: 0 | True: 0 | Time: 0.7913s
Record 640/1000 | Predicted: 0 | True: 0 | Time: 0.8198s
Record 641/1000 | Predicted: 0 | True: 0 | Time: 0.8039s
Record 642/1000 | Predicted: 0 | True: 0 | Time: 0.8016s
Record 643/1000 | Predicted: 0 | True: 0 | Time: 0.7821s
Record 644/1000 | Predicted: 0 | True: 0 | Time: 0.8341s
Record 645/1000 | Predicted: 0 | True: 0 | Time: 0.8125s
Record 646/1000 | Predicted: 0 | True: 0 | Time: 0.8060s
Record 647/1000 | Predicted: 0 | True: 0 | Time: 0.7950s
Record 648/1000 | Predicted: 0 | True: 0 | Time: 0.7837s
Record 649/1000 | Predicted: 0 | True: 1 | Time: 0.7705s
Record 650/1000 | Predicted: 0 | True: 0 | Time: 0.8177s
Record 651/1000 | Predicted: 0 | True: 0 | Time: 0.8361s
Record 652/1000 | Predicted: 0 | True: 0 | Time: 0.7984s
Record 653/1000 | Predicted: 0 | True: 0 | Time: 0.8054s
Record 654/1000 | Predicted: 0 | True: 0 | Time: 0.8201s
Record 655/1000 | Predicted: 0 | True: 0 | Time: 0.7991s
Record 656/1000 | Predicted: 0 | True: 1 | Time: 0.8485s
Record 657/1000 | Predicted: 0 | True: 0 | Time: 0.8388s
Record 658/1000 | Predicted: 0 | True: 0 | Time: 0.8318s
Record 659/1000 | Predicted: 0 | True: 1 | Time: 0.8110s
Record 660/1000 | Predicted: 0 | True: 0 | Time: 0.8017s
Record 661/1000 | Predicted: 0 | True: 0 | Time: 0.8096s
Record 662/1000 | Predicted: 0 | True: 0 | Time: 0.8054s
Record 663/1000 | Predicted: 0 | True: 0 | Time: 0.8017s
Record 664/1000 | Predicted: 0 | True: 0 | Time: 0.7892s
Record 665/1000 | Predicted: 0 | True: 0 | Time: 0.7807s
Record 666/1000 | Predicted: 0 | True: 0 | Time: 0.8230s
Record 667/1000 | Predicted: 0 | True: 0 | Time: 0.8170s
Record 668/1000 | Predicted: 0 | True: 0 | Time: 0.8224s
Record 669/1000 | Predicted: 0 | True: 0 | Time: 0.7933s
Record 670/1000 | Predicted: 0 | True: 0 | Time: 0.8071s
Record 671/1000 | Predicted: 0 | True: 0 | Time: 0.8028s
Record 672/1000 | Predicted: 0 | True: 0 | Time: 0.8174s
Record 673/1000 | Predicted: 0 | True: 0 | Time: 0.8158s
Record 674/1000 | Predicted: 0 | True: 0 | Time: 0.8278s
Record 675/1000 | Predicted: 0 | True: 0 | Time: 0.8133s
Record 676/1000 | Predicted: 0 | True: 0 | Time: 0.8011s
Record 677/1000 | Predicted: 0 | True: 0 | Time: 0.8007s
Record 678/1000 | Predicted: 0 | True: 0 | Time: 0.8253s
Record 679/1000 | Predicted: 0 | True: 0 | Time: 0.8090s
Record 680/1000 | Predicted: 0 | True: 0 | Time: 0.7847s
Record 681/1000 | Predicted: 0 | True: 0 | Time: 0.7798s
Record 682/1000 | Predicted: 0 | True: 0 | Time: 0.7976s
Record 683/1000 | Predicted: 0 | True: 0 | Time: 0.7980s
Record 684/1000 | Predicted: 0 | True: 0 | Time: 0.8067s
Record 685/1000 | Predicted: 0 | True: 0 | Time: 0.8005s
Record 686/1000 | Predicted: 0 | True: 0 | Time: 0.7822s
Record 687/1000 | Predicted: 0 | True: 0 | Time: 0.8152s
Record 688/1000 | Predicted: 0 | True: 0 | Time: 0.7843s
Record 689/1000 | Predicted: 0 | True: 0 | Time: 0.8250s
Record 690/1000 | Predicted: 0 | True: 0 | Time: 0.7998s
Record 691/1000 | Predicted: 0 | True: 0 | Time: 0.7979s
Record 692/1000 | Predicted: 0 | True: 0 | Time: 0.8025s
Record 693/1000 | Predicted: 0 | True: 0 | Time: 0.8077s
Record 694/1000 | Predicted: 0 | True: 0 | Time: 0.8437s
Record 695/1000 | Predicted: 0 | True: 0 | Time: 0.8065s
Record 696/1000 | Predicted: 0 | True: 0 | Time: 0.7877s
Record 697/1000 | Predicted: 0 | True: 0 | Time: 0.7940s
Record 698/1000 | Predicted: 0 | True: 0 | Time: 0.8249s
Record 699/1000 | Predicted: 0 | True: 0 | Time: 0.8101s
Record 700/1000 | Predicted: 0 | True: 0 | Time: 0.8211s
Record 701/1000 | Predicted: 0 | True: 0 | Time: 0.8080s
Record 702/1000 | Predicted: 0 | True: 0 | Time: 0.7967s
Record 703/1000 | Predicted: 0 | True: 0 | Time: 0.8095s
Record 704/1000 | Predicted: 0 | True: 0 | Time: 0.7942s
Record 705/1000 | Predicted: 0 | True: 0 | Time: 0.8072s
Record 706/1000 | Predicted: 0 | True: 0 | Time: 0.7909s
Record 707/1000 | Predicted: 0 | True: 0 | Time: 0.7877s
Record 708/1000 | Predicted: 0 | True: 0 | Time: 0.8130s
Record 709/1000 | Predicted: 0 | True: 0 | Time: 0.8369s
Record 710/1000 | Predicted: 0 | True: 0 | Time: 0.8027s
Record 711/1000 | Predicted: 0 | True: 0 | Time: 0.8065s
Record 712/1000 | Predicted: 0 | True: 0 | Time: 0.7868s
Record 713/1000 | Predicted: 0 | True: 0 | Time: 0.7980s
Record 714/1000 | Predicted: 0 | True: 0 | Time: 0.8070s
Record 715/1000 | Predicted: 0 | True: 0 | Time: 0.7919s
Record 716/1000 | Predicted: 0 | True: 0 | Time: 0.8091s
Record 717/1000 | Predicted: 0 | True: 0 | Time: 0.7754s
Record 718/1000 | Predicted: 0 | True: 0 | Time: 0.8167s
Record 719/1000 | Predicted: 0 | True: 0 | Time: 0.7951s
Record 720/1000 | Predicted: 0 | True: 0 | Time: 0.7894s
Record 721/1000 | Predicted: 0 | True: 0 | Time: 0.7896s
Record 722/1000 | Predicted: 0 | True: 1 | Time: 0.7944s
Record 723/1000 | Predicted: 0 | True: 0 | Time: 0.7977s
Record 724/1000 | Predicted: 0 | True: 0 | Time: 0.8014s
Record 725/1000 | Predicted: 0 | True: 0 | Time: 0.8418s
Record 726/1000 | Predicted: 0 | True: 0 | Time: 0.8046s
Record 727/1000 | Predicted: 0 | True: 0 | Time: 0.8873s
Record 728/1000 | Predicted: 0 | True: 0 | Time: 0.9326s
Record 729/1000 | Predicted: 0 | True: 0 | Time: 0.8016s
Record 730/1000 | Predicted: 0 | True: 0 | Time: 0.8292s
Record 731/1000 | Predicted: 0 | True: 0 | Time: 0.7760s
Record 732/1000 | Predicted: 0 | True: 0 | Time: 0.7725s
Record 733/1000 | Predicted: 0 | True: 0 | Time: 0.8000s
Record 734/1000 | Predicted: 0 | True: 0 | Time: 0.7889s
Record 735/1000 | Predicted: 0 | True: 0 | Time: 0.8306s
Record 736/1000 | Predicted: 0 | True: 0 | Time: 0.8141s
Record 737/1000 | Predicted: 0 | True: 0 | Time: 0.7856s
Record 738/1000 | Predicted: 0 | True: 0 | Time: 0.7836s
Record 739/1000 | Predicted: 0 | True: 0 | Time: 0.8014s
Record 740/1000 | Predicted: 0 | True: 0 | Time: 0.8286s
Record 741/1000 | Predicted: 0 | True: 0 | Time: 0.8248s
Record 742/1000 | Predicted: 0 | True: 0 | Time: 0.8171s
Record 743/1000 | Predicted: 0 | True: 0 | Time: 0.7887s
Record 744/1000 | Predicted: 0 | True: 0 | Time: 0.8016s
Record 745/1000 | Predicted: 0 | True: 0 | Time: 0.7931s
Record 746/1000 | Predicted: 0 | True: 0 | Time: 0.7957s
Record 747/1000 | Predicted: 0 | True: 0 | Time: 0.7906s
Record 748/1000 | Predicted: 0 | True: 0 | Time: 0.8103s
Record 749/1000 | Predicted: 0 | True: 0 | Time: 0.7973s
Record 750/1000 | Predicted: 0 | True: 0 | Time: 0.8069s
Record 751/1000 | Predicted: 0 | True: 0 | Time: 0.7799s
Record 752/1000 | Predicted: 0 | True: 0 | Time: 0.7706s
Record 753/1000 | Predicted: 0 | True: 0 | Time: 0.8067s
Record 754/1000 | Predicted: 0 | True: 0 | Time: 0.8089s
Record 755/1000 | Predicted: 0 | True: 0 | Time: 0.8145s
Record 756/1000 | Predicted: 0 | True: 0 | Time: 0.8097s
Record 757/1000 | Predicted: 0 | True: 0 | Time: 0.8040s
Record 758/1000 | Predicted: 0 | True: 0 | Time: 0.7786s
Record 759/1000 | Predicted: 0 | True: 0 | Time: 0.7934s
Record 760/1000 | Predicted: 0 | True: 0 | Time: 0.8140s
Record 761/1000 | Predicted: 0 | True: 0 | Time: 0.8248s
Record 762/1000 | Predicted: 0 | True: 0 | Time: 0.8119s
Record 763/1000 | Predicted: 0 | True: 0 | Time: 0.8032s
Record 764/1000 | Predicted: 0 | True: 0 | Time: 0.7805s
Record 765/1000 | Predicted: 0 | True: 0 | Time: 0.8253s
Record 766/1000 | Predicted: 0 | True: 0 | Time: 0.8139s
Record 767/1000 | Predicted: 0 | True: 0 | Time: 0.8344s
Record 768/1000 | Predicted: 0 | True: 0 | Time: 0.8096s
Record 769/1000 | Predicted: 0 | True: 1 | Time: 0.7867s
Record 770/1000 | Predicted: 0 | True: 0 | Time: 0.8054s
Record 771/1000 | Predicted: 0 | True: 0 | Time: 0.8202s
Record 772/1000 | Predicted: 0 | True: 0 | Time: 0.8159s
Record 773/1000 | Predicted: 0 | True: 1 | Time: 0.7928s
Record 774/1000 | Predicted: 0 | True: 0 | Time: 0.7757s
Record 775/1000 | Predicted: 0 | True: 0 | Time: 0.8149s
Record 776/1000 | Predicted: 0 | True: 0 | Time: 0.8248s
Record 777/1000 | Predicted: 0 | True: 0 | Time: 0.8103s
Record 778/1000 | Predicted: 0 | True: 0 | Time: 0.7884s
Record 779/1000 | Predicted: 0 | True: 0 | Time: 0.7829s
Record 780/1000 | Predicted: 0 | True: 0 | Time: 0.8283s
Record 781/1000 | Predicted: 0 | True: 0 | Time: 0.8224s
Record 782/1000 | Predicted: 0 | True: 0 | Time: 0.8240s
Record 783/1000 | Predicted: 0 | True: 0 | Time: 0.8275s
Record 784/1000 | Predicted: 0 | True: 0 | Time: 0.7967s
Record 785/1000 | Predicted: 0 | True: 0 | Time: 0.7921s
Record 786/1000 | Predicted: 0 | True: 0 | Time: 0.7883s
Record 787/1000 | Predicted: 0 | True: 0 | Time: 0.8101s
Record 788/1000 | Predicted: 0 | True: 0 | Time: 0.8223s
Record 789/1000 | Predicted: 0 | True: 0 | Time: 0.7836s
Record 790/1000 | Predicted: 0 | True: 0 | Time: 0.7821s
Record 791/1000 | Predicted: 0 | True: 0 | Time: 0.8054s
Record 792/1000 | Predicted: 0 | True: 0 | Time: 0.7951s
Record 793/1000 | Predicted: 0 | True: 0 | Time: 0.8046s
Record 794/1000 | Predicted: 0 | True: 0 | Time: 0.7782s
Record 795/1000 | Predicted: 0 | True: 0 | Time: 0.7965s
Record 796/1000 | Predicted: 0 | True: 0 | Time: 0.8185s
Record 797/1000 | Predicted: 0 | True: 0 | Time: 0.8243s
Record 798/1000 | Predicted: 0 | True: 0 | Time: 0.8329s
Record 799/1000 | Predicted: 0 | True: 0 | Time: 0.8130s
Record 800/1000 | Predicted: 0 | True: 0 | Time: 0.7929s
Record 801/1000 | Predicted: 0 | True: 0 | Time: 0.7903s
Record 802/1000 | Predicted: 0 | True: 0 | Time: 0.7895s
Record 803/1000 | Predicted: 0 | True: 0 | Time: 0.7994s
Record 804/1000 | Predicted: 0 | True: 0 | Time: 0.8057s
Record 805/1000 | Predicted: 1 | True: 1 | Time: 0.7799s
Record 806/1000 | Predicted: 0 | True: 0 | Time: 0.8022s
Record 807/1000 | Predicted: 0 | True: 0 | Time: 0.8132s
Record 808/1000 | Predicted: 0 | True: 0 | Time: 0.8368s
Record 809/1000 | Predicted: 0 | True: 0 | Time: 0.8016s
Record 810/1000 | Predicted: 0 | True: 0 | Time: 0.7812s
Record 811/1000 | Predicted: 0 | True: 0 | Time: 0.8377s
Record 812/1000 | Predicted: 0 | True: 0 | Time: 0.8394s
Record 813/1000 | Predicted: 0 | True: 0 | Time: 0.7745s
Record 814/1000 | Predicted: 0 | True: 0 | Time: 0.8143s
Record 815/1000 | Predicted: 1 | True: 1 | Time: 0.7819s
Record 816/1000 | Predicted: 0 | True: 0 | Time: 0.8223s
Record 817/1000 | Predicted: 0 | True: 0 | Time: 0.8241s
Record 818/1000 | Predicted: 0 | True: 0 | Time: 0.8206s
Record 819/1000 | Predicted: 0 | True: 0 | Time: 0.8033s
Record 820/1000 | Predicted: 0 | True: 0 | Time: 0.7800s
Record 821/1000 | Predicted: 0 | True: 0 | Time: 0.8122s
Record 822/1000 | Predicted: 0 | True: 0 | Time: 0.8075s
Record 823/1000 | Predicted: 0 | True: 1 | Time: 0.8076s
Record 824/1000 | Predicted: 0 | True: 0 | Time: 0.7875s
Record 825/1000 | Predicted: 0 | True: 0 | Time: 0.7856s
Record 826/1000 | Predicted: 0 | True: 0 | Time: 0.7946s
Record 827/1000 | Predicted: 0 | True: 0 | Time: 0.8059s
Record 828/1000 | Predicted: 0 | True: 0 | Time: 0.8173s
Record 829/1000 | Predicted: 0 | True: 1 | Time: 0.8229s
Record 830/1000 | Predicted: 0 | True: 0 | Time: 0.7995s
Record 831/1000 | Predicted: 0 | True: 0 | Time: 0.8016s
Record 832/1000 | Predicted: 0 | True: 0 | Time: 0.8079s
Record 833/1000 | Predicted: 0 | True: 0 | Time: 0.8406s
Record 834/1000 | Predicted: 0 | True: 0 | Time: 0.8083s
Record 835/1000 | Predicted: 0 | True: 0 | Time: 0.7979s
Record 836/1000 | Predicted: 0 | True: 1 | Time: 0.8094s
Record 837/1000 | Predicted: 0 | True: 0 | Time: 0.7719s
Record 838/1000 | Predicted: 0 | True: 0 | Time: 0.8036s
Record 839/1000 | Predicted: 0 | True: 0 | Time: 0.7921s
Record 840/1000 | Predicted: 0 | True: 0 | Time: 0.7938s
Record 841/1000 | Predicted: 0 | True: 0 | Time: 0.7838s
Record 842/1000 | Predicted: 0 | True: 0 | Time: 0.8074s
Record 843/1000 | Predicted: 0 | True: 0 | Time: 0.8244s
Record 844/1000 | Predicted: 0 | True: 0 | Time: 0.7920s
Record 845/1000 | Predicted: 0 | True: 0 | Time: 0.7796s
Record 846/1000 | Predicted: 0 | True: 0 | Time: 0.7768s
Record 847/1000 | Predicted: 0 | True: 0 | Time: 0.8219s
Record 848/1000 | Predicted: 0 | True: 0 | Time: 0.8104s
Record 849/1000 | Predicted: 0 | True: 0 | Time: 0.7953s
Record 850/1000 | Predicted: 0 | True: 0 | Time: 0.7885s
Record 851/1000 | Predicted: 0 | True: 0 | Time: 0.7786s
Record 852/1000 | Predicted: 0 | True: 0 | Time: 0.8096s
Record 853/1000 | Predicted: 0 | True: 0 | Time: 0.8405s
Record 854/1000 | Predicted: 0 | True: 0 | Time: 0.7963s
Record 855/1000 | Predicted: 0 | True: 0 | Time: 0.7974s
Record 856/1000 | Predicted: 0 | True: 0 | Time: 0.7870s
Record 857/1000 | Predicted: 0 | True: 0 | Time: 0.7851s
Record 858/1000 | Predicted: 0 | True: 0 | Time: 0.8402s
Record 859/1000 | Predicted: 0 | True: 0 | Time: 0.7938s
Record 860/1000 | Predicted: 0 | True: 0 | Time: 0.7777s
Record 861/1000 | Predicted: 0 | True: 0 | Time: 0.7829s
Record 862/1000 | Predicted: 0 | True: 0 | Time: 0.8001s
Record 863/1000 | Predicted: 0 | True: 0 | Time: 0.8476s
Record 864/1000 | Predicted: 0 | True: 0 | Time: 0.8125s
Record 865/1000 | Predicted: 0 | True: 0 | Time: 0.8019s
Record 866/1000 | Predicted: 0 | True: 0 | Time: 0.8018s
Record 867/1000 | Predicted: 0 | True: 0 | Time: 0.8037s
Record 868/1000 | Predicted: 0 | True: 0 | Time: 0.8268s
Record 869/1000 | Predicted: 0 | True: 0 | Time: 0.8071s
Record 870/1000 | Predicted: 0 | True: 0 | Time: 0.7955s
Record 871/1000 | Predicted: 0 | True: 1 | Time: 0.7850s
Record 872/1000 | Predicted: 0 | True: 0 | Time: 0.7933s
Record 873/1000 | Predicted: 0 | True: 0 | Time: 0.8020s
Record 874/1000 | Predicted: 0 | True: 0 | Time: 0.8083s
Record 875/1000 | Predicted: 0 | True: 0 | Time: 0.8321s
Record 876/1000 | Predicted: 0 | True: 0 | Time: 0.7872s
Record 877/1000 | Predicted: 0 | True: 0 | Time: 0.7671s
Record 878/1000 | Predicted: 0 | True: 0 | Time: 0.7866s
Record 879/1000 | Predicted: 0 | True: 0 | Time: 0.7960s
Record 880/1000 | Predicted: 0 | True: 0 | Time: 0.8015s
Record 881/1000 | Predicted: 0 | True: 0 | Time: 0.7945s
Record 882/1000 | Predicted: 0 | True: 0 | Time: 0.7825s
Record 883/1000 | Predicted: 0 | True: 0 | Time: 0.8067s
Record 884/1000 | Predicted: 0 | True: 0 | Time: 0.8201s
Record 885/1000 | Predicted: 0 | True: 0 | Time: 0.8212s
Record 886/1000 | Predicted: 0 | True: 0 | Time: 0.7974s
Record 887/1000 | Predicted: 0 | True: 1 | Time: 0.7846s
Record 888/1000 | Predicted: 0 | True: 0 | Time: 0.8409s
Record 889/1000 | Predicted: 0 | True: 0 | Time: 0.7989s
Record 890/1000 | Predicted: 0 | True: 0 | Time: 0.7891s
Record 891/1000 | Predicted: 0 | True: 0 | Time: 0.7955s
Record 892/1000 | Predicted: 0 | True: 0 | Time: 0.7846s
Record 893/1000 | Predicted: 0 | True: 0 | Time: 0.8099s
Record 894/1000 | Predicted: 0 | True: 0 | Time: 0.8006s
Record 895/1000 | Predicted: 0 | True: 0 | Time: 0.8015s
Record 896/1000 | Predicted: 0 | True: 1 | Time: 0.7968s
Record 897/1000 | Predicted: 0 | True: 0 | Time: 0.8091s
Record 898/1000 | Predicted: 0 | True: 0 | Time: 0.8235s
Record 899/1000 | Predicted: 0 | True: 0 | Time: 0.8012s
Record 900/1000 | Predicted: 0 | True: 0 | Time: 0.8090s
Record 901/1000 | Predicted: 0 | True: 0 | Time: 0.7931s
Record 902/1000 | Predicted: 0 | True: 0 | Time: 0.7696s
Record 903/1000 | Predicted: 0 | True: 0 | Time: 0.8019s
Record 904/1000 | Predicted: 0 | True: 0 | Time: 0.8042s
Record 905/1000 | Predicted: 0 | True: 0 | Time: 0.7963s
Record 906/1000 | Predicted: 0 | True: 0 | Time: 0.8507s
Record 907/1000 | Predicted: 0 | True: 0 | Time: 0.7838s
Record 908/1000 | Predicted: 0 | True: 0 | Time: 0.8203s
Record 909/1000 | Predicted: 0 | True: 1 | Time: 0.8272s
Record 910/1000 | Predicted: 0 | True: 0 | Time: 0.7806s
Record 911/1000 | Predicted: 0 | True: 0 | Time: 0.8119s
Record 912/1000 | Predicted: 0 | True: 0 | Time: 0.8246s
Record 913/1000 | Predicted: 0 | True: 0 | Time: 0.8155s
Record 914/1000 | Predicted: 0 | True: 0 | Time: 0.8081s
Record 915/1000 | Predicted: 0 | True: 0 | Time: 0.7750s
Record 916/1000 | Predicted: 0 | True: 0 | Time: 0.7812s
Record 917/1000 | Predicted: 0 | True: 0 | Time: 0.8106s
Record 918/1000 | Predicted: 0 | True: 0 | Time: 0.7969s
Record 919/1000 | Predicted: 0 | True: 0 | Time: 0.8301s
Record 920/1000 | Predicted: 0 | True: 0 | Time: 0.7927s
Record 921/1000 | Predicted: 0 | True: 0 | Time: 0.7998s
Record 922/1000 | Predicted: 0 | True: 0 | Time: 0.7868s
Record 923/1000 | Predicted: 0 | True: 0 | Time: 0.8161s
Record 924/1000 | Predicted: 0 | True: 0 | Time: 0.8042s
Record 925/1000 | Predicted: 0 | True: 0 | Time: 0.8097s
Record 926/1000 | Predicted: 0 | True: 0 | Time: 0.8016s
Record 927/1000 | Predicted: 0 | True: 0 | Time: 0.8348s
Record 928/1000 | Predicted: 0 | True: 0 | Time: 0.7997s
Record 929/1000 | Predicted: 0 | True: 0 | Time: 0.7966s
Record 930/1000 | Predicted: 0 | True: 0 | Time: 0.8063s
Record 931/1000 | Predicted: 0 | True: 0 | Time: 0.8300s
Record 932/1000 | Predicted: 0 | True: 0 | Time: 0.8120s
Record 933/1000 | Predicted: 0 | True: 0 | Time: 0.7990s
Record 934/1000 | Predicted: 0 | True: 0 | Time: 0.7911s
Record 935/1000 | Predicted: 0 | True: 0 | Time: 0.8355s
Record 936/1000 | Predicted: 0 | True: 0 | Time: 0.7796s
Record 937/1000 | Predicted: 0 | True: 0 | Time: 0.7879s
Record 938/1000 | Predicted: 0 | True: 0 | Time: 0.7737s
Record 939/1000 | Predicted: 0 | True: 0 | Time: 0.8491s
Record 940/1000 | Predicted: 0 | True: 0 | Time: 0.8411s
Record 941/1000 | Predicted: 0 | True: 0 | Time: 0.8489s
Record 942/1000 | Predicted: 0 | True: 0 | Time: 0.7804s
Record 943/1000 | Predicted: 0 | True: 0 | Time: 0.8168s
Record 944/1000 | Predicted: 0 | True: 0 | Time: 0.7761s
Record 945/1000 | Predicted: 0 | True: 0 | Time: 0.8197s
Record 946/1000 | Predicted: 0 | True: 0 | Time: 0.8065s
Record 947/1000 | Predicted: 0 | True: 0 | Time: 0.8189s
Record 948/1000 | Predicted: 0 | True: 0 | Time: 0.8007s
Record 949/1000 | Predicted: 0 | True: 0 | Time: 0.7950s
Record 950/1000 | Predicted: 0 | True: 0 | Time: 0.8127s
Record 951/1000 | Predicted: 0 | True: 1 | Time: 0.8439s
Record 952/1000 | Predicted: 0 | True: 0 | Time: 0.7944s
Record 953/1000 | Predicted: 0 | True: 0 | Time: 0.7925s
Record 954/1000 | Predicted: 0 | True: 0 | Time: 0.7780s
Record 955/1000 | Predicted: 0 | True: 1 | Time: 0.7931s
Record 956/1000 | Predicted: 0 | True: 0 | Time: 0.7886s
Record 957/1000 | Predicted: 0 | True: 0 | Time: 0.7897s
Record 958/1000 | Predicted: 0 | True: 0 | Time: 0.8033s
Record 959/1000 | Predicted: 0 | True: 0 | Time: 0.7747s
Record 960/1000 | Predicted: 0 | True: 0 | Time: 0.8126s
Record 961/1000 | Predicted: 0 | True: 0 | Time: 0.8022s
Record 962/1000 | Predicted: 0 | True: 0 | Time: 0.7983s
Record 963/1000 | Predicted: 0 | True: 0 | Time: 0.7994s
Record 964/1000 | Predicted: 0 | True: 0 | Time: 0.7888s
Record 965/1000 | Predicted: 0 | True: 0 | Time: 0.8096s
Record 966/1000 | Predicted: 0 | True: 0 | Time: 0.7943s
Record 967/1000 | Predicted: 0 | True: 0 | Time: 0.8164s
Record 968/1000 | Predicted: 0 | True: 0 | Time: 0.8128s
Record 969/1000 | Predicted: 0 | True: 1 | Time: 0.7897s
Record 970/1000 | Predicted: 0 | True: 0 | Time: 0.8258s
Record 971/1000 | Predicted: 0 | True: 0 | Time: 0.8307s
Record 972/1000 | Predicted: 0 | True: 0 | Time: 0.7835s
Record 973/1000 | Predicted: 0 | True: 0 | Time: 0.7956s
Record 974/1000 | Predicted: 0 | True: 0 | Time: 0.7898s
Record 975/1000 | Predicted: 0 | True: 0 | Time: 0.8014s
Record 976/1000 | Predicted: 0 | True: 0 | Time: 0.8216s
Record 977/1000 | Predicted: 0 | True: 0 | Time: 0.8147s
Record 978/1000 | Predicted: 0 | True: 0 | Time: 0.8037s
Record 979/1000 | Predicted: 0 | True: 0 | Time: 0.7968s
Record 980/1000 | Predicted: 0 | True: 0 | Time: 0.8073s
Record 981/1000 | Predicted: 0 | True: 0 | Time: 0.8443s
Record 982/1000 | Predicted: 0 | True: 0 | Time: 0.8406s
Record 983/1000 | Predicted: 0 | True: 0 | Time: 0.8032s
Record 984/1000 | Predicted: 0 | True: 0 | Time: 0.8102s
Record 985/1000 | Predicted: 0 | True: 0 | Time: 0.7966s
Record 986/1000 | Predicted: 0 | True: 0 | Time: 0.8249s
Record 987/1000 | Predicted: 0 | True: 0 | Time: 0.8053s
Record 988/1000 | Predicted: 0 | True: 0 | Time: 0.7999s
Record 989/1000 | Predicted: 0 | True: 0 | Time: 0.8333s
Record 990/1000 | Predicted: 0 | True: 0 | Time: 0.7933s
Record 991/1000 | Predicted: 0 | True: 0 | Time: 0.7998s
Record 992/1000 | Predicted: 0 | True: 0 | Time: 0.8042s
Record 993/1000 | Predicted: 0 | True: 0 | Time: 0.7892s
Record 994/1000 | Predicted: 0 | True: 0 | Time: 0.8118s
Record 995/1000 | Predicted: 0 | True: 0 | Time: 0.8244s
Record 996/1000 | Predicted: 0 | True: 0 | Time: 0.7922s
Record 997/1000 | Predicted: 0 | True: 0 | Time: 0.8342s
Record 998/1000 | Predicted: 0 | True: 0 | Time: 0.7719s
Record 999/1000 | Predicted: 0 | True: 0 | Time: 0.7942s
Record 1000/1000 | Predicted: 0 | True: 0 | Time: 0.7843s

[STEP 4] Calculating final statistics...
[LOG] Current time: 2025-08-11 21:55:08 -03-0300

==================== INFERENCE SUMMARY ====================
Total records processed: 1000
   Total inference time: 806.1680 seconds
Mean inference time/record: 0.8062 seconds
=============================================================


==================== TESTING MODEL: estimators=4, depth=2, svd=100 ====================

Using cached SVD transformation for 100 components...
Final training data shape: (1794344, 100)
Final testing data shape: (448587, 100)
[LOG] Current time: 2025-08-11 21:55:08 -03-0300
--- FHE Prediction with Before & After Comparison ---

[STEP 1] Loading pre-compiled FHE circuit and preprocessor...

[STEP 2] Preparing and inspecting data on the CLIENT-SIDE before encryption...

[STEP 3] Processing all records...
Record 1/1000 | Predicted: 0 | True: 0 | Time: 0.9367s
Record 2/1000 | Predicted: 0 | True: 0 | Time: 0.9685s
Record 3/1000 | Predicted: 0 | True: 0 | Time: 0.9453s
Record 4/1000 | Predicted: 0 | True: 0 | Time: 0.9677s
Record 5/1000 | Predicted: 0 | True: 0 | Time: 0.9756s
Record 6/1000 | Predicted: 0 | True: 0 | Time: 0.9597s
Record 7/1000 | Predicted: 0 | True: 0 | Time: 0.9903s
Record 8/1000 | Predicted: 0 | True: 0 | Time: 0.9588s
Record 9/1000 | Predicted: 0 | True: 0 | Time: 0.9535s
Record 10/1000 | Predicted: 0 | True: 0 | Time: 0.9141s
Record 11/1000 | Predicted: 0 | True: 0 | Time: 0.9394s
Record 12/1000 | Predicted: 0 | True: 0 | Time: 0.9523s
Record 13/1000 | Predicted: 0 | True: 0 | Time: 0.9843s
Record 14/1000 | Predicted: 0 | True: 0 | Time: 0.9689s
Record 15/1000 | Predicted: 0 | True: 0 | Time: 0.9382s
Record 16/1000 | Predicted: 0 | True: 0 | Time: 0.9473s
Record 17/1000 | Predicted: 0 | True: 0 | Time: 0.9527s
Record 18/1000 | Predicted: 0 | True: 0 | Time: 0.9511s
Record 19/1000 | Predicted: 0 | True: 0 | Time: 0.9433s
Record 20/1000 | Predicted: 0 | True: 0 | Time: 0.9430s
Record 21/1000 | Predicted: 0 | True: 0 | Time: 0.9413s
Record 22/1000 | Predicted: 0 | True: 0 | Time: 0.9433s
Record 23/1000 | Predicted: 0 | True: 0 | Time: 0.9770s
Record 24/1000 | Predicted: 0 | True: 0 | Time: 0.9673s
Record 25/1000 | Predicted: 0 | True: 1 | Time: 0.9353s
Record 26/1000 | Predicted: 0 | True: 0 | Time: 0.9375s
Record 27/1000 | Predicted: 0 | True: 0 | Time: 0.9534s
Record 28/1000 | Predicted: 0 | True: 0 | Time: 0.9429s
Record 29/1000 | Predicted: 0 | True: 0 | Time: 0.9361s
Record 30/1000 | Predicted: 0 | True: 0 | Time: 0.9631s
Record 31/1000 | Predicted: 0 | True: 0 | Time: 0.9820s
Record 32/1000 | Predicted: 0 | True: 0 | Time: 0.9568s
Record 33/1000 | Predicted: 0 | True: 0 | Time: 0.9565s
Record 34/1000 | Predicted: 0 | True: 0 | Time: 0.9796s
Record 35/1000 | Predicted: 0 | True: 0 | Time: 0.9209s
Record 36/1000 | Predicted: 0 | True: 0 | Time: 0.9570s
Record 37/1000 | Predicted: 0 | True: 0 | Time: 0.9581s
Record 38/1000 | Predicted: 0 | True: 0 | Time: 0.9820s
Record 39/1000 | Predicted: 0 | True: 0 | Time: 0.9459s
Record 40/1000 | Predicted: 0 | True: 0 | Time: 0.9502s
Record 41/1000 | Predicted: 0 | True: 0 | Time: 0.9221s
Record 42/1000 | Predicted: 0 | True: 0 | Time: 0.9324s
Record 43/1000 | Predicted: 0 | True: 0 | Time: 0.9584s
Record 44/1000 | Predicted: 0 | True: 0 | Time: 0.9675s
Record 45/1000 | Predicted: 0 | True: 0 | Time: 0.9592s
Record 46/1000 | Predicted: 0 | True: 0 | Time: 0.9252s
Record 47/1000 | Predicted: 0 | True: 0 | Time: 0.9289s
Record 48/1000 | Predicted: 0 | True: 0 | Time: 0.9321s
Record 49/1000 | Predicted: 0 | True: 0 | Time: 0.9554s
Record 50/1000 | Predicted: 0 | True: 0 | Time: 0.9606s
Record 51/1000 | Predicted: 0 | True: 0 | Time: 0.9337s
Record 52/1000 | Predicted: 0 | True: 0 | Time: 0.9803s
Record 53/1000 | Predicted: 0 | True: 0 | Time: 0.9378s
Record 54/1000 | Predicted: 0 | True: 0 | Time: 0.9318s
Record 55/1000 | Predicted: 0 | True: 0 | Time: 0.9554s
Record 56/1000 | Predicted: 0 | True: 0 | Time: 0.9296s
Record 57/1000 | Predicted: 0 | True: 0 | Time: 0.9262s
Record 58/1000 | Predicted: 0 | True: 0 | Time: 0.9200s
Record 59/1000 | Predicted: 0 | True: 0 | Time: 0.9339s
Record 60/1000 | Predicted: 0 | True: 0 | Time: 0.9510s
Record 61/1000 | Predicted: 0 | True: 0 | Time: 0.9408s
Record 62/1000 | Predicted: 0 | True: 0 | Time: 0.9759s
Record 63/1000 | Predicted: 0 | True: 0 | Time: 0.9745s
Record 64/1000 | Predicted: 0 | True: 0 | Time: 0.9509s
Record 65/1000 | Predicted: 0 | True: 0 | Time: 0.9552s
Record 66/1000 | Predicted: 0 | True: 0 | Time: 0.9398s
Record 67/1000 | Predicted: 0 | True: 0 | Time: 0.9321s
Record 68/1000 | Predicted: 0 | True: 0 | Time: 0.9289s
Record 69/1000 | Predicted: 0 | True: 0 | Time: 0.9430s
Record 70/1000 | Predicted: 0 | True: 0 | Time: 0.9192s
Record 71/1000 | Predicted: 0 | True: 0 | Time: 0.9405s
Record 72/1000 | Predicted: 0 | True: 0 | Time: 0.9480s
Record 73/1000 | Predicted: 0 | True: 0 | Time: 0.9569s
Record 74/1000 | Predicted: 0 | True: 0 | Time: 0.9272s
Record 75/1000 | Predicted: 0 | True: 0 | Time: 0.9664s
Record 76/1000 | Predicted: 0 | True: 0 | Time: 0.9410s
Record 77/1000 | Predicted: 0 | True: 0 | Time: 0.9371s
Record 78/1000 | Predicted: 0 | True: 0 | Time: 0.9451s
Record 79/1000 | Predicted: 0 | True: 0 | Time: 0.9634s
Record 80/1000 | Predicted: 0 | True: 0 | Time: 0.9363s
Record 81/1000 | Predicted: 0 | True: 0 | Time: 0.9574s
Record 82/1000 | Predicted: 0 | True: 0 | Time: 0.9752s
Record 83/1000 | Predicted: 0 | True: 0 | Time: 0.9683s
Record 84/1000 | Predicted: 0 | True: 0 | Time: 0.9550s
Record 85/1000 | Predicted: 0 | True: 0 | Time: 0.9297s
Record 86/1000 | Predicted: 0 | True: 0 | Time: 0.9296s
Record 87/1000 | Predicted: 0 | True: 0 | Time: 0.9543s
Record 88/1000 | Predicted: 0 | True: 0 | Time: 0.9242s
Record 89/1000 | Predicted: 0 | True: 0 | Time: 0.9159s
Record 90/1000 | Predicted: 0 | True: 0 | Time: 0.9586s
Record 91/1000 | Predicted: 0 | True: 0 | Time: 0.9319s
Record 92/1000 | Predicted: 0 | True: 0 | Time: 0.9654s
Record 93/1000 | Predicted: 0 | True: 0 | Time: 0.9355s
Record 94/1000 | Predicted: 0 | True: 0 | Time: 0.9419s
Record 95/1000 | Predicted: 0 | True: 0 | Time: 0.9437s
Record 96/1000 | Predicted: 0 | True: 0 | Time: 0.9440s
Record 97/1000 | Predicted: 0 | True: 0 | Time: 0.9446s
Record 98/1000 | Predicted: 0 | True: 0 | Time: 0.9480s
Record 99/1000 | Predicted: 0 | True: 0 | Time: 0.9950s
Record 100/1000 | Predicted: 0 | True: 0 | Time: 0.9724s
Record 101/1000 | Predicted: 0 | True: 0 | Time: 0.9442s
Record 102/1000 | Predicted: 0 | True: 0 | Time: 0.9587s
Record 103/1000 | Predicted: 0 | True: 0 | Time: 0.9623s
Record 104/1000 | Predicted: 0 | True: 0 | Time: 0.9435s
Record 105/1000 | Predicted: 0 | True: 0 | Time: 0.9538s
Record 106/1000 | Predicted: 0 | True: 0 | Time: 0.9301s
Record 107/1000 | Predicted: 0 | True: 0 | Time: 0.9346s
Record 108/1000 | Predicted: 0 | True: 0 | Time: 0.9358s
Record 109/1000 | Predicted: 0 | True: 0 | Time: 0.9334s
Record 110/1000 | Predicted: 0 | True: 0 | Time: 0.9509s
Record 111/1000 | Predicted: 0 | True: 1 | Time: 0.9151s
Record 112/1000 | Predicted: 0 | True: 0 | Time: 0.9617s
Record 113/1000 | Predicted: 0 | True: 0 | Time: 0.9259s
Record 114/1000 | Predicted: 0 | True: 0 | Time: 0.9283s
Record 115/1000 | Predicted: 0 | True: 0 | Time: 0.9353s
Record 116/1000 | Predicted: 0 | True: 0 | Time: 0.9743s
Record 117/1000 | Predicted: 0 | True: 0 | Time: 0.9512s
Record 118/1000 | Predicted: 0 | True: 0 | Time: 0.9331s
Record 119/1000 | Predicted: 0 | True: 0 | Time: 0.9348s
Record 120/1000 | Predicted: 0 | True: 0 | Time: 0.9321s
Record 121/1000 | Predicted: 0 | True: 0 | Time: 0.9308s
Record 122/1000 | Predicted: 0 | True: 0 | Time: 0.9403s
Record 123/1000 | Predicted: 0 | True: 0 | Time: 0.9454s
Record 124/1000 | Predicted: 0 | True: 0 | Time: 0.9411s
Record 125/1000 | Predicted: 0 | True: 0 | Time: 0.9225s
Record 126/1000 | Predicted: 0 | True: 0 | Time: 0.9525s
Record 127/1000 | Predicted: 0 | True: 0 | Time: 0.9723s
Record 128/1000 | Predicted: 0 | True: 0 | Time: 0.9845s
Record 129/1000 | Predicted: 0 | True: 0 | Time: 0.9989s
Record 130/1000 | Predicted: 0 | True: 0 | Time: 0.9477s
Record 131/1000 | Predicted: 0 | True: 1 | Time: 0.9608s
Record 132/1000 | Predicted: 0 | True: 0 | Time: 0.9478s
Record 133/1000 | Predicted: 0 | True: 0 | Time: 0.9259s
Record 134/1000 | Predicted: 0 | True: 0 | Time: 0.9812s
Record 135/1000 | Predicted: 0 | True: 0 | Time: 0.9860s
Record 136/1000 | Predicted: 0 | True: 0 | Time: 0.9428s
Record 137/1000 | Predicted: 0 | True: 0 | Time: 0.9484s
Record 138/1000 | Predicted: 0 | True: 0 | Time: 0.9747s
Record 139/1000 | Predicted: 0 | True: 0 | Time: 0.9579s
Record 140/1000 | Predicted: 0 | True: 0 | Time: 0.9646s
Record 141/1000 | Predicted: 0 | True: 0 | Time: 0.9571s
Record 142/1000 | Predicted: 0 | True: 0 | Time: 0.9515s
Record 143/1000 | Predicted: 0 | True: 0 | Time: 0.9604s
Record 144/1000 | Predicted: 0 | True: 0 | Time: 0.9413s
Record 145/1000 | Predicted: 0 | True: 0 | Time: 0.9595s
Record 146/1000 | Predicted: 0 | True: 0 | Time: 0.9796s
Record 147/1000 | Predicted: 0 | True: 0 | Time: 0.9295s
Record 148/1000 | Predicted: 0 | True: 0 | Time: 0.9576s
Record 149/1000 | Predicted: 0 | True: 0 | Time: 0.9539s
Record 150/1000 | Predicted: 0 | True: 0 | Time: 0.9527s
Record 151/1000 | Predicted: 0 | True: 0 | Time: 0.9688s
Record 152/1000 | Predicted: 0 | True: 0 | Time: 0.9259s
Record 153/1000 | Predicted: 0 | True: 0 | Time: 0.9424s
Record 154/1000 | Predicted: 0 | True: 0 | Time: 0.9235s
Record 155/1000 | Predicted: 0 | True: 0 | Time: 0.9570s
Record 156/1000 | Predicted: 0 | True: 0 | Time: 0.9484s
Record 157/1000 | Predicted: 0 | True: 0 | Time: 0.9393s
Record 158/1000 | Predicted: 0 | True: 0 | Time: 0.9620s
Record 159/1000 | Predicted: 0 | True: 0 | Time: 0.9330s
Record 160/1000 | Predicted: 0 | True: 0 | Time: 0.9516s
Record 161/1000 | Predicted: 0 | True: 0 | Time: 0.9284s
Record 162/1000 | Predicted: 0 | True: 0 | Time: 0.9532s
Record 163/1000 | Predicted: 0 | True: 1 | Time: 0.9249s
Record 164/1000 | Predicted: 0 | True: 0 | Time: 0.9339s
Record 165/1000 | Predicted: 0 | True: 0 | Time: 0.9487s
Record 166/1000 | Predicted: 0 | True: 0 | Time: 0.9688s
Record 167/1000 | Predicted: 1 | True: 1 | Time: 0.9422s
Record 168/1000 | Predicted: 0 | True: 0 | Time: 0.9694s
Record 169/1000 | Predicted: 0 | True: 0 | Time: 0.9447s
Record 170/1000 | Predicted: 0 | True: 0 | Time: 0.9289s
Record 171/1000 | Predicted: 0 | True: 0 | Time: 0.9423s
Record 172/1000 | Predicted: 0 | True: 0 | Time: 0.9615s
Record 173/1000 | Predicted: 0 | True: 0 | Time: 0.9598s
Record 174/1000 | Predicted: 0 | True: 0 | Time: 0.9439s
Record 175/1000 | Predicted: 0 | True: 0 | Time: 0.9482s
Record 176/1000 | Predicted: 0 | True: 0 | Time: 0.9638s
Record 177/1000 | Predicted: 0 | True: 0 | Time: 0.9777s
Record 178/1000 | Predicted: 0 | True: 0 | Time: 0.9501s
Record 179/1000 | Predicted: 0 | True: 0 | Time: 0.9627s
Record 180/1000 | Predicted: 0 | True: 0 | Time: 0.9821s
Record 181/1000 | Predicted: 0 | True: 0 | Time: 0.9651s
Record 182/1000 | Predicted: 0 | True: 0 | Time: 0.9550s
Record 183/1000 | Predicted: 0 | True: 0 | Time: 0.9681s
Record 184/1000 | Predicted: 0 | True: 0 | Time: 0.9454s
Record 185/1000 | Predicted: 0 | True: 0 | Time: 0.9502s
Record 186/1000 | Predicted: 0 | True: 0 | Time: 0.9475s
Record 187/1000 | Predicted: 0 | True: 0 | Time: 0.9574s
Record 188/1000 | Predicted: 0 | True: 0 | Time: 0.9275s
Record 189/1000 | Predicted: 0 | True: 1 | Time: 0.9383s
Record 190/1000 | Predicted: 0 | True: 0 | Time: 0.9401s
Record 191/1000 | Predicted: 0 | True: 0 | Time: 0.9459s
Record 192/1000 | Predicted: 0 | True: 0 | Time: 0.9436s
Record 193/1000 | Predicted: 0 | True: 0 | Time: 0.9547s
Record 194/1000 | Predicted: 0 | True: 0 | Time: 0.9501s
Record 195/1000 | Predicted: 0 | True: 0 | Time: 0.9673s
Record 196/1000 | Predicted: 0 | True: 0 | Time: 0.9461s
Record 197/1000 | Predicted: 0 | True: 0 | Time: 0.9537s
Record 198/1000 | Predicted: 0 | True: 0 | Time: 0.9908s
Record 199/1000 | Predicted: 0 | True: 0 | Time: 0.9442s
Record 200/1000 | Predicted: 0 | True: 0 | Time: 0.9702s
Record 201/1000 | Predicted: 0 | True: 0 | Time: 0.9616s
Record 202/1000 | Predicted: 0 | True: 0 | Time: 0.9424s
Record 203/1000 | Predicted: 0 | True: 0 | Time: 0.9675s
Record 204/1000 | Predicted: 0 | True: 0 | Time: 0.9451s
Record 205/1000 | Predicted: 0 | True: 0 | Time: 0.9602s
Record 206/1000 | Predicted: 0 | True: 0 | Time: 0.9619s
Record 207/1000 | Predicted: 0 | True: 0 | Time: 0.9366s
Record 208/1000 | Predicted: 0 | True: 0 | Time: 0.9343s
Record 209/1000 | Predicted: 0 | True: 0 | Time: 0.9490s
Record 210/1000 | Predicted: 0 | True: 0 | Time: 0.9440s
Record 211/1000 | Predicted: 1 | True: 1 | Time: 0.9430s
Record 212/1000 | Predicted: 0 | True: 0 | Time: 0.9420s
Record 213/1000 | Predicted: 0 | True: 0 | Time: 0.9678s
Record 214/1000 | Predicted: 0 | True: 0 | Time: 0.9573s
Record 215/1000 | Predicted: 0 | True: 0 | Time: 0.9950s
Record 216/1000 | Predicted: 0 | True: 1 | Time: 0.9803s
Record 217/1000 | Predicted: 0 | True: 0 | Time: 0.9418s
Record 218/1000 | Predicted: 0 | True: 0 | Time: 0.9540s
Record 219/1000 | Predicted: 0 | True: 0 | Time: 0.9579s
Record 220/1000 | Predicted: 0 | True: 0 | Time: 0.9809s
Record 221/1000 | Predicted: 0 | True: 0 | Time: 0.9448s
Record 222/1000 | Predicted: 0 | True: 0 | Time: 0.9342s
Record 223/1000 | Predicted: 0 | True: 0 | Time: 0.9584s
Record 224/1000 | Predicted: 0 | True: 0 | Time: 0.9891s
Record 225/1000 | Predicted: 0 | True: 0 | Time: 0.9328s
Record 226/1000 | Predicted: 0 | True: 0 | Time: 0.9337s
Record 227/1000 | Predicted: 0 | True: 0 | Time: 0.9561s
Record 228/1000 | Predicted: 0 | True: 0 | Time: 0.9242s
Record 229/1000 | Predicted: 0 | True: 0 | Time: 0.9491s
Record 230/1000 | Predicted: 0 | True: 0 | Time: 0.9706s
Record 231/1000 | Predicted: 0 | True: 0 | Time: 0.9370s
Record 232/1000 | Predicted: 0 | True: 0 | Time: 0.9382s
Record 233/1000 | Predicted: 0 | True: 0 | Time: 0.9614s
Record 234/1000 | Predicted: 0 | True: 0 | Time: 0.9672s
Record 235/1000 | Predicted: 0 | True: 0 | Time: 0.9659s
Record 236/1000 | Predicted: 0 | True: 0 | Time: 0.9404s
Record 237/1000 | Predicted: 0 | True: 0 | Time: 0.9403s
Record 238/1000 | Predicted: 0 | True: 0 | Time: 0.9658s
Record 239/1000 | Predicted: 0 | True: 0 | Time: 0.9640s
Record 240/1000 | Predicted: 0 | True: 0 | Time: 0.9229s
Record 241/1000 | Predicted: 0 | True: 0 | Time: 0.9561s
Record 242/1000 | Predicted: 0 | True: 0 | Time: 0.9365s
Record 243/1000 | Predicted: 0 | True: 0 | Time: 0.9609s
Record 244/1000 | Predicted: 0 | True: 0 | Time: 0.9572s
Record 245/1000 | Predicted: 0 | True: 0 | Time: 0.9398s
Record 246/1000 | Predicted: 0 | True: 0 | Time: 0.9488s
Record 247/1000 | Predicted: 0 | True: 0 | Time: 0.9250s
Record 248/1000 | Predicted: 0 | True: 0 | Time: 0.9433s
Record 249/1000 | Predicted: 0 | True: 0 | Time: 0.9466s
Record 250/1000 | Predicted: 0 | True: 0 | Time: 0.9228s
Record 251/1000 | Predicted: 0 | True: 0 | Time: 0.9440s
Record 252/1000 | Predicted: 0 | True: 0 | Time: 0.9634s
Record 253/1000 | Predicted: 0 | True: 0 | Time: 0.9501s
Record 254/1000 | Predicted: 0 | True: 0 | Time: 0.9602s
Record 255/1000 | Predicted: 0 | True: 0 | Time: 0.9526s
Record 256/1000 | Predicted: 0 | True: 0 | Time: 0.9285s
Record 257/1000 | Predicted: 0 | True: 0 | Time: 0.9383s
Record 258/1000 | Predicted: 0 | True: 0 | Time: 0.9378s
Record 259/1000 | Predicted: 0 | True: 0 | Time: 0.9627s
Record 260/1000 | Predicted: 0 | True: 0 | Time: 0.9424s
Record 261/1000 | Predicted: 0 | True: 0 | Time: 0.9628s
Record 262/1000 | Predicted: 0 | True: 0 | Time: 0.9384s
Record 263/1000 | Predicted: 0 | True: 0 | Time: 0.9303s
Record 264/1000 | Predicted: 0 | True: 0 | Time: 0.9186s
Record 265/1000 | Predicted: 0 | True: 0 | Time: 0.9395s
Record 266/1000 | Predicted: 0 | True: 0 | Time: 0.9561s
Record 267/1000 | Predicted: 0 | True: 0 | Time: 0.9543s
Record 268/1000 | Predicted: 0 | True: 0 | Time: 0.9356s
Record 269/1000 | Predicted: 0 | True: 0 | Time: 0.9384s
Record 270/1000 | Predicted: 0 | True: 0 | Time: 0.9608s
Record 271/1000 | Predicted: 0 | True: 0 | Time: 0.9857s
Record 272/1000 | Predicted: 0 | True: 0 | Time: 0.9461s
Record 273/1000 | Predicted: 0 | True: 0 | Time: 0.9367s
Record 274/1000 | Predicted: 0 | True: 0 | Time: 0.9404s
Record 275/1000 | Predicted: 0 | True: 0 | Time: 0.9885s
Record 276/1000 | Predicted: 0 | True: 0 | Time: 0.9398s
Record 277/1000 | Predicted: 0 | True: 0 | Time: 0.9671s
Record 278/1000 | Predicted: 0 | True: 0 | Time: 0.9564s
Record 279/1000 | Predicted: 0 | True: 0 | Time: 0.9344s
Record 280/1000 | Predicted: 0 | True: 0 | Time: 0.9378s
Record 281/1000 | Predicted: 0 | True: 0 | Time: 0.9640s
Record 282/1000 | Predicted: 0 | True: 0 | Time: 0.9411s
Record 283/1000 | Predicted: 0 | True: 0 | Time: 0.9236s
Record 284/1000 | Predicted: 0 | True: 0 | Time: 0.9502s
Record 285/1000 | Predicted: 0 | True: 0 | Time: 0.9397s
Record 286/1000 | Predicted: 0 | True: 0 | Time: 0.9361s
Record 287/1000 | Predicted: 0 | True: 0 | Time: 0.9485s
Record 288/1000 | Predicted: 0 | True: 0 | Time: 0.9749s
Record 289/1000 | Predicted: 0 | True: 1 | Time: 0.9769s
Record 290/1000 | Predicted: 0 | True: 0 | Time: 0.9822s
Record 291/1000 | Predicted: 0 | True: 0 | Time: 0.9485s
Record 292/1000 | Predicted: 0 | True: 0 | Time: 0.9570s
Record 293/1000 | Predicted: 0 | True: 0 | Time: 0.9525s
Record 294/1000 | Predicted: 0 | True: 0 | Time: 0.9421s
Record 295/1000 | Predicted: 0 | True: 0 | Time: 0.9594s
Record 296/1000 | Predicted: 0 | True: 1 | Time: 0.9472s
Record 297/1000 | Predicted: 0 | True: 0 | Time: 0.9713s
Record 298/1000 | Predicted: 0 | True: 0 | Time: 0.9717s
Record 299/1000 | Predicted: 0 | True: 0 | Time: 0.9400s
Record 300/1000 | Predicted: 0 | True: 0 | Time: 0.9766s
Record 301/1000 | Predicted: 0 | True: 0 | Time: 0.9406s
Record 302/1000 | Predicted: 0 | True: 0 | Time: 0.9344s
Record 303/1000 | Predicted: 0 | True: 0 | Time: 0.9265s
Record 304/1000 | Predicted: 0 | True: 0 | Time: 0.9120s
Record 305/1000 | Predicted: 0 | True: 0 | Time: 0.9455s
Record 306/1000 | Predicted: 0 | True: 0 | Time: 0.9400s
Record 307/1000 | Predicted: 0 | True: 0 | Time: 0.9504s
Record 308/1000 | Predicted: 0 | True: 0 | Time: 0.9710s
Record 309/1000 | Predicted: 0 | True: 0 | Time: 0.9757s
Record 310/1000 | Predicted: 0 | True: 0 | Time: 0.9618s
Record 311/1000 | Predicted: 0 | True: 0 | Time: 0.9840s
Record 312/1000 | Predicted: 0 | True: 0 | Time: 0.9480s
Record 313/1000 | Predicted: 0 | True: 0 | Time: 0.9476s
Record 314/1000 | Predicted: 0 | True: 0 | Time: 0.9284s
Record 315/1000 | Predicted: 0 | True: 0 | Time: 0.9874s
Record 316/1000 | Predicted: 0 | True: 0 | Time: 0.9899s
Record 317/1000 | Predicted: 0 | True: 0 | Time: 0.9446s
Record 318/1000 | Predicted: 0 | True: 0 | Time: 0.9623s
Record 319/1000 | Predicted: 0 | True: 0 | Time: 0.9439s
Record 320/1000 | Predicted: 0 | True: 0 | Time: 0.9368s
Record 321/1000 | Predicted: 0 | True: 1 | Time: 0.9696s
Record 322/1000 | Predicted: 0 | True: 0 | Time: 0.9466s
Record 323/1000 | Predicted: 0 | True: 0 | Time: 0.9272s
Record 324/1000 | Predicted: 0 | True: 0 | Time: 0.9629s
Record 325/1000 | Predicted: 0 | True: 0 | Time: 0.9413s
Record 326/1000 | Predicted: 0 | True: 0 | Time: 0.9434s
Record 327/1000 | Predicted: 0 | True: 0 | Time: 0.9546s
Record 328/1000 | Predicted: 0 | True: 0 | Time: 0.9306s
Record 329/1000 | Predicted: 0 | True: 0 | Time: 0.9507s
Record 330/1000 | Predicted: 0 | True: 0 | Time: 0.9600s
Record 331/1000 | Predicted: 0 | True: 0 | Time: 0.9665s
Record 332/1000 | Predicted: 0 | True: 0 | Time: 0.9208s
Record 333/1000 | Predicted: 0 | True: 0 | Time: 0.9631s
Record 334/1000 | Predicted: 0 | True: 0 | Time: 0.9518s
Record 335/1000 | Predicted: 0 | True: 1 | Time: 0.9722s
Record 336/1000 | Predicted: 0 | True: 0 | Time: 0.9575s
Record 337/1000 | Predicted: 0 | True: 0 | Time: 0.9471s
Record 338/1000 | Predicted: 0 | True: 0 | Time: 0.9652s
Record 339/1000 | Predicted: 0 | True: 0 | Time: 0.9381s
Record 340/1000 | Predicted: 0 | True: 0 | Time: 0.9551s
Record 341/1000 | Predicted: 0 | True: 0 | Time: 0.9293s
Record 342/1000 | Predicted: 0 | True: 0 | Time: 0.9224s
Record 343/1000 | Predicted: 0 | True: 0 | Time: 0.9327s
Record 344/1000 | Predicted: 0 | True: 0 | Time: 0.9424s
Record 345/1000 | Predicted: 0 | True: 0 | Time: 0.9454s
Record 346/1000 | Predicted: 0 | True: 0 | Time: 0.9379s
Record 347/1000 | Predicted: 0 | True: 0 | Time: 0.9404s
Record 348/1000 | Predicted: 0 | True: 0 | Time: 0.9540s
Record 349/1000 | Predicted: 0 | True: 0 | Time: 0.9335s
Record 350/1000 | Predicted: 0 | True: 0 | Time: 0.9307s
Record 351/1000 | Predicted: 0 | True: 0 | Time: 0.9453s
Record 352/1000 | Predicted: 0 | True: 0 | Time: 0.9624s
Record 353/1000 | Predicted: 0 | True: 0 | Time: 0.9420s
Record 354/1000 | Predicted: 0 | True: 0 | Time: 0.9601s
Record 355/1000 | Predicted: 0 | True: 0 | Time: 0.9599s
Record 356/1000 | Predicted: 0 | True: 0 | Time: 0.9686s
Record 357/1000 | Predicted: 0 | True: 0 | Time: 0.9655s
Record 358/1000 | Predicted: 0 | True: 0 | Time: 0.9313s
Record 359/1000 | Predicted: 0 | True: 0 | Time: 0.9533s
Record 360/1000 | Predicted: 0 | True: 0 | Time: 0.9323s
Record 361/1000 | Predicted: 0 | True: 0 | Time: 0.9403s
Record 362/1000 | Predicted: 0 | True: 0 | Time: 0.9584s
Record 363/1000 | Predicted: 0 | True: 0 | Time: 0.9290s
Record 364/1000 | Predicted: 0 | True: 0 | Time: 0.9447s
Record 365/1000 | Predicted: 0 | True: 0 | Time: 0.9701s
Record 366/1000 | Predicted: 0 | True: 0 | Time: 0.9513s
Record 367/1000 | Predicted: 0 | True: 0 | Time: 0.9575s
Record 368/1000 | Predicted: 0 | True: 0 | Time: 0.9451s
Record 369/1000 | Predicted: 0 | True: 0 | Time: 0.9588s
Record 370/1000 | Predicted: 0 | True: 0 | Time: 0.9443s
Record 371/1000 | Predicted: 0 | True: 0 | Time: 0.9584s
Record 372/1000 | Predicted: 0 | True: 0 | Time: 0.9649s
Record 373/1000 | Predicted: 0 | True: 0 | Time: 0.9438s
Record 374/1000 | Predicted: 0 | True: 1 | Time: 0.9604s
Record 375/1000 | Predicted: 0 | True: 0 | Time: 0.9426s
Record 376/1000 | Predicted: 0 | True: 0 | Time: 0.9744s
Record 377/1000 | Predicted: 0 | True: 0 | Time: 0.9507s
Record 378/1000 | Predicted: 0 | True: 0 | Time: 0.9494s
Record 379/1000 | Predicted: 0 | True: 0 | Time: 0.9560s
Record 380/1000 | Predicted: 0 | True: 0 | Time: 0.9395s
Record 381/1000 | Predicted: 0 | True: 0 | Time: 1.0950s
Record 382/1000 | Predicted: 0 | True: 0 | Time: 1.0623s
Record 383/1000 | Predicted: 0 | True: 0 | Time: 1.1494s
Record 384/1000 | Predicted: 0 | True: 0 | Time: 0.9539s
Record 385/1000 | Predicted: 0 | True: 0 | Time: 0.9238s
Record 386/1000 | Predicted: 0 | True: 0 | Time: 0.9442s
Record 387/1000 | Predicted: 0 | True: 0 | Time: 0.9736s
Record 388/1000 | Predicted: 0 | True: 0 | Time: 0.9538s
Record 389/1000 | Predicted: 0 | True: 0 | Time: 0.9228s
Record 390/1000 | Predicted: 0 | True: 0 | Time: 0.9348s
Record 391/1000 | Predicted: 0 | True: 0 | Time: 0.9486s
Record 392/1000 | Predicted: 0 | True: 0 | Time: 0.9340s
Record 393/1000 | Predicted: 0 | True: 0 | Time: 0.9480s
Record 394/1000 | Predicted: 0 | True: 0 | Time: 0.9845s
Record 395/1000 | Predicted: 0 | True: 0 | Time: 0.9832s
Record 396/1000 | Predicted: 0 | True: 0 | Time: 0.9444s
Record 397/1000 | Predicted: 0 | True: 0 | Time: 0.9323s
Record 398/1000 | Predicted: 0 | True: 0 | Time: 0.9561s
Record 399/1000 | Predicted: 0 | True: 0 | Time: 0.9253s
Record 400/1000 | Predicted: 0 | True: 0 | Time: 0.9687s
Record 401/1000 | Predicted: 0 | True: 0 | Time: 0.9678s
Record 402/1000 | Predicted: 0 | True: 0 | Time: 0.9606s
Record 403/1000 | Predicted: 0 | True: 0 | Time: 0.9576s
Record 404/1000 | Predicted: 0 | True: 0 | Time: 0.9527s
Record 405/1000 | Predicted: 0 | True: 0 | Time: 0.9572s
Record 406/1000 | Predicted: 0 | True: 0 | Time: 0.9643s
Record 407/1000 | Predicted: 0 | True: 0 | Time: 0.9474s
Record 408/1000 | Predicted: 0 | True: 0 | Time: 0.9665s
Record 409/1000 | Predicted: 0 | True: 1 | Time: 0.9397s
Record 410/1000 | Predicted: 0 | True: 0 | Time: 0.9181s
Record 411/1000 | Predicted: 0 | True: 0 | Time: 0.9226s
Record 412/1000 | Predicted: 0 | True: 0 | Time: 0.9575s
Record 413/1000 | Predicted: 0 | True: 0 | Time: 0.9348s
Record 414/1000 | Predicted: 0 | True: 0 | Time: 0.9456s
Record 415/1000 | Predicted: 0 | True: 0 | Time: 0.9549s
Record 416/1000 | Predicted: 0 | True: 0 | Time: 0.9375s
Record 417/1000 | Predicted: 0 | True: 0 | Time: 0.9526s
Record 418/1000 | Predicted: 0 | True: 0 | Time: 0.9744s
Record 419/1000 | Predicted: 0 | True: 0 | Time: 0.9563s
Record 420/1000 | Predicted: 0 | True: 0 | Time: 0.9716s
Record 421/1000 | Predicted: 0 | True: 0 | Time: 0.9414s
Record 422/1000 | Predicted: 0 | True: 0 | Time: 0.9634s
Record 423/1000 | Predicted: 0 | True: 0 | Time: 0.9398s
Record 424/1000 | Predicted: 0 | True: 0 | Time: 0.9588s
Record 425/1000 | Predicted: 0 | True: 0 | Time: 0.9595s
Record 426/1000 | Predicted: 0 | True: 0 | Time: 0.9430s
Record 427/1000 | Predicted: 0 | True: 0 | Time: 0.9561s
Record 428/1000 | Predicted: 0 | True: 0 | Time: 0.9217s
Record 429/1000 | Predicted: 0 | True: 0 | Time: 0.9205s
Record 430/1000 | Predicted: 0 | True: 0 | Time: 0.9279s
Record 431/1000 | Predicted: 0 | True: 0 | Time: 0.9645s
Record 432/1000 | Predicted: 0 | True: 0 | Time: 0.9626s
Record 433/1000 | Predicted: 0 | True: 0 | Time: 0.9591s
Record 434/1000 | Predicted: 0 | True: 0 | Time: 0.9557s
Record 435/1000 | Predicted: 0 | True: 0 | Time: 0.9342s
Record 436/1000 | Predicted: 0 | True: 0 | Time: 0.9481s
Record 437/1000 | Predicted: 0 | True: 0 | Time: 0.9662s
Record 438/1000 | Predicted: 0 | True: 0 | Time: 0.9642s
Record 439/1000 | Predicted: 0 | True: 0 | Time: 0.9253s
Record 440/1000 | Predicted: 0 | True: 0 | Time: 0.9635s
Record 441/1000 | Predicted: 0 | True: 0 | Time: 0.9686s
Record 442/1000 | Predicted: 0 | True: 0 | Time: 0.9437s
Record 443/1000 | Predicted: 0 | True: 0 | Time: 0.9572s
Record 444/1000 | Predicted: 0 | True: 1 | Time: 0.9409s
Record 445/1000 | Predicted: 0 | True: 0 | Time: 0.9359s
Record 446/1000 | Predicted: 0 | True: 0 | Time: 0.9511s
Record 447/1000 | Predicted: 0 | True: 0 | Time: 0.9208s
Record 448/1000 | Predicted: 0 | True: 0 | Time: 0.9309s
Record 449/1000 | Predicted: 0 | True: 0 | Time: 0.9428s
Record 450/1000 | Predicted: 0 | True: 0 | Time: 0.9721s
Record 451/1000 | Predicted: 0 | True: 0 | Time: 0.9584s
Record 452/1000 | Predicted: 0 | True: 0 | Time: 0.9520s
Record 453/1000 | Predicted: 0 | True: 0 | Time: 0.9539s
Record 454/1000 | Predicted: 0 | True: 0 | Time: 0.9387s
Record 455/1000 | Predicted: 0 | True: 0 | Time: 0.9385s
Record 456/1000 | Predicted: 0 | True: 0 | Time: 0.9378s
Record 457/1000 | Predicted: 0 | True: 0 | Time: 0.9427s
Record 458/1000 | Predicted: 0 | True: 0 | Time: 0.9630s
Record 459/1000 | Predicted: 0 | True: 0 | Time: 0.9464s
Record 460/1000 | Predicted: 0 | True: 0 | Time: 0.9330s
Record 461/1000 | Predicted: 0 | True: 0 | Time: 0.9888s
Record 462/1000 | Predicted: 0 | True: 0 | Time: 0.9370s
Record 463/1000 | Predicted: 0 | True: 0 | Time: 0.9438s
Record 464/1000 | Predicted: 0 | True: 0 | Time: 0.9262s
Record 465/1000 | Predicted: 0 | True: 0 | Time: 0.9315s
Record 466/1000 | Predicted: 0 | True: 0 | Time: 0.9571s
Record 467/1000 | Predicted: 0 | True: 0 | Time: 0.9459s
Record 468/1000 | Predicted: 0 | True: 0 | Time: 0.9267s
Record 469/1000 | Predicted: 0 | True: 0 | Time: 0.9596s
Record 470/1000 | Predicted: 0 | True: 0 | Time: 0.9501s
Record 471/1000 | Predicted: 0 | True: 0 | Time: 0.9510s
Record 472/1000 | Predicted: 0 | True: 0 | Time: 0.9398s
Record 473/1000 | Predicted: 0 | True: 0 | Time: 0.9290s
Record 474/1000 | Predicted: 0 | True: 0 | Time: 0.9743s
Record 475/1000 | Predicted: 0 | True: 0 | Time: 0.9963s
Record 476/1000 | Predicted: 1 | True: 0 | Time: 1.0012s
Record 477/1000 | Predicted: 0 | True: 0 | Time: 0.9607s
Record 478/1000 | Predicted: 0 | True: 0 | Time: 0.9594s
Record 479/1000 | Predicted: 0 | True: 0 | Time: 0.9557s
Record 480/1000 | Predicted: 0 | True: 0 | Time: 0.9408s
Record 481/1000 | Predicted: 0 | True: 0 | Time: 0.9311s
Record 482/1000 | Predicted: 0 | True: 0 | Time: 0.9526s
Record 483/1000 | Predicted: 0 | True: 0 | Time: 0.9488s
Record 484/1000 | Predicted: 0 | True: 0 | Time: 0.9301s
Record 485/1000 | Predicted: 0 | True: 0 | Time: 0.9439s
Record 486/1000 | Predicted: 0 | True: 0 | Time: 0.9574s
Record 487/1000 | Predicted: 0 | True: 0 | Time: 0.9245s
Record 488/1000 | Predicted: 0 | True: 0 | Time: 0.9272s
Record 489/1000 | Predicted: 0 | True: 0 | Time: 0.9564s
Record 490/1000 | Predicted: 0 | True: 0 | Time: 0.9603s
Record 491/1000 | Predicted: 0 | True: 0 | Time: 0.9705s
Record 492/1000 | Predicted: 0 | True: 0 | Time: 0.9409s
Record 493/1000 | Predicted: 0 | True: 0 | Time: 0.9321s
Record 494/1000 | Predicted: 0 | True: 0 | Time: 0.9488s
Record 495/1000 | Predicted: 0 | True: 0 | Time: 0.9593s
Record 496/1000 | Predicted: 0 | True: 0 | Time: 0.9464s
Record 497/1000 | Predicted: 0 | True: 0 | Time: 0.9506s
Record 498/1000 | Predicted: 0 | True: 0 | Time: 0.9639s
Record 499/1000 | Predicted: 0 | True: 0 | Time: 0.9480s
Record 500/1000 | Predicted: 0 | True: 0 | Time: 0.9593s
Record 501/1000 | Predicted: 0 | True: 0 | Time: 0.9562s
Record 502/1000 | Predicted: 0 | True: 0 | Time: 0.9591s
Record 503/1000 | Predicted: 0 | True: 0 | Time: 0.9333s
Record 504/1000 | Predicted: 0 | True: 0 | Time: 0.9287s
Record 505/1000 | Predicted: 0 | True: 0 | Time: 0.9412s
Record 506/1000 | Predicted: 0 | True: 0 | Time: 0.9358s
Record 507/1000 | Predicted: 0 | True: 0 | Time: 0.9693s
Record 508/1000 | Predicted: 0 | True: 0 | Time: 0.9780s
Record 509/1000 | Predicted: 0 | True: 0 | Time: 0.9525s
Record 510/1000 | Predicted: 0 | True: 0 | Time: 0.9576s
Record 511/1000 | Predicted: 0 | True: 0 | Time: 0.9689s
Record 512/1000 | Predicted: 0 | True: 0 | Time: 0.9452s
Record 513/1000 | Predicted: 0 | True: 0 | Time: 0.9523s
Record 514/1000 | Predicted: 0 | True: 0 | Time: 0.9602s
Record 515/1000 | Predicted: 0 | True: 0 | Time: 0.9528s
Record 516/1000 | Predicted: 0 | True: 0 | Time: 0.9456s
Record 517/1000 | Predicted: 0 | True: 0 | Time: 0.9706s
Record 518/1000 | Predicted: 0 | True: 0 | Time: 0.9605s
Record 519/1000 | Predicted: 0 | True: 0 | Time: 0.9587s
Record 520/1000 | Predicted: 0 | True: 0 | Time: 0.9521s
Record 521/1000 | Predicted: 0 | True: 0 | Time: 0.9638s
Record 522/1000 | Predicted: 0 | True: 0 | Time: 0.9576s
Record 523/1000 | Predicted: 0 | True: 0 | Time: 0.9638s
Record 524/1000 | Predicted: 0 | True: 0 | Time: 0.9904s
Record 525/1000 | Predicted: 0 | True: 0 | Time: 0.9300s
Record 526/1000 | Predicted: 0 | True: 0 | Time: 0.9255s
Record 527/1000 | Predicted: 0 | True: 1 | Time: 0.9326s
Record 528/1000 | Predicted: 0 | True: 0 | Time: 0.9509s
Record 529/1000 | Predicted: 0 | True: 0 | Time: 0.9423s
Record 530/1000 | Predicted: 0 | True: 0 | Time: 0.9449s
Record 531/1000 | Predicted: 0 | True: 0 | Time: 0.9583s
Record 532/1000 | Predicted: 0 | True: 0 | Time: 0.9177s
Record 533/1000 | Predicted: 0 | True: 0 | Time: 0.9734s
Record 534/1000 | Predicted: 0 | True: 0 | Time: 1.0084s
Record 535/1000 | Predicted: 0 | True: 0 | Time: 0.9577s
Record 536/1000 | Predicted: 0 | True: 0 | Time: 0.9628s
Record 537/1000 | Predicted: 0 | True: 0 | Time: 0.9693s
Record 538/1000 | Predicted: 0 | True: 0 | Time: 0.9374s
Record 539/1000 | Predicted: 0 | True: 0 | Time: 0.9636s
Record 540/1000 | Predicted: 0 | True: 0 | Time: 0.9651s
Record 541/1000 | Predicted: 0 | True: 0 | Time: 0.9530s
Record 542/1000 | Predicted: 0 | True: 0 | Time: 0.9524s
Record 543/1000 | Predicted: 0 | True: 0 | Time: 0.9369s
Record 544/1000 | Predicted: 0 | True: 0 | Time: 0.9410s
Record 545/1000 | Predicted: 0 | True: 1 | Time: 0.9755s
Record 546/1000 | Predicted: 0 | True: 0 | Time: 0.9739s
Record 547/1000 | Predicted: 0 | True: 0 | Time: 0.9289s
Record 548/1000 | Predicted: 0 | True: 0 | Time: 0.9429s
Record 549/1000 | Predicted: 0 | True: 0 | Time: 0.9218s
Record 550/1000 | Predicted: 0 | True: 0 | Time: 0.9460s
Record 551/1000 | Predicted: 0 | True: 0 | Time: 0.9521s
Record 552/1000 | Predicted: 0 | True: 0 | Time: 0.9716s
Record 553/1000 | Predicted: 0 | True: 0 | Time: 0.9585s
Record 554/1000 | Predicted: 0 | True: 1 | Time: 0.9527s
Record 555/1000 | Predicted: 0 | True: 0 | Time: 0.9348s
Record 556/1000 | Predicted: 0 | True: 0 | Time: 0.9632s
Record 557/1000 | Predicted: 0 | True: 0 | Time: 0.9729s
Record 558/1000 | Predicted: 0 | True: 0 | Time: 0.9739s
Record 559/1000 | Predicted: 0 | True: 0 | Time: 1.0120s
Record 560/1000 | Predicted: 0 | True: 0 | Time: 0.9496s
Record 561/1000 | Predicted: 0 | True: 0 | Time: 0.9703s
Record 562/1000 | Predicted: 0 | True: 0 | Time: 0.9572s
Record 563/1000 | Predicted: 0 | True: 0 | Time: 0.9542s
Record 564/1000 | Predicted: 0 | True: 0 | Time: 0.9530s
Record 565/1000 | Predicted: 0 | True: 0 | Time: 0.9181s
Record 566/1000 | Predicted: 0 | True: 0 | Time: 0.9523s
Record 567/1000 | Predicted: 0 | True: 0 | Time: 0.9312s
Record 568/1000 | Predicted: 0 | True: 0 | Time: 0.9861s
Record 569/1000 | Predicted: 0 | True: 0 | Time: 0.9338s
Record 570/1000 | Predicted: 0 | True: 0 | Time: 0.9279s
Record 571/1000 | Predicted: 0 | True: 0 | Time: 0.9334s
Record 572/1000 | Predicted: 0 | True: 0 | Time: 0.9883s
Record 573/1000 | Predicted: 0 | True: 0 | Time: 0.9711s
Record 574/1000 | Predicted: 0 | True: 0 | Time: 0.9408s
Record 575/1000 | Predicted: 0 | True: 0 | Time: 0.9662s
Record 576/1000 | Predicted: 0 | True: 0 | Time: 0.9695s
Record 577/1000 | Predicted: 0 | True: 0 | Time: 0.9622s
Record 578/1000 | Predicted: 0 | True: 0 | Time: 0.9353s
Record 579/1000 | Predicted: 0 | True: 0 | Time: 0.9721s
Record 580/1000 | Predicted: 0 | True: 0 | Time: 0.9440s
Record 581/1000 | Predicted: 0 | True: 0 | Time: 0.9495s
Record 582/1000 | Predicted: 0 | True: 0 | Time: 0.9625s
Record 583/1000 | Predicted: 0 | True: 0 | Time: 0.9286s
Record 584/1000 | Predicted: 0 | True: 0 | Time: 0.9387s
Record 585/1000 | Predicted: 0 | True: 0 | Time: 0.9139s
Record 586/1000 | Predicted: 0 | True: 0 | Time: 0.9521s
Record 587/1000 | Predicted: 0 | True: 0 | Time: 0.9338s
Record 588/1000 | Predicted: 0 | True: 0 | Time: 0.9659s
Record 589/1000 | Predicted: 0 | True: 0 | Time: 0.9318s
Record 590/1000 | Predicted: 0 | True: 0 | Time: 0.9753s
Record 591/1000 | Predicted: 0 | True: 0 | Time: 0.9307s
Record 592/1000 | Predicted: 0 | True: 0 | Time: 0.9372s
Record 593/1000 | Predicted: 0 | True: 0 | Time: 0.9396s
Record 594/1000 | Predicted: 0 | True: 0 | Time: 0.9253s
Record 595/1000 | Predicted: 0 | True: 0 | Time: 0.9655s
Record 596/1000 | Predicted: 0 | True: 1 | Time: 0.9367s
Record 597/1000 | Predicted: 0 | True: 1 | Time: 0.9359s
Record 598/1000 | Predicted: 0 | True: 0 | Time: 0.9505s
Record 599/1000 | Predicted: 0 | True: 0 | Time: 0.9494s
Record 600/1000 | Predicted: 0 | True: 0 | Time: 0.9584s
Record 601/1000 | Predicted: 0 | True: 0 | Time: 0.9421s
Record 602/1000 | Predicted: 0 | True: 0 | Time: 0.9442s
Record 603/1000 | Predicted: 0 | True: 0 | Time: 0.9398s
Record 604/1000 | Predicted: 0 | True: 0 | Time: 0.9346s
Record 605/1000 | Predicted: 0 | True: 0 | Time: 0.9370s
Record 606/1000 | Predicted: 0 | True: 0 | Time: 0.9645s
Record 607/1000 | Predicted: 0 | True: 0 | Time: 0.9377s
Record 608/1000 | Predicted: 0 | True: 0 | Time: 0.9657s
Record 609/1000 | Predicted: 0 | True: 0 | Time: 0.9785s
Record 610/1000 | Predicted: 0 | True: 0 | Time: 0.9289s
Record 611/1000 | Predicted: 0 | True: 0 | Time: 0.9444s
Record 612/1000 | Predicted: 0 | True: 0 | Time: 0.9419s
Record 613/1000 | Predicted: 0 | True: 0 | Time: 0.9302s
Record 614/1000 | Predicted: 0 | True: 0 | Time: 0.9410s
Record 615/1000 | Predicted: 0 | True: 0 | Time: 0.9266s
Record 616/1000 | Predicted: 0 | True: 0 | Time: 0.9464s
Record 617/1000 | Predicted: 0 | True: 0 | Time: 0.9520s
Record 618/1000 | Predicted: 0 | True: 0 | Time: 0.9358s
Record 619/1000 | Predicted: 0 | True: 0 | Time: 0.9265s
Record 620/1000 | Predicted: 0 | True: 0 | Time: 0.9481s
Record 621/1000 | Predicted: 0 | True: 1 | Time: 0.9382s
Record 622/1000 | Predicted: 0 | True: 0 | Time: 0.9217s
Record 623/1000 | Predicted: 0 | True: 0 | Time: 0.9503s
Record 624/1000 | Predicted: 0 | True: 0 | Time: 0.9533s
Record 625/1000 | Predicted: 0 | True: 0 | Time: 0.9532s
Record 626/1000 | Predicted: 0 | True: 0 | Time: 0.9670s
Record 627/1000 | Predicted: 0 | True: 0 | Time: 0.9309s
Record 628/1000 | Predicted: 0 | True: 1 | Time: 0.9310s
Record 629/1000 | Predicted: 0 | True: 0 | Time: 0.9593s
Record 630/1000 | Predicted: 0 | True: 0 | Time: 0.9621s
Record 631/1000 | Predicted: 0 | True: 1 | Time: 0.9655s
Record 632/1000 | Predicted: 0 | True: 0 | Time: 0.9733s
Record 633/1000 | Predicted: 0 | True: 0 | Time: 0.9741s
Record 634/1000 | Predicted: 0 | True: 0 | Time: 0.9728s
Record 635/1000 | Predicted: 0 | True: 0 | Time: 0.9669s
Record 636/1000 | Predicted: 0 | True: 0 | Time: 0.9698s
Record 637/1000 | Predicted: 0 | True: 0 | Time: 0.9575s
Record 638/1000 | Predicted: 0 | True: 0 | Time: 0.9485s
Record 639/1000 | Predicted: 0 | True: 0 | Time: 0.9378s
Record 640/1000 | Predicted: 0 | True: 0 | Time: 0.9376s
Record 641/1000 | Predicted: 0 | True: 0 | Time: 0.9746s
Record 642/1000 | Predicted: 0 | True: 0 | Time: 0.9419s
Record 643/1000 | Predicted: 0 | True: 0 | Time: 0.9323s
Record 644/1000 | Predicted: 0 | True: 0 | Time: 0.9469s
Record 645/1000 | Predicted: 0 | True: 0 | Time: 0.9430s
Record 646/1000 | Predicted: 0 | True: 0 | Time: 0.9642s
Record 647/1000 | Predicted: 0 | True: 0 | Time: 0.9386s
Record 648/1000 | Predicted: 0 | True: 0 | Time: 0.9329s
Record 649/1000 | Predicted: 0 | True: 1 | Time: 0.9470s
Record 650/1000 | Predicted: 0 | True: 0 | Time: 0.9560s
Record 651/1000 | Predicted: 0 | True: 0 | Time: 0.9262s
Record 652/1000 | Predicted: 0 | True: 0 | Time: 0.9343s
Record 653/1000 | Predicted: 0 | True: 0 | Time: 0.9462s
Record 654/1000 | Predicted: 0 | True: 0 | Time: 0.9500s
Record 655/1000 | Predicted: 0 | True: 0 | Time: 0.9601s
Record 656/1000 | Predicted: 0 | True: 1 | Time: 0.9422s
Record 657/1000 | Predicted: 0 | True: 0 | Time: 0.9289s
Record 658/1000 | Predicted: 0 | True: 0 | Time: 0.9398s
Record 659/1000 | Predicted: 0 | True: 1 | Time: 0.9301s
Record 660/1000 | Predicted: 0 | True: 0 | Time: 0.9487s
Record 661/1000 | Predicted: 0 | True: 0 | Time: 0.9432s
Record 662/1000 | Predicted: 0 | True: 0 | Time: 0.9428s
Record 663/1000 | Predicted: 0 | True: 0 | Time: 0.9557s
Record 664/1000 | Predicted: 0 | True: 0 | Time: 0.9350s
Record 665/1000 | Predicted: 0 | True: 0 | Time: 0.9381s
Record 666/1000 | Predicted: 0 | True: 0 | Time: 1.0062s
Record 667/1000 | Predicted: 0 | True: 0 | Time: 0.9581s
Record 668/1000 | Predicted: 0 | True: 0 | Time: 0.9481s
Record 669/1000 | Predicted: 0 | True: 0 | Time: 0.9760s
Record 670/1000 | Predicted: 0 | True: 0 | Time: 0.9374s
Record 671/1000 | Predicted: 0 | True: 0 | Time: 0.9497s
Record 672/1000 | Predicted: 0 | True: 0 | Time: 0.9482s
Record 673/1000 | Predicted: 0 | True: 0 | Time: 0.9783s
Record 674/1000 | Predicted: 0 | True: 0 | Time: 0.9337s
Record 675/1000 | Predicted: 0 | True: 0 | Time: 0.9481s
Record 676/1000 | Predicted: 0 | True: 0 | Time: 0.9628s
Record 677/1000 | Predicted: 0 | True: 0 | Time: 0.9550s
Record 678/1000 | Predicted: 0 | True: 0 | Time: 0.9442s
Record 679/1000 | Predicted: 0 | True: 0 | Time: 0.9518s
Record 680/1000 | Predicted: 0 | True: 0 | Time: 0.9246s
Record 681/1000 | Predicted: 0 | True: 0 | Time: 0.9727s
Record 682/1000 | Predicted: 0 | True: 0 | Time: 0.9487s
Record 683/1000 | Predicted: 0 | True: 0 | Time: 0.9498s
Record 684/1000 | Predicted: 0 | True: 0 | Time: 0.9546s
Record 685/1000 | Predicted: 0 | True: 0 | Time: 0.9473s
Record 686/1000 | Predicted: 0 | True: 0 | Time: 0.9331s
Record 687/1000 | Predicted: 0 | True: 0 | Time: 0.9850s
Record 688/1000 | Predicted: 0 | True: 0 | Time: 0.9643s
Record 689/1000 | Predicted: 0 | True: 0 | Time: 0.9643s
Record 690/1000 | Predicted: 0 | True: 0 | Time: 0.9450s
Record 691/1000 | Predicted: 0 | True: 0 | Time: 0.9430s
Record 692/1000 | Predicted: 0 | True: 0 | Time: 0.9303s
Record 693/1000 | Predicted: 0 | True: 0 | Time: 0.9353s
Record 694/1000 | Predicted: 0 | True: 0 | Time: 0.9234s
Record 695/1000 | Predicted: 0 | True: 0 | Time: 0.9329s
Record 696/1000 | Predicted: 0 | True: 0 | Time: 0.9294s
Record 697/1000 | Predicted: 0 | True: 0 | Time: 0.9481s
Record 698/1000 | Predicted: 0 | True: 0 | Time: 0.9396s
Record 699/1000 | Predicted: 0 | True: 0 | Time: 0.9490s
Record 700/1000 | Predicted: 0 | True: 0 | Time: 0.9445s
Record 701/1000 | Predicted: 0 | True: 0 | Time: 0.9727s
Record 702/1000 | Predicted: 0 | True: 0 | Time: 0.9665s
Record 703/1000 | Predicted: 0 | True: 0 | Time: 0.9700s
Record 704/1000 | Predicted: 0 | True: 0 | Time: 0.9612s
Record 705/1000 | Predicted: 0 | True: 0 | Time: 0.9685s
Record 706/1000 | Predicted: 0 | True: 0 | Time: 0.9549s
Record 707/1000 | Predicted: 0 | True: 0 | Time: 0.9382s
Record 708/1000 | Predicted: 0 | True: 0 | Time: 0.9524s
Record 709/1000 | Predicted: 0 | True: 0 | Time: 0.9971s
Record 710/1000 | Predicted: 0 | True: 0 | Time: 0.9274s
Record 711/1000 | Predicted: 0 | True: 0 | Time: 0.9158s
Record 712/1000 | Predicted: 0 | True: 0 | Time: 0.9395s
Record 713/1000 | Predicted: 0 | True: 0 | Time: 0.9391s
Record 714/1000 | Predicted: 0 | True: 0 | Time: 0.9620s
Record 715/1000 | Predicted: 0 | True: 0 | Time: 0.9667s
Record 716/1000 | Predicted: 0 | True: 0 | Time: 0.9408s
Record 717/1000 | Predicted: 0 | True: 0 | Time: 0.9479s
Record 718/1000 | Predicted: 0 | True: 0 | Time: 0.9246s
Record 719/1000 | Predicted: 0 | True: 0 | Time: 0.9551s
Record 720/1000 | Predicted: 0 | True: 0 | Time: 0.9622s
Record 721/1000 | Predicted: 0 | True: 0 | Time: 0.9783s
Record 722/1000 | Predicted: 0 | True: 1 | Time: 0.9879s
Record 723/1000 | Predicted: 0 | True: 0 | Time: 0.9650s
Record 724/1000 | Predicted: 0 | True: 0 | Time: 0.9571s
Record 725/1000 | Predicted: 0 | True: 0 | Time: 0.9653s
Record 726/1000 | Predicted: 0 | True: 0 | Time: 0.9527s
Record 727/1000 | Predicted: 0 | True: 0 | Time: 0.9662s
Record 728/1000 | Predicted: 0 | True: 0 | Time: 0.9420s
Record 729/1000 | Predicted: 0 | True: 0 | Time: 0.9726s
Record 730/1000 | Predicted: 0 | True: 0 | Time: 0.9117s
Record 731/1000 | Predicted: 0 | True: 0 | Time: 0.9184s
Record 732/1000 | Predicted: 0 | True: 0 | Time: 0.9841s
Record 733/1000 | Predicted: 0 | True: 0 | Time: 0.9531s
Record 734/1000 | Predicted: 0 | True: 0 | Time: 0.9259s
Record 735/1000 | Predicted: 0 | True: 0 | Time: 0.9489s
Record 736/1000 | Predicted: 0 | True: 0 | Time: 0.9668s
Record 737/1000 | Predicted: 0 | True: 0 | Time: 0.9430s
Record 738/1000 | Predicted: 0 | True: 0 | Time: 0.9765s
Record 739/1000 | Predicted: 0 | True: 0 | Time: 0.9329s
Record 740/1000 | Predicted: 0 | True: 0 | Time: 0.9498s
Record 741/1000 | Predicted: 0 | True: 0 | Time: 0.9308s
Record 742/1000 | Predicted: 0 | True: 0 | Time: 0.9350s
Record 743/1000 | Predicted: 0 | True: 0 | Time: 0.9325s
Record 744/1000 | Predicted: 0 | True: 0 | Time: 0.9745s
Record 745/1000 | Predicted: 0 | True: 0 | Time: 0.9679s
Record 746/1000 | Predicted: 0 | True: 0 | Time: 0.9592s
Record 747/1000 | Predicted: 0 | True: 0 | Time: 0.9343s
Record 748/1000 | Predicted: 0 | True: 0 | Time: 0.9385s
Record 749/1000 | Predicted: 0 | True: 0 | Time: 0.9627s
Record 750/1000 | Predicted: 0 | True: 0 | Time: 0.9308s
Record 751/1000 | Predicted: 0 | True: 0 | Time: 0.9298s
Record 752/1000 | Predicted: 0 | True: 0 | Time: 0.9711s
Record 753/1000 | Predicted: 0 | True: 0 | Time: 0.9460s
Record 754/1000 | Predicted: 0 | True: 0 | Time: 0.9435s
Record 755/1000 | Predicted: 0 | True: 0 | Time: 0.9299s
Record 756/1000 | Predicted: 0 | True: 0 | Time: 0.9530s
Record 757/1000 | Predicted: 0 | True: 0 | Time: 0.9506s
Record 758/1000 | Predicted: 0 | True: 0 | Time: 0.9287s
Record 759/1000 | Predicted: 0 | True: 0 | Time: 0.9614s
Record 760/1000 | Predicted: 0 | True: 0 | Time: 0.9476s
Record 761/1000 | Predicted: 0 | True: 0 | Time: 0.9459s
Record 762/1000 | Predicted: 0 | True: 0 | Time: 0.9722s
Record 763/1000 | Predicted: 0 | True: 0 | Time: 0.9329s
Record 764/1000 | Predicted: 0 | True: 0 | Time: 0.9448s
Record 765/1000 | Predicted: 0 | True: 0 | Time: 0.9367s
Record 766/1000 | Predicted: 0 | True: 0 | Time: 0.9423s
Record 767/1000 | Predicted: 0 | True: 0 | Time: 0.9302s
Record 768/1000 | Predicted: 0 | True: 0 | Time: 0.9361s
Record 769/1000 | Predicted: 0 | True: 1 | Time: 0.9482s
Record 770/1000 | Predicted: 0 | True: 0 | Time: 0.9422s
Record 771/1000 | Predicted: 0 | True: 0 | Time: 0.9455s
Record 772/1000 | Predicted: 0 | True: 0 | Time: 0.9377s
Record 773/1000 | Predicted: 1 | True: 1 | Time: 0.9291s
Record 774/1000 | Predicted: 0 | True: 0 | Time: 0.9221s
Record 775/1000 | Predicted: 0 | True: 0 | Time: 0.9403s
Record 776/1000 | Predicted: 0 | True: 0 | Time: 0.9499s
Record 777/1000 | Predicted: 0 | True: 0 | Time: 0.9671s
Record 778/1000 | Predicted: 0 | True: 0 | Time: 0.9381s
Record 779/1000 | Predicted: 0 | True: 0 | Time: 0.9732s
Record 780/1000 | Predicted: 0 | True: 0 | Time: 0.9609s
Record 781/1000 | Predicted: 0 | True: 0 | Time: 0.9545s
Record 782/1000 | Predicted: 0 | True: 0 | Time: 0.9411s
Record 783/1000 | Predicted: 0 | True: 0 | Time: 0.9557s
Record 784/1000 | Predicted: 0 | True: 0 | Time: 0.9409s
Record 785/1000 | Predicted: 0 | True: 0 | Time: 0.9411s
Record 786/1000 | Predicted: 0 | True: 0 | Time: 0.9363s
Record 787/1000 | Predicted: 0 | True: 0 | Time: 0.9632s
Record 788/1000 | Predicted: 0 | True: 0 | Time: 0.9696s
Record 789/1000 | Predicted: 0 | True: 0 | Time: 0.9512s
Record 790/1000 | Predicted: 0 | True: 0 | Time: 0.9492s
Record 791/1000 | Predicted: 0 | True: 0 | Time: 0.9421s
Record 792/1000 | Predicted: 0 | True: 0 | Time: 0.9201s
Record 793/1000 | Predicted: 0 | True: 0 | Time: 0.9409s
Record 794/1000 | Predicted: 0 | True: 0 | Time: 0.9393s
Record 795/1000 | Predicted: 0 | True: 0 | Time: 0.9575s
Record 796/1000 | Predicted: 0 | True: 0 | Time: 0.9720s
Record 797/1000 | Predicted: 0 | True: 0 | Time: 0.9694s
Record 798/1000 | Predicted: 0 | True: 0 | Time: 0.9782s
Record 799/1000 | Predicted: 0 | True: 0 | Time: 0.9439s
Record 800/1000 | Predicted: 0 | True: 0 | Time: 0.9487s
Record 801/1000 | Predicted: 0 | True: 0 | Time: 0.9285s
Record 802/1000 | Predicted: 0 | True: 0 | Time: 0.9543s
Record 803/1000 | Predicted: 0 | True: 0 | Time: 0.9522s
Record 804/1000 | Predicted: 0 | True: 0 | Time: 0.9409s
Record 805/1000 | Predicted: 1 | True: 1 | Time: 0.9410s
Record 806/1000 | Predicted: 0 | True: 0 | Time: 0.9527s
Record 807/1000 | Predicted: 0 | True: 0 | Time: 0.9601s
Record 808/1000 | Predicted: 0 | True: 0 | Time: 0.9365s
Record 809/1000 | Predicted: 0 | True: 0 | Time: 0.9254s
Record 810/1000 | Predicted: 0 | True: 0 | Time: 0.9293s
Record 811/1000 | Predicted: 0 | True: 0 | Time: 0.9416s
Record 812/1000 | Predicted: 0 | True: 0 | Time: 0.9529s
Record 813/1000 | Predicted: 0 | True: 0 | Time: 0.9714s
Record 814/1000 | Predicted: 0 | True: 0 | Time: 0.9767s
Record 815/1000 | Predicted: 1 | True: 1 | Time: 0.9594s
Record 816/1000 | Predicted: 0 | True: 0 | Time: 0.9866s
Record 817/1000 | Predicted: 0 | True: 0 | Time: 0.9583s
Record 818/1000 | Predicted: 0 | True: 0 | Time: 0.9377s
Record 819/1000 | Predicted: 0 | True: 0 | Time: 0.9400s
Record 820/1000 | Predicted: 0 | True: 0 | Time: 0.9337s
Record 821/1000 | Predicted: 0 | True: 0 | Time: 0.9504s
Record 822/1000 | Predicted: 0 | True: 0 | Time: 0.9397s
Record 823/1000 | Predicted: 0 | True: 1 | Time: 0.9413s
Record 824/1000 | Predicted: 0 | True: 0 | Time: 0.9387s
Record 825/1000 | Predicted: 0 | True: 0 | Time: 0.9341s
Record 826/1000 | Predicted: 0 | True: 0 | Time: 0.9451s
Record 827/1000 | Predicted: 0 | True: 0 | Time: 0.9315s
Record 828/1000 | Predicted: 0 | True: 0 | Time: 0.9571s
Record 829/1000 | Predicted: 0 | True: 1 | Time: 0.9243s
Record 830/1000 | Predicted: 0 | True: 0 | Time: 0.9477s
Record 831/1000 | Predicted: 0 | True: 0 | Time: 0.9346s
Record 832/1000 | Predicted: 0 | True: 0 | Time: 0.9728s
Record 833/1000 | Predicted: 0 | True: 0 | Time: 0.9757s
Record 834/1000 | Predicted: 0 | True: 0 | Time: 0.9526s
Record 835/1000 | Predicted: 0 | True: 0 | Time: 0.9735s
Record 836/1000 | Predicted: 0 | True: 1 | Time: 0.9421s
Record 837/1000 | Predicted: 0 | True: 0 | Time: 0.9463s
Record 838/1000 | Predicted: 0 | True: 0 | Time: 0.9449s
Record 839/1000 | Predicted: 0 | True: 0 | Time: 0.9453s
Record 840/1000 | Predicted: 0 | True: 0 | Time: 0.9538s
Record 841/1000 | Predicted: 0 | True: 0 | Time: 0.9604s
Record 842/1000 | Predicted: 0 | True: 0 | Time: 0.9525s
Record 843/1000 | Predicted: 0 | True: 0 | Time: 0.9592s
Record 844/1000 | Predicted: 0 | True: 0 | Time: 0.9661s
Record 845/1000 | Predicted: 0 | True: 0 | Time: 0.9371s
Record 846/1000 | Predicted: 0 | True: 0 | Time: 0.9583s
Record 847/1000 | Predicted: 0 | True: 0 | Time: 0.9407s
Record 848/1000 | Predicted: 0 | True: 0 | Time: 0.9707s
Record 849/1000 | Predicted: 0 | True: 0 | Time: 0.9353s
Record 850/1000 | Predicted: 0 | True: 0 | Time: 0.9417s
Record 851/1000 | Predicted: 0 | True: 0 | Time: 0.9275s
Record 852/1000 | Predicted: 0 | True: 0 | Time: 0.9535s
Record 853/1000 | Predicted: 0 | True: 0 | Time: 0.9820s
Record 854/1000 | Predicted: 0 | True: 0 | Time: 0.9869s
Record 855/1000 | Predicted: 0 | True: 0 | Time: 0.9658s
Record 856/1000 | Predicted: 0 | True: 0 | Time: 0.9619s
Record 857/1000 | Predicted: 0 | True: 0 | Time: 0.9671s
Record 858/1000 | Predicted: 0 | True: 0 | Time: 0.9694s
Record 859/1000 | Predicted: 0 | True: 0 | Time: 0.9626s
Record 860/1000 | Predicted: 0 | True: 0 | Time: 0.9409s
Record 861/1000 | Predicted: 0 | True: 0 | Time: 0.9622s
Record 862/1000 | Predicted: 0 | True: 0 | Time: 0.9117s
Record 863/1000 | Predicted: 0 | True: 0 | Time: 0.9388s
Record 864/1000 | Predicted: 0 | True: 0 | Time: 0.9536s
Record 865/1000 | Predicted: 0 | True: 0 | Time: 0.9920s
Record 866/1000 | Predicted: 0 | True: 0 | Time: 0.9376s
Record 867/1000 | Predicted: 0 | True: 0 | Time: 0.9277s
Record 868/1000 | Predicted: 0 | True: 0 | Time: 0.9220s
Record 869/1000 | Predicted: 0 | True: 0 | Time: 0.9502s
Record 870/1000 | Predicted: 0 | True: 0 | Time: 0.9362s
Record 871/1000 | Predicted: 0 | True: 1 | Time: 0.9667s
Record 872/1000 | Predicted: 0 | True: 0 | Time: 0.9611s
Record 873/1000 | Predicted: 0 | True: 0 | Time: 0.9490s
Record 874/1000 | Predicted: 0 | True: 0 | Time: 0.9580s
Record 875/1000 | Predicted: 0 | True: 0 | Time: 0.9624s
Record 876/1000 | Predicted: 0 | True: 0 | Time: 0.9398s
Record 877/1000 | Predicted: 0 | True: 0 | Time: 0.9810s
Record 878/1000 | Predicted: 0 | True: 0 | Time: 0.9262s
Record 879/1000 | Predicted: 0 | True: 0 | Time: 0.9458s
Record 880/1000 | Predicted: 0 | True: 0 | Time: 0.9210s
Record 881/1000 | Predicted: 0 | True: 0 | Time: 0.9382s
Record 882/1000 | Predicted: 0 | True: 0 | Time: 0.9474s
Record 883/1000 | Predicted: 0 | True: 0 | Time: 0.9477s
Record 884/1000 | Predicted: 0 | True: 0 | Time: 0.9946s
Record 885/1000 | Predicted: 0 | True: 0 | Time: 0.9436s
Record 886/1000 | Predicted: 0 | True: 0 | Time: 0.9442s
Record 887/1000 | Predicted: 0 | True: 1 | Time: 0.9157s
Record 888/1000 | Predicted: 0 | True: 0 | Time: 0.9647s
Record 889/1000 | Predicted: 0 | True: 0 | Time: 0.9576s
Record 890/1000 | Predicted: 0 | True: 0 | Time: 0.9342s
Record 891/1000 | Predicted: 0 | True: 0 | Time: 0.9479s
Record 892/1000 | Predicted: 0 | True: 0 | Time: 0.9655s
Record 893/1000 | Predicted: 0 | True: 0 | Time: 0.9531s
Record 894/1000 | Predicted: 0 | True: 0 | Time: 0.9527s
Record 895/1000 | Predicted: 0 | True: 0 | Time: 0.9567s
Record 896/1000 | Predicted: 0 | True: 1 | Time: 0.9515s
Record 897/1000 | Predicted: 0 | True: 0 | Time: 0.9317s
Record 898/1000 | Predicted: 0 | True: 0 | Time: 0.9528s
Record 899/1000 | Predicted: 0 | True: 0 | Time: 0.9220s
Record 900/1000 | Predicted: 0 | True: 0 | Time: 0.9364s
Record 901/1000 | Predicted: 0 | True: 0 | Time: 0.9440s
Record 902/1000 | Predicted: 0 | True: 0 | Time: 0.9637s
Record 903/1000 | Predicted: 0 | True: 0 | Time: 0.9564s
Record 904/1000 | Predicted: 0 | True: 0 | Time: 0.9286s
Record 905/1000 | Predicted: 0 | True: 0 | Time: 0.9389s
Record 906/1000 | Predicted: 0 | True: 0 | Time: 0.9558s
Record 907/1000 | Predicted: 0 | True: 0 | Time: 0.9705s
Record 908/1000 | Predicted: 0 | True: 0 | Time: 0.9334s
Record 909/1000 | Predicted: 0 | True: 1 | Time: 0.9685s
Record 910/1000 | Predicted: 0 | True: 0 | Time: 0.9938s
Record 911/1000 | Predicted: 0 | True: 0 | Time: 0.9582s
Record 912/1000 | Predicted: 0 | True: 0 | Time: 0.9546s
Record 913/1000 | Predicted: 0 | True: 0 | Time: 0.9543s
Record 914/1000 | Predicted: 0 | True: 0 | Time: 0.9886s
Record 915/1000 | Predicted: 0 | True: 0 | Time: 0.9473s
Record 916/1000 | Predicted: 0 | True: 0 | Time: 0.9798s
Record 917/1000 | Predicted: 0 | True: 0 | Time: 0.9368s
Record 918/1000 | Predicted: 0 | True: 0 | Time: 0.9600s
Record 919/1000 | Predicted: 0 | True: 0 | Time: 0.9342s
Record 920/1000 | Predicted: 0 | True: 0 | Time: 0.9251s
Record 921/1000 | Predicted: 0 | True: 0 | Time: 0.9334s
Record 922/1000 | Predicted: 0 | True: 0 | Time: 0.9458s
Record 923/1000 | Predicted: 0 | True: 0 | Time: 0.9678s
Record 924/1000 | Predicted: 0 | True: 0 | Time: 0.9710s
Record 925/1000 | Predicted: 0 | True: 0 | Time: 0.9253s
Record 926/1000 | Predicted: 0 | True: 0 | Time: 0.9320s
Record 927/1000 | Predicted: 0 | True: 0 | Time: 0.9446s
Record 928/1000 | Predicted: 0 | True: 0 | Time: 1.0017s
Record 929/1000 | Predicted: 0 | True: 0 | Time: 0.9286s
Record 930/1000 | Predicted: 0 | True: 0 | Time: 0.9471s
Record 931/1000 | Predicted: 0 | True: 0 | Time: 0.9518s
Record 932/1000 | Predicted: 0 | True: 0 | Time: 0.9961s
Record 933/1000 | Predicted: 0 | True: 0 | Time: 0.9458s
Record 934/1000 | Predicted: 0 | True: 0 | Time: 0.9498s
Record 935/1000 | Predicted: 0 | True: 0 | Time: 0.9591s
Record 936/1000 | Predicted: 0 | True: 0 | Time: 0.9245s
Record 937/1000 | Predicted: 0 | True: 0 | Time: 0.9782s
Record 938/1000 | Predicted: 0 | True: 0 | Time: 0.9282s
Record 939/1000 | Predicted: 0 | True: 0 | Time: 0.9636s
Record 940/1000 | Predicted: 0 | True: 0 | Time: 0.9467s
Record 941/1000 | Predicted: 0 | True: 0 | Time: 0.9578s
Record 942/1000 | Predicted: 0 | True: 0 | Time: 0.9497s
Record 943/1000 | Predicted: 0 | True: 0 | Time: 0.9612s
Record 944/1000 | Predicted: 0 | True: 0 | Time: 0.9451s
Record 945/1000 | Predicted: 0 | True: 0 | Time: 0.9494s
Record 946/1000 | Predicted: 0 | True: 0 | Time: 0.9423s
Record 947/1000 | Predicted: 0 | True: 0 | Time: 0.9334s
Record 948/1000 | Predicted: 0 | True: 0 | Time: 0.9261s
Record 949/1000 | Predicted: 0 | True: 0 | Time: 0.9341s
Record 950/1000 | Predicted: 0 | True: 0 | Time: 0.9456s
Record 951/1000 | Predicted: 0 | True: 1 | Time: 0.9542s
Record 952/1000 | Predicted: 0 | True: 0 | Time: 0.9383s
Record 953/1000 | Predicted: 0 | True: 0 | Time: 0.9509s
Record 954/1000 | Predicted: 0 | True: 0 | Time: 0.9223s
Record 955/1000 | Predicted: 0 | True: 1 | Time: 0.9426s
Record 956/1000 | Predicted: 0 | True: 0 | Time: 0.9273s
Record 957/1000 | Predicted: 0 | True: 0 | Time: 0.9409s
Record 958/1000 | Predicted: 0 | True: 0 | Time: 0.9728s
Record 959/1000 | Predicted: 0 | True: 0 | Time: 0.9422s
Record 960/1000 | Predicted: 0 | True: 0 | Time: 0.9278s
Record 961/1000 | Predicted: 0 | True: 0 | Time: 0.9387s
Record 962/1000 | Predicted: 0 | True: 0 | Time: 0.9545s
Record 963/1000 | Predicted: 0 | True: 0 | Time: 0.9409s
Record 964/1000 | Predicted: 0 | True: 0 | Time: 0.9405s
Record 965/1000 | Predicted: 0 | True: 0 | Time: 0.9542s
Record 966/1000 | Predicted: 0 | True: 0 | Time: 0.9813s
Record 967/1000 | Predicted: 0 | True: 0 | Time: 0.9830s
Record 968/1000 | Predicted: 0 | True: 0 | Time: 0.9851s
Record 969/1000 | Predicted: 0 | True: 1 | Time: 0.9442s
Record 970/1000 | Predicted: 0 | True: 0 | Time: 0.9810s
Record 971/1000 | Predicted: 0 | True: 0 | Time: 0.9639s
Record 972/1000 | Predicted: 0 | True: 0 | Time: 0.9503s
Record 973/1000 | Predicted: 0 | True: 0 | Time: 0.9528s
Record 974/1000 | Predicted: 0 | True: 0 | Time: 0.9464s
Record 975/1000 | Predicted: 0 | True: 0 | Time: 0.9356s
Record 976/1000 | Predicted: 0 | True: 0 | Time: 0.9385s
Record 977/1000 | Predicted: 0 | True: 0 | Time: 0.9215s
Record 978/1000 | Predicted: 0 | True: 0 | Time: 0.9427s
Record 979/1000 | Predicted: 0 | True: 0 | Time: 0.9348s
Record 980/1000 | Predicted: 0 | True: 0 | Time: 0.9398s
Record 981/1000 | Predicted: 0 | True: 0 | Time: 0.9626s
Record 982/1000 | Predicted: 0 | True: 0 | Time: 0.9397s
Record 983/1000 | Predicted: 0 | True: 0 | Time: 0.9498s
Record 984/1000 | Predicted: 0 | True: 0 | Time: 0.9520s
Record 985/1000 | Predicted: 0 | True: 0 | Time: 0.9378s
Record 986/1000 | Predicted: 0 | True: 0 | Time: 0.9517s
Record 987/1000 | Predicted: 0 | True: 0 | Time: 0.9685s
Record 988/1000 | Predicted: 0 | True: 0 | Time: 0.9572s
Record 989/1000 | Predicted: 0 | True: 0 | Time: 0.9770s
Record 990/1000 | Predicted: 0 | True: 0 | Time: 0.9634s
Record 991/1000 | Predicted: 0 | True: 0 | Time: 0.9532s
Record 992/1000 | Predicted: 0 | True: 0 | Time: 0.9410s
Record 993/1000 | Predicted: 0 | True: 0 | Time: 0.9465s
Record 994/1000 | Predicted: 0 | True: 0 | Time: 0.9482s
Record 995/1000 | Predicted: 0 | True: 0 | Time: 0.9264s
Record 996/1000 | Predicted: 0 | True: 0 | Time: 0.9101s
Record 997/1000 | Predicted: 0 | True: 0 | Time: 0.9236s
Record 998/1000 | Predicted: 0 | True: 0 | Time: 0.9274s
Record 999/1000 | Predicted: 0 | True: 0 | Time: 1.1068s
Record 1000/1000 | Predicted: 0 | True: 0 | Time: 1.1580s

[STEP 4] Calculating final statistics...
[LOG] Current time: 2025-08-11 22:11:24 -03-0300

==================== INFERENCE SUMMARY ====================
Total records processed: 1000
   Total inference time: 950.8404 seconds
Mean inference time/record: 0.9508 seconds
=============================================================


==================== TESTING MODEL: estimators=2, depth=4, svd=100 ====================

Using cached SVD transformation for 100 components...
Final training data shape: (1794344, 100)
Final testing data shape: (448587, 100)
[LOG] Current time: 2025-08-11 22:11:24 -03-0300
--- FHE Prediction with Before & After Comparison ---

[STEP 1] Loading pre-compiled FHE circuit and preprocessor...

[STEP 2] Preparing and inspecting data on the CLIENT-SIDE before encryption...

[STEP 3] Processing all records...
Record 1/1000 | Predicted: 0 | True: 0 | Time: 1.6045s
Record 2/1000 | Predicted: 0 | True: 0 | Time: 1.4345s
Record 3/1000 | Predicted: 0 | True: 0 | Time: 1.4140s
Record 4/1000 | Predicted: 0 | True: 0 | Time: 1.4000s
Record 5/1000 | Predicted: 0 | True: 0 | Time: 1.3797s
Record 6/1000 | Predicted: 0 | True: 0 | Time: 1.4277s
Record 7/1000 | Predicted: 0 | True: 0 | Time: 1.4357s
Record 8/1000 | Predicted: 0 | True: 0 | Time: 1.3964s
Record 9/1000 | Predicted: 0 | True: 0 | Time: 1.4415s
Record 10/1000 | Predicted: 0 | True: 0 | Time: 1.4208s
Record 11/1000 | Predicted: 0 | True: 0 | Time: 1.4485s
Record 12/1000 | Predicted: 0 | True: 0 | Time: 1.4148s
Record 13/1000 | Predicted: 0 | True: 0 | Time: 1.4061s
Record 14/1000 | Predicted: 0 | True: 0 | Time: 1.3904s
Record 15/1000 | Predicted: 0 | True: 0 | Time: 1.3737s
Record 16/1000 | Predicted: 0 | True: 0 | Time: 1.4316s
Record 17/1000 | Predicted: 0 | True: 0 | Time: 1.4152s
Record 18/1000 | Predicted: 0 | True: 0 | Time: 1.4151s
Record 19/1000 | Predicted: 0 | True: 0 | Time: 1.4004s
Record 20/1000 | Predicted: 0 | True: 0 | Time: 1.4021s
Record 21/1000 | Predicted: 0 | True: 0 | Time: 1.3919s
Record 22/1000 | Predicted: 0 | True: 0 | Time: 1.3869s
Record 23/1000 | Predicted: 0 | True: 0 | Time: 1.3887s
Record 24/1000 | Predicted: 0 | True: 0 | Time: 1.4379s
Record 25/1000 | Predicted: 1 | True: 1 | Time: 1.4163s
Record 26/1000 | Predicted: 0 | True: 0 | Time: 1.4137s
Record 27/1000 | Predicted: 0 | True: 0 | Time: 1.3867s
Record 28/1000 | Predicted: 0 | True: 0 | Time: 1.3922s
Record 29/1000 | Predicted: 0 | True: 0 | Time: 1.4225s
Record 30/1000 | Predicted: 0 | True: 0 | Time: 1.4095s
Record 31/1000 | Predicted: 0 | True: 0 | Time: 1.3984s
Record 32/1000 | Predicted: 0 | True: 0 | Time: 1.3990s
Record 33/1000 | Predicted: 0 | True: 0 | Time: 1.4129s
Record 34/1000 | Predicted: 0 | True: 0 | Time: 1.4295s
Record 35/1000 | Predicted: 0 | True: 0 | Time: 1.4482s
Record 36/1000 | Predicted: 0 | True: 0 | Time: 1.4258s
Record 37/1000 | Predicted: 0 | True: 0 | Time: 1.3750s
Record 38/1000 | Predicted: 0 | True: 0 | Time: 1.4078s
Record 39/1000 | Predicted: 0 | True: 0 | Time: 1.4247s
Record 40/1000 | Predicted: 0 | True: 0 | Time: 1.4066s
Record 41/1000 | Predicted: 0 | True: 0 | Time: 1.4209s
Record 42/1000 | Predicted: 0 | True: 0 | Time: 1.3907s
Record 43/1000 | Predicted: 0 | True: 0 | Time: 1.4114s
Record 44/1000 | Predicted: 0 | True: 0 | Time: 1.4415s
Record 45/1000 | Predicted: 0 | True: 0 | Time: 1.4330s
Record 46/1000 | Predicted: 0 | True: 0 | Time: 1.3917s
Record 47/1000 | Predicted: 0 | True: 0 | Time: 1.4316s
Record 48/1000 | Predicted: 0 | True: 0 | Time: 1.4120s
Record 49/1000 | Predicted: 0 | True: 0 | Time: 1.4124s
Record 50/1000 | Predicted: 0 | True: 0 | Time: 1.4108s
Record 51/1000 | Predicted: 0 | True: 0 | Time: 1.4156s
Record 52/1000 | Predicted: 0 | True: 0 | Time: 1.3983s
Record 53/1000 | Predicted: 0 | True: 0 | Time: 1.4207s
Record 54/1000 | Predicted: 0 | True: 0 | Time: 1.4284s
Record 55/1000 | Predicted: 0 | True: 0 | Time: 1.4339s
Record 56/1000 | Predicted: 0 | True: 0 | Time: 1.4121s
Record 57/1000 | Predicted: 0 | True: 0 | Time: 1.3892s
Record 58/1000 | Predicted: 0 | True: 0 | Time: 1.4096s
Record 59/1000 | Predicted: 0 | True: 0 | Time: 1.4021s
Record 60/1000 | Predicted: 0 | True: 0 | Time: 1.4006s
Record 61/1000 | Predicted: 0 | True: 0 | Time: 1.4064s
Record 62/1000 | Predicted: 0 | True: 0 | Time: 1.4031s
Record 63/1000 | Predicted: 0 | True: 0 | Time: 1.4671s
Record 64/1000 | Predicted: 0 | True: 0 | Time: 1.4188s
Record 65/1000 | Predicted: 0 | True: 0 | Time: 1.4134s
Record 66/1000 | Predicted: 0 | True: 0 | Time: 1.4388s
Record 67/1000 | Predicted: 0 | True: 0 | Time: 1.3962s
Record 68/1000 | Predicted: 0 | True: 0 | Time: 1.4335s
Record 69/1000 | Predicted: 0 | True: 0 | Time: 1.4576s
Record 70/1000 | Predicted: 0 | True: 0 | Time: 1.4426s
Record 71/1000 | Predicted: 0 | True: 0 | Time: 1.4347s
Record 72/1000 | Predicted: 0 | True: 0 | Time: 1.4059s
Record 73/1000 | Predicted: 0 | True: 0 | Time: 1.3933s
Record 74/1000 | Predicted: 0 | True: 0 | Time: 1.4295s
Record 75/1000 | Predicted: 0 | True: 0 | Time: 1.4251s
Record 76/1000 | Predicted: 0 | True: 0 | Time: 1.4080s
Record 77/1000 | Predicted: 0 | True: 0 | Time: 1.4122s
Record 78/1000 | Predicted: 0 | True: 0 | Time: 1.4098s
Record 79/1000 | Predicted: 0 | True: 0 | Time: 1.4354s
Record 80/1000 | Predicted: 0 | True: 0 | Time: 1.4345s
Record 81/1000 | Predicted: 0 | True: 0 | Time: 1.4553s
Record 82/1000 | Predicted: 0 | True: 0 | Time: 1.4458s
Record 83/1000 | Predicted: 0 | True: 0 | Time: 1.4289s
Record 84/1000 | Predicted: 0 | True: 0 | Time: 1.4204s
Record 85/1000 | Predicted: 0 | True: 0 | Time: 1.4076s
Record 86/1000 | Predicted: 0 | True: 0 | Time: 1.3949s
Record 87/1000 | Predicted: 0 | True: 0 | Time: 1.4260s
Record 88/1000 | Predicted: 0 | True: 0 | Time: 1.4151s
Record 89/1000 | Predicted: 0 | True: 0 | Time: 1.4122s
Record 90/1000 | Predicted: 0 | True: 0 | Time: 1.4138s
Record 91/1000 | Predicted: 0 | True: 0 | Time: 1.4400s
Record 92/1000 | Predicted: 0 | True: 0 | Time: 1.3933s
Record 93/1000 | Predicted: 0 | True: 0 | Time: 1.4180s
Record 94/1000 | Predicted: 0 | True: 0 | Time: 1.4155s
Record 95/1000 | Predicted: 0 | True: 0 | Time: 1.4277s
Record 96/1000 | Predicted: 0 | True: 0 | Time: 1.4302s
Record 97/1000 | Predicted: 0 | True: 0 | Time: 1.4573s
Record 98/1000 | Predicted: 0 | True: 0 | Time: 1.4292s
Record 99/1000 | Predicted: 0 | True: 0 | Time: 1.3911s
Record 100/1000 | Predicted: 0 | True: 0 | Time: 1.4175s
Record 101/1000 | Predicted: 0 | True: 0 | Time: 1.4172s
Record 102/1000 | Predicted: 0 | True: 0 | Time: 1.4214s
Record 103/1000 | Predicted: 0 | True: 0 | Time: 1.3974s
Record 104/1000 | Predicted: 0 | True: 0 | Time: 1.4154s
Record 105/1000 | Predicted: 0 | True: 0 | Time: 1.4458s
Record 106/1000 | Predicted: 0 | True: 0 | Time: 1.3908s
Record 107/1000 | Predicted: 0 | True: 0 | Time: 1.4222s
Record 108/1000 | Predicted: 0 | True: 0 | Time: 1.4436s
Record 109/1000 | Predicted: 0 | True: 0 | Time: 1.4163s
Record 110/1000 | Predicted: 0 | True: 0 | Time: 1.4673s
Record 111/1000 | Predicted: 0 | True: 1 | Time: 1.4171s
Record 112/1000 | Predicted: 0 | True: 0 | Time: 1.4476s
Record 113/1000 | Predicted: 0 | True: 0 | Time: 1.4423s
Record 114/1000 | Predicted: 0 | True: 0 | Time: 1.4127s
Record 115/1000 | Predicted: 0 | True: 0 | Time: 1.4212s
Record 116/1000 | Predicted: 0 | True: 0 | Time: 1.3999s
Record 117/1000 | Predicted: 0 | True: 0 | Time: 1.4100s
Record 118/1000 | Predicted: 0 | True: 0 | Time: 1.4095s
Record 119/1000 | Predicted: 0 | True: 0 | Time: 1.4283s
Record 120/1000 | Predicted: 0 | True: 0 | Time: 1.4201s
Record 121/1000 | Predicted: 0 | True: 0 | Time: 1.4307s
Record 122/1000 | Predicted: 0 | True: 0 | Time: 1.4284s
Record 123/1000 | Predicted: 0 | True: 0 | Time: 1.4138s
Record 124/1000 | Predicted: 0 | True: 0 | Time: 1.4271s
Record 125/1000 | Predicted: 0 | True: 0 | Time: 1.4150s
Record 126/1000 | Predicted: 0 | True: 0 | Time: 1.4095s
Record 127/1000 | Predicted: 0 | True: 0 | Time: 1.4508s
Record 128/1000 | Predicted: 0 | True: 0 | Time: 1.4187s
Record 129/1000 | Predicted: 0 | True: 0 | Time: 1.4254s
Record 130/1000 | Predicted: 0 | True: 0 | Time: 1.4196s
Record 131/1000 | Predicted: 0 | True: 1 | Time: 1.4400s
Record 132/1000 | Predicted: 0 | True: 0 | Time: 1.4087s
Record 133/1000 | Predicted: 0 | True: 0 | Time: 1.4212s
Record 134/1000 | Predicted: 0 | True: 0 | Time: 1.4425s
Record 135/1000 | Predicted: 0 | True: 0 | Time: 1.4338s
Record 136/1000 | Predicted: 0 | True: 0 | Time: 1.4052s
Record 137/1000 | Predicted: 0 | True: 0 | Time: 1.4352s
Record 138/1000 | Predicted: 0 | True: 0 | Time: 1.3878s
Record 139/1000 | Predicted: 0 | True: 0 | Time: 1.4393s
Record 140/1000 | Predicted: 0 | True: 0 | Time: 1.4114s
Record 141/1000 | Predicted: 0 | True: 0 | Time: 1.4003s
Record 142/1000 | Predicted: 0 | True: 0 | Time: 1.3885s
Record 143/1000 | Predicted: 0 | True: 0 | Time: 1.4422s
Record 144/1000 | Predicted: 0 | True: 0 | Time: 1.3889s
Record 145/1000 | Predicted: 0 | True: 0 | Time: 1.4418s
Record 146/1000 | Predicted: 0 | True: 0 | Time: 1.4176s
Record 147/1000 | Predicted: 0 | True: 0 | Time: 1.4106s
Record 148/1000 | Predicted: 0 | True: 0 | Time: 1.4409s
Record 149/1000 | Predicted: 0 | True: 0 | Time: 1.4415s
Record 150/1000 | Predicted: 0 | True: 0 | Time: 1.4383s
Record 151/1000 | Predicted: 0 | True: 0 | Time: 1.4242s
Record 152/1000 | Predicted: 0 | True: 0 | Time: 1.4626s
Record 153/1000 | Predicted: 0 | True: 0 | Time: 1.4522s
Record 154/1000 | Predicted: 0 | True: 0 | Time: 1.4387s
Record 155/1000 | Predicted: 0 | True: 0 | Time: 1.4235s
Record 156/1000 | Predicted: 0 | True: 0 | Time: 1.3964s
Record 157/1000 | Predicted: 0 | True: 0 | Time: 1.4272s
Record 158/1000 | Predicted: 0 | True: 0 | Time: 1.3950s
Record 159/1000 | Predicted: 0 | True: 0 | Time: 1.4065s
Record 160/1000 | Predicted: 0 | True: 0 | Time: 1.4121s
Record 161/1000 | Predicted: 0 | True: 0 | Time: 1.4057s
Record 162/1000 | Predicted: 0 | True: 0 | Time: 1.4173s
Record 163/1000 | Predicted: 0 | True: 1 | Time: 1.4026s
Record 164/1000 | Predicted: 0 | True: 0 | Time: 1.4358s
Record 165/1000 | Predicted: 0 | True: 0 | Time: 1.4420s
Record 166/1000 | Predicted: 0 | True: 0 | Time: 1.4152s
Record 167/1000 | Predicted: 1 | True: 1 | Time: 1.4158s
Record 168/1000 | Predicted: 0 | True: 0 | Time: 1.4476s
Record 169/1000 | Predicted: 0 | True: 0 | Time: 1.3903s
Record 170/1000 | Predicted: 0 | True: 0 | Time: 1.4455s
Record 171/1000 | Predicted: 0 | True: 0 | Time: 1.4563s
Record 172/1000 | Predicted: 0 | True: 0 | Time: 1.4414s
Record 173/1000 | Predicted: 0 | True: 0 | Time: 1.4409s
Record 174/1000 | Predicted: 0 | True: 0 | Time: 1.4595s
Record 175/1000 | Predicted: 0 | True: 0 | Time: 1.4290s
Record 176/1000 | Predicted: 0 | True: 0 | Time: 1.4515s
Record 177/1000 | Predicted: 0 | True: 0 | Time: 1.4273s
Record 178/1000 | Predicted: 0 | True: 0 | Time: 1.4313s
Record 179/1000 | Predicted: 0 | True: 0 | Time: 1.4191s
Record 180/1000 | Predicted: 0 | True: 0 | Time: 1.4361s
Record 181/1000 | Predicted: 0 | True: 0 | Time: 1.4208s
Record 182/1000 | Predicted: 0 | True: 0 | Time: 1.4045s
Record 183/1000 | Predicted: 0 | True: 0 | Time: 1.4416s
Record 184/1000 | Predicted: 0 | True: 0 | Time: 1.4429s
Record 185/1000 | Predicted: 0 | True: 0 | Time: 1.4051s
Record 186/1000 | Predicted: 0 | True: 0 | Time: 1.4221s
Record 187/1000 | Predicted: 0 | True: 0 | Time: 1.4314s
Record 188/1000 | Predicted: 0 | True: 0 | Time: 1.4476s
Record 189/1000 | Predicted: 0 | True: 1 | Time: 1.4358s
Record 190/1000 | Predicted: 0 | True: 0 | Time: 1.4466s
Record 191/1000 | Predicted: 0 | True: 0 | Time: 1.4220s
Record 192/1000 | Predicted: 0 | True: 0 | Time: 1.4231s
Record 193/1000 | Predicted: 0 | True: 0 | Time: 1.4428s
Record 194/1000 | Predicted: 0 | True: 0 | Time: 1.4065s
Record 195/1000 | Predicted: 0 | True: 0 | Time: 1.4074s
Record 196/1000 | Predicted: 0 | True: 0 | Time: 1.4157s
Record 197/1000 | Predicted: 0 | True: 0 | Time: 1.3970s
Record 198/1000 | Predicted: 0 | True: 0 | Time: 1.4326s
Record 199/1000 | Predicted: 0 | True: 0 | Time: 1.4379s
Record 200/1000 | Predicted: 0 | True: 0 | Time: 1.4710s
Record 201/1000 | Predicted: 0 | True: 0 | Time: 1.4321s
Record 202/1000 | Predicted: 0 | True: 0 | Time: 1.4299s
Record 203/1000 | Predicted: 0 | True: 0 | Time: 1.4342s
Record 204/1000 | Predicted: 0 | True: 0 | Time: 1.4020s
Record 205/1000 | Predicted: 0 | True: 0 | Time: 1.4075s
Record 206/1000 | Predicted: 0 | True: 0 | Time: 1.4488s
Record 207/1000 | Predicted: 0 | True: 0 | Time: 1.4046s
Record 208/1000 | Predicted: 0 | True: 0 | Time: 1.4154s
Record 209/1000 | Predicted: 0 | True: 0 | Time: 1.4303s
Record 210/1000 | Predicted: 0 | True: 0 | Time: 1.4562s
Record 211/1000 | Predicted: 1 | True: 1 | Time: 1.3834s
Record 212/1000 | Predicted: 0 | True: 0 | Time: 1.4337s
Record 213/1000 | Predicted: 0 | True: 0 | Time: 1.4402s
Record 214/1000 | Predicted: 0 | True: 0 | Time: 1.4070s
Record 215/1000 | Predicted: 0 | True: 0 | Time: 1.4054s
Record 216/1000 | Predicted: 0 | True: 1 | Time: 1.4063s
Record 217/1000 | Predicted: 0 | True: 0 | Time: 1.4295s
Record 218/1000 | Predicted: 0 | True: 0 | Time: 1.4200s
Record 219/1000 | Predicted: 0 | True: 0 | Time: 1.4694s
Record 220/1000 | Predicted: 0 | True: 0 | Time: 1.4244s
Record 221/1000 | Predicted: 0 | True: 0 | Time: 1.4729s
Record 222/1000 | Predicted: 0 | True: 0 | Time: 1.4298s
Record 223/1000 | Predicted: 0 | True: 0 | Time: 1.4557s
Record 224/1000 | Predicted: 0 | True: 0 | Time: 1.4319s
Record 225/1000 | Predicted: 0 | True: 0 | Time: 1.4115s
Record 226/1000 | Predicted: 0 | True: 0 | Time: 1.4622s
Record 227/1000 | Predicted: 0 | True: 0 | Time: 1.4233s
Record 228/1000 | Predicted: 0 | True: 0 | Time: 1.4267s
Record 229/1000 | Predicted: 0 | True: 0 | Time: 1.4321s
Record 230/1000 | Predicted: 0 | True: 0 | Time: 1.4318s
Record 231/1000 | Predicted: 0 | True: 0 | Time: 1.4028s
Record 232/1000 | Predicted: 0 | True: 0 | Time: 1.4380s
Record 233/1000 | Predicted: 0 | True: 0 | Time: 1.3941s
Record 234/1000 | Predicted: 0 | True: 0 | Time: 1.4478s
Record 235/1000 | Predicted: 0 | True: 0 | Time: 1.4560s
Record 236/1000 | Predicted: 0 | True: 0 | Time: 1.4415s
Record 237/1000 | Predicted: 0 | True: 0 | Time: 1.4384s
Record 238/1000 | Predicted: 0 | True: 0 | Time: 1.4187s
Record 239/1000 | Predicted: 0 | True: 0 | Time: 1.4507s
Record 240/1000 | Predicted: 0 | True: 0 | Time: 1.4204s
Record 241/1000 | Predicted: 0 | True: 0 | Time: 1.4114s
Record 242/1000 | Predicted: 0 | True: 0 | Time: 1.3983s
Record 243/1000 | Predicted: 0 | True: 0 | Time: 1.4183s
Record 244/1000 | Predicted: 0 | True: 0 | Time: 1.4109s
Record 245/1000 | Predicted: 0 | True: 0 | Time: 1.4199s
Record 246/1000 | Predicted: 0 | True: 0 | Time: 1.3851s
Record 247/1000 | Predicted: 0 | True: 0 | Time: 1.4542s
Record 248/1000 | Predicted: 0 | True: 0 | Time: 1.4205s
Record 249/1000 | Predicted: 0 | True: 0 | Time: 1.3973s
Record 250/1000 | Predicted: 0 | True: 0 | Time: 1.4140s
Record 251/1000 | Predicted: 0 | True: 0 | Time: 1.4312s
Record 252/1000 | Predicted: 0 | True: 0 | Time: 1.4170s
Record 253/1000 | Predicted: 0 | True: 0 | Time: 1.4506s
Record 254/1000 | Predicted: 0 | True: 0 | Time: 1.4539s
Record 255/1000 | Predicted: 0 | True: 0 | Time: 1.4249s
Record 256/1000 | Predicted: 0 | True: 0 | Time: 1.4534s
Record 257/1000 | Predicted: 0 | True: 0 | Time: 1.4379s
Record 258/1000 | Predicted: 0 | True: 0 | Time: 1.4387s
Record 259/1000 | Predicted: 0 | True: 0 | Time: 1.4104s
Record 260/1000 | Predicted: 0 | True: 0 | Time: 1.4198s
Record 261/1000 | Predicted: 0 | True: 0 | Time: 1.4332s
Record 262/1000 | Predicted: 0 | True: 0 | Time: 1.3977s
Record 263/1000 | Predicted: 0 | True: 0 | Time: 1.4026s
Record 264/1000 | Predicted: 0 | True: 0 | Time: 1.4092s
Record 265/1000 | Predicted: 0 | True: 0 | Time: 1.4023s
Record 266/1000 | Predicted: 0 | True: 0 | Time: 1.4778s
Record 267/1000 | Predicted: 0 | True: 0 | Time: 1.3945s
Record 268/1000 | Predicted: 0 | True: 0 | Time: 1.4141s
Record 269/1000 | Predicted: 0 | True: 0 | Time: 1.4049s
Record 270/1000 | Predicted: 0 | True: 0 | Time: 1.4034s
Record 271/1000 | Predicted: 0 | True: 0 | Time: 1.4123s
Record 272/1000 | Predicted: 0 | True: 0 | Time: 1.4211s
Record 273/1000 | Predicted: 0 | True: 0 | Time: 1.4367s
Record 274/1000 | Predicted: 0 | True: 0 | Time: 1.4242s
Record 275/1000 | Predicted: 0 | True: 0 | Time: 1.4402s
Record 276/1000 | Predicted: 0 | True: 0 | Time: 1.4605s
Record 277/1000 | Predicted: 0 | True: 0 | Time: 1.4430s
Record 278/1000 | Predicted: 0 | True: 0 | Time: 1.4190s
Record 279/1000 | Predicted: 0 | True: 0 | Time: 1.4620s
Record 280/1000 | Predicted: 0 | True: 0 | Time: 1.4232s
Record 281/1000 | Predicted: 0 | True: 0 | Time: 1.4192s
Record 282/1000 | Predicted: 0 | True: 0 | Time: 1.4351s
Record 283/1000 | Predicted: 0 | True: 0 | Time: 1.4142s
Record 284/1000 | Predicted: 0 | True: 0 | Time: 1.4381s
Record 285/1000 | Predicted: 0 | True: 0 | Time: 1.4261s
Record 286/1000 | Predicted: 0 | True: 0 | Time: 1.4344s
Record 287/1000 | Predicted: 0 | True: 0 | Time: 1.4324s
Record 288/1000 | Predicted: 0 | True: 0 | Time: 1.4340s
Record 289/1000 | Predicted: 0 | True: 1 | Time: 1.4179s
Record 290/1000 | Predicted: 0 | True: 0 | Time: 1.4159s
Record 291/1000 | Predicted: 0 | True: 0 | Time: 1.4240s
Record 292/1000 | Predicted: 0 | True: 0 | Time: 1.4301s
Record 293/1000 | Predicted: 0 | True: 0 | Time: 1.4298s
Record 294/1000 | Predicted: 0 | True: 0 | Time: 1.4159s
Record 295/1000 | Predicted: 0 | True: 0 | Time: 1.4104s
Record 296/1000 | Predicted: 1 | True: 1 | Time: 1.4446s
Record 297/1000 | Predicted: 0 | True: 0 | Time: 1.3887s
Record 298/1000 | Predicted: 0 | True: 0 | Time: 1.3981s
Record 299/1000 | Predicted: 0 | True: 0 | Time: 1.4036s
Record 300/1000 | Predicted: 0 | True: 0 | Time: 1.4388s
Record 301/1000 | Predicted: 0 | True: 0 | Time: 1.3829s
Record 302/1000 | Predicted: 0 | True: 0 | Time: 1.4206s
Record 303/1000 | Predicted: 0 | True: 0 | Time: 1.4214s
Record 304/1000 | Predicted: 0 | True: 0 | Time: 1.4023s
Record 305/1000 | Predicted: 0 | True: 0 | Time: 1.4200s
Record 306/1000 | Predicted: 0 | True: 0 | Time: 1.4022s
Record 307/1000 | Predicted: 0 | True: 0 | Time: 1.4183s
Record 308/1000 | Predicted: 0 | True: 0 | Time: 1.4075s
Record 309/1000 | Predicted: 0 | True: 0 | Time: 1.4053s
Record 310/1000 | Predicted: 0 | True: 0 | Time: 1.3912s
Record 311/1000 | Predicted: 0 | True: 0 | Time: 1.4300s
Record 312/1000 | Predicted: 0 | True: 0 | Time: 1.4367s
Record 313/1000 | Predicted: 0 | True: 0 | Time: 1.4216s
Record 314/1000 | Predicted: 0 | True: 0 | Time: 1.4259s
Record 315/1000 | Predicted: 0 | True: 0 | Time: 1.4121s
Record 316/1000 | Predicted: 0 | True: 0 | Time: 1.3886s
Record 317/1000 | Predicted: 0 | True: 0 | Time: 1.3978s
Record 318/1000 | Predicted: 0 | True: 0 | Time: 1.4223s
Record 319/1000 | Predicted: 0 | True: 0 | Time: 1.4712s
Record 320/1000 | Predicted: 0 | True: 0 | Time: 1.4498s
Record 321/1000 | Predicted: 0 | True: 1 | Time: 1.3988s
Record 322/1000 | Predicted: 0 | True: 0 | Time: 1.3960s
Record 323/1000 | Predicted: 0 | True: 0 | Time: 1.4192s
Record 324/1000 | Predicted: 0 | True: 0 | Time: 1.4336s
Record 325/1000 | Predicted: 0 | True: 0 | Time: 1.4355s
Record 326/1000 | Predicted: 0 | True: 0 | Time: 1.4113s
Record 327/1000 | Predicted: 0 | True: 0 | Time: 1.4174s
Record 328/1000 | Predicted: 0 | True: 0 | Time: 1.4105s
Record 329/1000 | Predicted: 0 | True: 0 | Time: 1.4570s
Record 330/1000 | Predicted: 0 | True: 0 | Time: 1.4651s
Record 331/1000 | Predicted: 0 | True: 0 | Time: 1.4190s
Record 332/1000 | Predicted: 0 | True: 0 | Time: 1.3802s
Record 333/1000 | Predicted: 0 | True: 0 | Time: 1.4350s
Record 334/1000 | Predicted: 0 | True: 0 | Time: 1.3995s
Record 335/1000 | Predicted: 1 | True: 1 | Time: 1.4420s
Record 336/1000 | Predicted: 0 | True: 0 | Time: 1.4088s
Record 337/1000 | Predicted: 0 | True: 0 | Time: 1.4012s
Record 338/1000 | Predicted: 0 | True: 0 | Time: 1.4064s
Record 339/1000 | Predicted: 0 | True: 0 | Time: 1.4162s
Record 340/1000 | Predicted: 0 | True: 0 | Time: 1.4079s
Record 341/1000 | Predicted: 0 | True: 0 | Time: 1.3774s
Record 342/1000 | Predicted: 0 | True: 0 | Time: 1.4234s
Record 343/1000 | Predicted: 0 | True: 0 | Time: 1.4165s
Record 344/1000 | Predicted: 0 | True: 0 | Time: 1.4384s
Record 345/1000 | Predicted: 0 | True: 0 | Time: 1.4188s
Record 346/1000 | Predicted: 0 | True: 0 | Time: 1.4311s
Record 347/1000 | Predicted: 0 | True: 0 | Time: 1.4646s
Record 348/1000 | Predicted: 0 | True: 0 | Time: 1.4135s
Record 349/1000 | Predicted: 0 | True: 0 | Time: 1.4063s
Record 350/1000 | Predicted: 0 | True: 0 | Time: 1.4364s
Record 351/1000 | Predicted: 0 | True: 0 | Time: 1.4488s
Record 352/1000 | Predicted: 0 | True: 0 | Time: 1.3892s
Record 353/1000 | Predicted: 0 | True: 0 | Time: 1.4317s
Record 354/1000 | Predicted: 0 | True: 0 | Time: 1.4496s
Record 355/1000 | Predicted: 0 | True: 0 | Time: 1.4174s
Record 356/1000 | Predicted: 0 | True: 0 | Time: 1.4434s
Record 357/1000 | Predicted: 0 | True: 0 | Time: 1.4420s
Record 358/1000 | Predicted: 0 | True: 0 | Time: 1.4477s
Record 359/1000 | Predicted: 0 | True: 0 | Time: 1.4027s
Record 360/1000 | Predicted: 0 | True: 0 | Time: 1.4311s
Record 361/1000 | Predicted: 0 | True: 0 | Time: 1.4106s
Record 362/1000 | Predicted: 0 | True: 0 | Time: 1.4169s
Record 363/1000 | Predicted: 0 | True: 0 | Time: 1.3859s
Record 364/1000 | Predicted: 0 | True: 0 | Time: 1.4463s
Record 365/1000 | Predicted: 0 | True: 0 | Time: 1.4415s
Record 366/1000 | Predicted: 0 | True: 0 | Time: 1.4623s
Record 367/1000 | Predicted: 0 | True: 0 | Time: 1.4308s
Record 368/1000 | Predicted: 0 | True: 0 | Time: 1.4124s
Record 369/1000 | Predicted: 0 | True: 0 | Time: 1.4151s
Record 370/1000 | Predicted: 0 | True: 0 | Time: 1.4098s
Record 371/1000 | Predicted: 0 | True: 0 | Time: 1.3887s
Record 372/1000 | Predicted: 0 | True: 0 | Time: 1.4386s
Record 373/1000 | Predicted: 0 | True: 0 | Time: 1.4067s
Record 374/1000 | Predicted: 0 | True: 1 | Time: 1.3820s
Record 375/1000 | Predicted: 0 | True: 0 | Time: 1.4050s
Record 376/1000 | Predicted: 0 | True: 0 | Time: 1.4470s
Record 377/1000 | Predicted: 0 | True: 0 | Time: 1.4634s
Record 378/1000 | Predicted: 0 | True: 0 | Time: 1.4297s
Record 379/1000 | Predicted: 0 | True: 0 | Time: 1.3918s
Record 380/1000 | Predicted: 0 | True: 0 | Time: 1.3862s
Record 381/1000 | Predicted: 0 | True: 0 | Time: 1.4269s
Record 382/1000 | Predicted: 0 | True: 0 | Time: 1.4387s
Record 383/1000 | Predicted: 0 | True: 0 | Time: 1.4108s
Record 384/1000 | Predicted: 0 | True: 0 | Time: 1.4170s
Record 385/1000 | Predicted: 0 | True: 0 | Time: 1.4162s
Record 386/1000 | Predicted: 0 | True: 0 | Time: 1.4466s
Record 387/1000 | Predicted: 0 | True: 0 | Time: 1.4418s
Record 388/1000 | Predicted: 0 | True: 0 | Time: 1.4539s
Record 389/1000 | Predicted: 0 | True: 0 | Time: 1.4179s
Record 390/1000 | Predicted: 0 | True: 0 | Time: 1.4360s
Record 391/1000 | Predicted: 0 | True: 0 | Time: 1.4542s
Record 392/1000 | Predicted: 0 | True: 0 | Time: 1.4214s
Record 393/1000 | Predicted: 0 | True: 0 | Time: 1.4394s
Record 394/1000 | Predicted: 0 | True: 0 | Time: 1.3983s
Record 395/1000 | Predicted: 0 | True: 0 | Time: 1.3834s
Record 396/1000 | Predicted: 0 | True: 0 | Time: 1.4275s
Record 397/1000 | Predicted: 0 | True: 0 | Time: 1.4360s
Record 398/1000 | Predicted: 0 | True: 0 | Time: 1.4274s
Record 399/1000 | Predicted: 0 | True: 0 | Time: 1.4226s
Record 400/1000 | Predicted: 0 | True: 0 | Time: 1.4272s
Record 401/1000 | Predicted: 0 | True: 0 | Time: 1.3953s
Record 402/1000 | Predicted: 0 | True: 0 | Time: 1.4027s
Record 403/1000 | Predicted: 0 | True: 0 | Time: 1.4362s
Record 404/1000 | Predicted: 0 | True: 0 | Time: 1.4564s
Record 405/1000 | Predicted: 0 | True: 0 | Time: 1.4012s
Record 406/1000 | Predicted: 0 | True: 0 | Time: 1.3804s
Record 407/1000 | Predicted: 0 | True: 0 | Time: 1.4222s
Record 408/1000 | Predicted: 0 | True: 0 | Time: 1.4087s
Record 409/1000 | Predicted: 1 | True: 1 | Time: 1.4412s
Record 410/1000 | Predicted: 0 | True: 0 | Time: 1.3975s
Record 411/1000 | Predicted: 0 | True: 0 | Time: 1.4127s
Record 412/1000 | Predicted: 0 | True: 0 | Time: 1.5739s
Record 413/1000 | Predicted: 0 | True: 0 | Time: 1.8485s
Record 414/1000 | Predicted: 0 | True: 0 | Time: 1.4512s
Record 415/1000 | Predicted: 0 | True: 0 | Time: 1.4469s
Record 416/1000 | Predicted: 0 | True: 0 | Time: 1.4343s
Record 417/1000 | Predicted: 0 | True: 0 | Time: 1.3915s
Record 418/1000 | Predicted: 0 | True: 0 | Time: 1.4155s
Record 419/1000 | Predicted: 0 | True: 0 | Time: 1.4578s
Record 420/1000 | Predicted: 0 | True: 0 | Time: 1.3993s
Record 421/1000 | Predicted: 0 | True: 0 | Time: 1.4269s
Record 422/1000 | Predicted: 0 | True: 0 | Time: 1.4442s
Record 423/1000 | Predicted: 0 | True: 0 | Time: 1.4304s
Record 424/1000 | Predicted: 0 | True: 0 | Time: 1.4150s
Record 425/1000 | Predicted: 0 | True: 0 | Time: 1.4119s
Record 426/1000 | Predicted: 0 | True: 0 | Time: 1.4299s
Record 427/1000 | Predicted: 0 | True: 0 | Time: 1.4390s
Record 428/1000 | Predicted: 0 | True: 0 | Time: 1.4053s
Record 429/1000 | Predicted: 0 | True: 0 | Time: 1.4138s
Record 430/1000 | Predicted: 0 | True: 0 | Time: 1.4078s
Record 431/1000 | Predicted: 0 | True: 0 | Time: 1.4251s
Record 432/1000 | Predicted: 0 | True: 0 | Time: 1.4583s
Record 433/1000 | Predicted: 0 | True: 0 | Time: 1.4150s
Record 434/1000 | Predicted: 0 | True: 0 | Time: 1.4044s
Record 435/1000 | Predicted: 0 | True: 0 | Time: 1.4114s
Record 436/1000 | Predicted: 0 | True: 0 | Time: 1.4273s
Record 437/1000 | Predicted: 0 | True: 0 | Time: 1.4316s
Record 438/1000 | Predicted: 0 | True: 0 | Time: 1.4275s
Record 439/1000 | Predicted: 0 | True: 0 | Time: 1.4260s
Record 440/1000 | Predicted: 0 | True: 0 | Time: 1.3942s
Record 441/1000 | Predicted: 0 | True: 0 | Time: 1.4477s
Record 442/1000 | Predicted: 0 | True: 0 | Time: 1.4335s
Record 443/1000 | Predicted: 0 | True: 0 | Time: 1.4357s
Record 444/1000 | Predicted: 1 | True: 1 | Time: 1.4231s
Record 445/1000 | Predicted: 0 | True: 0 | Time: 1.4146s
Record 446/1000 | Predicted: 0 | True: 0 | Time: 1.4159s
Record 447/1000 | Predicted: 0 | True: 0 | Time: 1.3951s
Record 448/1000 | Predicted: 0 | True: 0 | Time: 1.4258s
Record 449/1000 | Predicted: 0 | True: 0 | Time: 1.4418s
Record 450/1000 | Predicted: 0 | True: 0 | Time: 1.4416s
Record 451/1000 | Predicted: 0 | True: 0 | Time: 1.4345s
Record 452/1000 | Predicted: 0 | True: 0 | Time: 1.4191s
Record 453/1000 | Predicted: 0 | True: 0 | Time: 1.4799s
Record 454/1000 | Predicted: 0 | True: 0 | Time: 1.4182s
Record 455/1000 | Predicted: 0 | True: 0 | Time: 1.4487s
Record 456/1000 | Predicted: 0 | True: 0 | Time: 1.4279s
Record 457/1000 | Predicted: 0 | True: 0 | Time: 1.4111s
Record 458/1000 | Predicted: 0 | True: 0 | Time: 1.4240s
Record 459/1000 | Predicted: 0 | True: 0 | Time: 1.4434s
Record 460/1000 | Predicted: 0 | True: 0 | Time: 1.3865s
Record 461/1000 | Predicted: 0 | True: 0 | Time: 1.4144s
Record 462/1000 | Predicted: 0 | True: 0 | Time: 1.4060s
Record 463/1000 | Predicted: 0 | True: 0 | Time: 1.4180s
Record 464/1000 | Predicted: 0 | True: 0 | Time: 1.4414s
Record 465/1000 | Predicted: 0 | True: 0 | Time: 1.4016s
Record 466/1000 | Predicted: 0 | True: 0 | Time: 1.4444s
Record 467/1000 | Predicted: 0 | True: 0 | Time: 1.4019s
Record 468/1000 | Predicted: 0 | True: 0 | Time: 1.4076s
Record 469/1000 | Predicted: 0 | True: 0 | Time: 1.4617s
Record 470/1000 | Predicted: 0 | True: 0 | Time: 1.4579s
Record 471/1000 | Predicted: 0 | True: 0 | Time: 1.4128s
Record 472/1000 | Predicted: 0 | True: 0 | Time: 1.4416s
Record 473/1000 | Predicted: 0 | True: 0 | Time: 1.4238s
Record 474/1000 | Predicted: 0 | True: 0 | Time: 1.4596s
Record 475/1000 | Predicted: 0 | True: 0 | Time: 1.4350s
Record 476/1000 | Predicted: 1 | True: 0 | Time: 1.4191s
Record 477/1000 | Predicted: 0 | True: 0 | Time: 1.4012s
Record 478/1000 | Predicted: 0 | True: 0 | Time: 1.4013s
Record 479/1000 | Predicted: 0 | True: 0 | Time: 1.4198s
Record 480/1000 | Predicted: 0 | True: 0 | Time: 1.3973s
Record 481/1000 | Predicted: 0 | True: 0 | Time: 1.4285s
Record 482/1000 | Predicted: 0 | True: 0 | Time: 1.3908s
Record 483/1000 | Predicted: 0 | True: 0 | Time: 1.4071s
Record 484/1000 | Predicted: 0 | True: 0 | Time: 1.3968s
Record 485/1000 | Predicted: 0 | True: 0 | Time: 1.4372s
Record 486/1000 | Predicted: 0 | True: 0 | Time: 1.4103s
Record 487/1000 | Predicted: 0 | True: 0 | Time: 1.4441s
Record 488/1000 | Predicted: 0 | True: 0 | Time: 1.4069s
Record 489/1000 | Predicted: 0 | True: 0 | Time: 1.3999s
Record 490/1000 | Predicted: 0 | True: 0 | Time: 1.4209s
Record 491/1000 | Predicted: 0 | True: 0 | Time: 1.4363s
Record 492/1000 | Predicted: 0 | True: 0 | Time: 1.3957s
Record 493/1000 | Predicted: 0 | True: 0 | Time: 1.4431s
Record 494/1000 | Predicted: 0 | True: 0 | Time: 1.4134s
Record 495/1000 | Predicted: 0 | True: 0 | Time: 1.4374s
Record 496/1000 | Predicted: 0 | True: 0 | Time: 1.4330s
Record 497/1000 | Predicted: 0 | True: 0 | Time: 1.4432s
Record 498/1000 | Predicted: 0 | True: 0 | Time: 1.4235s
Record 499/1000 | Predicted: 0 | True: 0 | Time: 1.3899s
Record 500/1000 | Predicted: 0 | True: 0 | Time: 1.4349s
Record 501/1000 | Predicted: 0 | True: 0 | Time: 1.3908s
Record 502/1000 | Predicted: 0 | True: 0 | Time: 1.4507s
Record 503/1000 | Predicted: 0 | True: 0 | Time: 1.4452s
Record 504/1000 | Predicted: 0 | True: 0 | Time: 1.3680s
Record 505/1000 | Predicted: 0 | True: 0 | Time: 1.4298s
Record 506/1000 | Predicted: 0 | True: 0 | Time: 1.4376s
Record 507/1000 | Predicted: 0 | True: 0 | Time: 1.4178s
Record 508/1000 | Predicted: 0 | True: 0 | Time: 1.4279s
Record 509/1000 | Predicted: 0 | True: 0 | Time: 1.3671s
Record 510/1000 | Predicted: 0 | True: 0 | Time: 1.4561s
Record 511/1000 | Predicted: 0 | True: 0 | Time: 1.4143s
Record 512/1000 | Predicted: 0 | True: 0 | Time: 1.4141s
Record 513/1000 | Predicted: 0 | True: 0 | Time: 1.4472s
Record 514/1000 | Predicted: 0 | True: 0 | Time: 1.4180s
Record 515/1000 | Predicted: 0 | True: 0 | Time: 1.4164s
Record 516/1000 | Predicted: 0 | True: 0 | Time: 1.4271s
Record 517/1000 | Predicted: 0 | True: 0 | Time: 1.4083s
Record 518/1000 | Predicted: 0 | True: 0 | Time: 1.4294s
Record 519/1000 | Predicted: 0 | True: 0 | Time: 1.3896s
Record 520/1000 | Predicted: 0 | True: 0 | Time: 1.4117s
Record 521/1000 | Predicted: 0 | True: 0 | Time: 1.4265s
Record 522/1000 | Predicted: 0 | True: 0 | Time: 1.4201s
Record 523/1000 | Predicted: 0 | True: 0 | Time: 1.4268s
Record 524/1000 | Predicted: 0 | True: 0 | Time: 1.4087s
Record 525/1000 | Predicted: 0 | True: 0 | Time: 1.4092s
Record 526/1000 | Predicted: 0 | True: 0 | Time: 1.4508s
Record 527/1000 | Predicted: 0 | True: 1 | Time: 1.4343s
Record 528/1000 | Predicted: 0 | True: 0 | Time: 1.4153s
Record 529/1000 | Predicted: 0 | True: 0 | Time: 1.4274s
Record 530/1000 | Predicted: 0 | True: 0 | Time: 1.4311s
Record 531/1000 | Predicted: 0 | True: 0 | Time: 1.4479s
Record 532/1000 | Predicted: 0 | True: 0 | Time: 1.4321s
Record 533/1000 | Predicted: 0 | True: 0 | Time: 1.4310s
Record 534/1000 | Predicted: 0 | True: 0 | Time: 1.4374s
Record 535/1000 | Predicted: 0 | True: 0 | Time: 1.4313s
Record 536/1000 | Predicted: 0 | True: 0 | Time: 1.3847s
Record 537/1000 | Predicted: 0 | True: 0 | Time: 1.4377s
Record 538/1000 | Predicted: 0 | True: 0 | Time: 1.4240s
Record 539/1000 | Predicted: 0 | True: 0 | Time: 1.4130s
Record 540/1000 | Predicted: 0 | True: 0 | Time: 1.4353s
Record 541/1000 | Predicted: 0 | True: 0 | Time: 1.3930s
Record 542/1000 | Predicted: 0 | True: 0 | Time: 1.3934s
Record 543/1000 | Predicted: 0 | True: 0 | Time: 1.4381s
Record 544/1000 | Predicted: 0 | True: 0 | Time: 1.3868s
Record 545/1000 | Predicted: 0 | True: 1 | Time: 1.4092s
Record 546/1000 | Predicted: 0 | True: 0 | Time: 1.4351s
Record 547/1000 | Predicted: 0 | True: 0 | Time: 1.4261s
Record 548/1000 | Predicted: 0 | True: 0 | Time: 1.4239s
Record 549/1000 | Predicted: 0 | True: 0 | Time: 1.4672s
Record 550/1000 | Predicted: 0 | True: 0 | Time: 1.4242s
Record 551/1000 | Predicted: 0 | True: 0 | Time: 1.4177s
Record 552/1000 | Predicted: 0 | True: 0 | Time: 1.4703s
Record 553/1000 | Predicted: 0 | True: 0 | Time: 1.4047s
Record 554/1000 | Predicted: 0 | True: 1 | Time: 1.4257s
Record 555/1000 | Predicted: 0 | True: 0 | Time: 1.3963s
Record 556/1000 | Predicted: 0 | True: 0 | Time: 1.3759s
Record 557/1000 | Predicted: 0 | True: 0 | Time: 1.4391s
Record 558/1000 | Predicted: 0 | True: 0 | Time: 1.4254s
Record 559/1000 | Predicted: 0 | True: 0 | Time: 1.4159s
Record 560/1000 | Predicted: 0 | True: 0 | Time: 1.4214s
Record 561/1000 | Predicted: 0 | True: 0 | Time: 1.4199s
Record 562/1000 | Predicted: 0 | True: 0 | Time: 1.4246s
Record 563/1000 | Predicted: 0 | True: 0 | Time: 1.3872s
Record 564/1000 | Predicted: 0 | True: 0 | Time: 1.4345s
Record 565/1000 | Predicted: 0 | True: 0 | Time: 1.4124s
Record 566/1000 | Predicted: 0 | True: 0 | Time: 1.4137s
Record 567/1000 | Predicted: 0 | True: 0 | Time: 1.4138s
Record 568/1000 | Predicted: 0 | True: 0 | Time: 1.4201s
Record 569/1000 | Predicted: 0 | True: 0 | Time: 1.4056s
Record 570/1000 | Predicted: 0 | True: 0 | Time: 1.4203s
Record 571/1000 | Predicted: 0 | True: 0 | Time: 1.4158s
Record 572/1000 | Predicted: 0 | True: 0 | Time: 1.4355s
Record 573/1000 | Predicted: 0 | True: 0 | Time: 1.4235s
Record 574/1000 | Predicted: 0 | True: 0 | Time: 1.4121s
Record 575/1000 | Predicted: 0 | True: 0 | Time: 1.4500s
Record 576/1000 | Predicted: 0 | True: 0 | Time: 1.4195s
Record 577/1000 | Predicted: 0 | True: 0 | Time: 1.4116s
Record 578/1000 | Predicted: 0 | True: 0 | Time: 1.3709s
Record 579/1000 | Predicted: 0 | True: 0 | Time: 1.4720s
Record 580/1000 | Predicted: 0 | True: 0 | Time: 1.4462s
Record 581/1000 | Predicted: 0 | True: 0 | Time: 1.4516s
Record 582/1000 | Predicted: 0 | True: 0 | Time: 1.4149s
Record 583/1000 | Predicted: 0 | True: 0 | Time: 1.4287s
Record 584/1000 | Predicted: 0 | True: 0 | Time: 1.4110s
Record 585/1000 | Predicted: 0 | True: 0 | Time: 1.4002s
Record 586/1000 | Predicted: 0 | True: 0 | Time: 1.4211s
Record 587/1000 | Predicted: 0 | True: 0 | Time: 1.4244s
Record 588/1000 | Predicted: 0 | True: 0 | Time: 1.3766s
Record 589/1000 | Predicted: 0 | True: 0 | Time: 1.4007s
Record 590/1000 | Predicted: 0 | True: 0 | Time: 1.4337s
Record 591/1000 | Predicted: 0 | True: 0 | Time: 1.4078s
Record 592/1000 | Predicted: 0 | True: 0 | Time: 1.4290s
Record 593/1000 | Predicted: 0 | True: 0 | Time: 1.4360s
Record 594/1000 | Predicted: 0 | True: 0 | Time: 1.4329s
Record 595/1000 | Predicted: 0 | True: 0 | Time: 1.4096s
Record 596/1000 | Predicted: 0 | True: 1 | Time: 1.4309s
Record 597/1000 | Predicted: 1 | True: 1 | Time: 1.4005s
Record 598/1000 | Predicted: 0 | True: 0 | Time: 1.3981s
Record 599/1000 | Predicted: 0 | True: 0 | Time: 1.3944s
Record 600/1000 | Predicted: 0 | True: 0 | Time: 1.4220s
Record 601/1000 | Predicted: 0 | True: 0 | Time: 1.4005s
Record 602/1000 | Predicted: 0 | True: 0 | Time: 1.4057s
Record 603/1000 | Predicted: 0 | True: 0 | Time: 1.3821s
Record 604/1000 | Predicted: 0 | True: 0 | Time: 1.4782s
Record 605/1000 | Predicted: 0 | True: 0 | Time: 1.4031s
Record 606/1000 | Predicted: 0 | True: 0 | Time: 1.4166s
Record 607/1000 | Predicted: 0 | True: 0 | Time: 1.3996s
Record 608/1000 | Predicted: 0 | True: 0 | Time: 1.4369s
Record 609/1000 | Predicted: 0 | True: 0 | Time: 1.4052s
Record 610/1000 | Predicted: 0 | True: 0 | Time: 1.4188s
Record 611/1000 | Predicted: 0 | True: 0 | Time: 1.4232s
Record 612/1000 | Predicted: 0 | True: 0 | Time: 1.4422s
Record 613/1000 | Predicted: 0 | True: 0 | Time: 1.4161s
Record 614/1000 | Predicted: 0 | True: 0 | Time: 1.4296s
Record 615/1000 | Predicted: 0 | True: 0 | Time: 1.4055s
Record 616/1000 | Predicted: 0 | True: 0 | Time: 1.4115s
Record 617/1000 | Predicted: 0 | True: 0 | Time: 1.4256s
Record 618/1000 | Predicted: 0 | True: 0 | Time: 1.4082s
Record 619/1000 | Predicted: 0 | True: 0 | Time: 1.4231s
Record 620/1000 | Predicted: 0 | True: 0 | Time: 1.4031s
Record 621/1000 | Predicted: 1 | True: 1 | Time: 1.4423s
Record 622/1000 | Predicted: 0 | True: 0 | Time: 1.4473s
Record 623/1000 | Predicted: 0 | True: 0 | Time: 1.4037s
Record 624/1000 | Predicted: 0 | True: 0 | Time: 1.3889s
Record 625/1000 | Predicted: 0 | True: 0 | Time: 1.4055s
Record 626/1000 | Predicted: 0 | True: 0 | Time: 1.3968s
Record 627/1000 | Predicted: 0 | True: 0 | Time: 1.4044s
Record 628/1000 | Predicted: 0 | True: 1 | Time: 1.3821s
Record 629/1000 | Predicted: 0 | True: 0 | Time: 1.4030s
Record 630/1000 | Predicted: 0 | True: 0 | Time: 1.4102s
Record 631/1000 | Predicted: 0 | True: 1 | Time: 1.4231s
Record 632/1000 | Predicted: 0 | True: 0 | Time: 1.4011s
Record 633/1000 | Predicted: 0 | True: 0 | Time: 1.3809s
Record 634/1000 | Predicted: 0 | True: 0 | Time: 1.3971s
Record 635/1000 | Predicted: 0 | True: 0 | Time: 1.3926s
Record 636/1000 | Predicted: 0 | True: 0 | Time: 1.4155s
Record 637/1000 | Predicted: 0 | True: 0 | Time: 1.4086s
Record 638/1000 | Predicted: 0 | True: 0 | Time: 1.4036s
Record 639/1000 | Predicted: 0 | True: 0 | Time: 1.4204s
Record 640/1000 | Predicted: 0 | True: 0 | Time: 1.3946s
Record 641/1000 | Predicted: 0 | True: 0 | Time: 1.4082s
Record 642/1000 | Predicted: 0 | True: 0 | Time: 1.4086s
Record 643/1000 | Predicted: 0 | True: 0 | Time: 1.3966s
Record 644/1000 | Predicted: 0 | True: 0 | Time: 1.4257s
Record 645/1000 | Predicted: 0 | True: 0 | Time: 1.4086s
Record 646/1000 | Predicted: 0 | True: 0 | Time: 1.4386s
Record 647/1000 | Predicted: 0 | True: 0 | Time: 1.4040s
Record 648/1000 | Predicted: 0 | True: 0 | Time: 1.4107s
Record 649/1000 | Predicted: 0 | True: 1 | Time: 1.4199s
Record 650/1000 | Predicted: 0 | True: 0 | Time: 1.3899s
Record 651/1000 | Predicted: 0 | True: 0 | Time: 1.3857s
Record 652/1000 | Predicted: 0 | True: 0 | Time: 1.4214s
Record 653/1000 | Predicted: 0 | True: 0 | Time: 1.4289s
Record 654/1000 | Predicted: 0 | True: 0 | Time: 1.4107s
Record 655/1000 | Predicted: 0 | True: 0 | Time: 1.4448s
Record 656/1000 | Predicted: 0 | True: 1 | Time: 1.4040s
Record 657/1000 | Predicted: 0 | True: 0 | Time: 1.4075s
Record 658/1000 | Predicted: 0 | True: 0 | Time: 1.4001s
Record 659/1000 | Predicted: 0 | True: 1 | Time: 1.4319s
Record 660/1000 | Predicted: 0 | True: 0 | Time: 1.4005s
Record 661/1000 | Predicted: 0 | True: 0 | Time: 1.4452s
Record 662/1000 | Predicted: 0 | True: 0 | Time: 1.3950s
Record 663/1000 | Predicted: 0 | True: 0 | Time: 1.4677s
Record 664/1000 | Predicted: 0 | True: 0 | Time: 1.3840s
Record 665/1000 | Predicted: 0 | True: 0 | Time: 1.3991s
Record 666/1000 | Predicted: 0 | True: 0 | Time: 1.3963s
Record 667/1000 | Predicted: 0 | True: 0 | Time: 1.4172s
Record 668/1000 | Predicted: 0 | True: 0 | Time: 1.4311s
Record 669/1000 | Predicted: 0 | True: 0 | Time: 1.4230s
Record 670/1000 | Predicted: 0 | True: 0 | Time: 1.3901s
Record 671/1000 | Predicted: 0 | True: 0 | Time: 1.3710s
Record 672/1000 | Predicted: 0 | True: 0 | Time: 1.4059s
Record 673/1000 | Predicted: 0 | True: 0 | Time: 1.3947s
Record 674/1000 | Predicted: 0 | True: 0 | Time: 1.3909s
Record 675/1000 | Predicted: 0 | True: 0 | Time: 1.4096s
Record 676/1000 | Predicted: 0 | True: 0 | Time: 1.4216s
Record 677/1000 | Predicted: 0 | True: 0 | Time: 1.3978s
Record 678/1000 | Predicted: 0 | True: 0 | Time: 1.4065s
Record 679/1000 | Predicted: 0 | True: 0 | Time: 1.3895s
Record 680/1000 | Predicted: 0 | True: 0 | Time: 1.3961s
Record 681/1000 | Predicted: 0 | True: 0 | Time: 1.4241s
Record 682/1000 | Predicted: 0 | True: 0 | Time: 1.4292s
Record 683/1000 | Predicted: 0 | True: 0 | Time: 1.4063s
Record 684/1000 | Predicted: 0 | True: 0 | Time: 1.3880s
Record 685/1000 | Predicted: 0 | True: 0 | Time: 1.4250s
Record 686/1000 | Predicted: 0 | True: 0 | Time: 1.4094s
Record 687/1000 | Predicted: 0 | True: 0 | Time: 1.4221s
Record 688/1000 | Predicted: 0 | True: 0 | Time: 1.4229s
Record 689/1000 | Predicted: 0 | True: 0 | Time: 1.4252s
Record 690/1000 | Predicted: 0 | True: 0 | Time: 1.4257s
Record 691/1000 | Predicted: 0 | True: 0 | Time: 1.3748s
Record 692/1000 | Predicted: 0 | True: 0 | Time: 1.4411s
Record 693/1000 | Predicted: 0 | True: 0 | Time: 1.4277s
Record 694/1000 | Predicted: 0 | True: 0 | Time: 1.3962s
Record 695/1000 | Predicted: 0 | True: 0 | Time: 1.3890s
Record 696/1000 | Predicted: 0 | True: 0 | Time: 1.4188s
Record 697/1000 | Predicted: 0 | True: 0 | Time: 1.4182s
Record 698/1000 | Predicted: 0 | True: 0 | Time: 1.4130s
Record 699/1000 | Predicted: 0 | True: 0 | Time: 1.3761s
Record 700/1000 | Predicted: 0 | True: 0 | Time: 1.4520s
Record 701/1000 | Predicted: 0 | True: 0 | Time: 1.4180s
Record 702/1000 | Predicted: 0 | True: 0 | Time: 1.4127s
Record 703/1000 | Predicted: 0 | True: 0 | Time: 1.4052s
Record 704/1000 | Predicted: 0 | True: 0 | Time: 1.3731s
Record 705/1000 | Predicted: 0 | True: 0 | Time: 1.4409s
Record 706/1000 | Predicted: 0 | True: 0 | Time: 1.4079s
Record 707/1000 | Predicted: 0 | True: 0 | Time: 1.4173s
Record 708/1000 | Predicted: 0 | True: 0 | Time: 1.4335s
Record 709/1000 | Predicted: 0 | True: 0 | Time: 1.3757s
Record 710/1000 | Predicted: 0 | True: 0 | Time: 1.4411s
Record 711/1000 | Predicted: 0 | True: 0 | Time: 1.4184s
Record 712/1000 | Predicted: 0 | True: 0 | Time: 1.4298s
Record 713/1000 | Predicted: 0 | True: 0 | Time: 1.4376s
Record 714/1000 | Predicted: 0 | True: 0 | Time: 1.3968s
Record 715/1000 | Predicted: 0 | True: 0 | Time: 1.4589s
Record 716/1000 | Predicted: 0 | True: 0 | Time: 1.4353s
Record 717/1000 | Predicted: 0 | True: 0 | Time: 1.4310s
Record 718/1000 | Predicted: 0 | True: 0 | Time: 1.4249s
Record 719/1000 | Predicted: 0 | True: 0 | Time: 1.4392s
Record 720/1000 | Predicted: 0 | True: 0 | Time: 1.4298s
Record 721/1000 | Predicted: 0 | True: 0 | Time: 1.4161s
Record 722/1000 | Predicted: 0 | True: 1 | Time: 1.4235s
Record 723/1000 | Predicted: 0 | True: 0 | Time: 1.4289s
Record 724/1000 | Predicted: 0 | True: 0 | Time: 1.4035s
Record 725/1000 | Predicted: 0 | True: 0 | Time: 1.4041s
Record 726/1000 | Predicted: 0 | True: 0 | Time: 1.3835s
Record 727/1000 | Predicted: 0 | True: 0 | Time: 1.4416s
Record 728/1000 | Predicted: 0 | True: 0 | Time: 1.4156s
Record 729/1000 | Predicted: 0 | True: 0 | Time: 1.4174s
Record 730/1000 | Predicted: 0 | True: 0 | Time: 1.4384s
Record 731/1000 | Predicted: 0 | True: 0 | Time: 1.4130s
Record 732/1000 | Predicted: 0 | True: 0 | Time: 1.4267s
Record 733/1000 | Predicted: 0 | True: 0 | Time: 1.4053s
Record 734/1000 | Predicted: 0 | True: 0 | Time: 1.4197s
Record 735/1000 | Predicted: 0 | True: 0 | Time: 1.3912s
Record 736/1000 | Predicted: 0 | True: 0 | Time: 1.4196s
Record 737/1000 | Predicted: 0 | True: 0 | Time: 1.4467s
Record 738/1000 | Predicted: 0 | True: 0 | Time: 1.4374s
Record 739/1000 | Predicted: 0 | True: 0 | Time: 1.4182s
Record 740/1000 | Predicted: 0 | True: 0 | Time: 1.4408s
Record 741/1000 | Predicted: 0 | True: 0 | Time: 1.4091s
Record 742/1000 | Predicted: 0 | True: 0 | Time: 1.4389s
Record 743/1000 | Predicted: 0 | True: 0 | Time: 1.4040s
Record 744/1000 | Predicted: 0 | True: 0 | Time: 1.4488s
Record 745/1000 | Predicted: 0 | True: 0 | Time: 1.4518s
Record 746/1000 | Predicted: 0 | True: 0 | Time: 1.4170s
Record 747/1000 | Predicted: 0 | True: 0 | Time: 1.4289s
Record 748/1000 | Predicted: 0 | True: 0 | Time: 1.4035s
Record 749/1000 | Predicted: 0 | True: 0 | Time: 1.4314s
Record 750/1000 | Predicted: 0 | True: 0 | Time: 1.4242s
Record 751/1000 | Predicted: 0 | True: 0 | Time: 1.4061s
Record 752/1000 | Predicted: 0 | True: 0 | Time: 1.4056s
Record 753/1000 | Predicted: 0 | True: 0 | Time: 1.4117s
Record 754/1000 | Predicted: 0 | True: 0 | Time: 1.4435s
Record 755/1000 | Predicted: 0 | True: 0 | Time: 1.4407s
Record 756/1000 | Predicted: 0 | True: 0 | Time: 1.3889s
Record 757/1000 | Predicted: 0 | True: 0 | Time: 1.4168s
Record 758/1000 | Predicted: 0 | True: 0 | Time: 1.3980s
Record 759/1000 | Predicted: 0 | True: 0 | Time: 1.4027s
Record 760/1000 | Predicted: 0 | True: 0 | Time: 1.4284s
Record 761/1000 | Predicted: 0 | True: 0 | Time: 1.4270s
Record 762/1000 | Predicted: 0 | True: 0 | Time: 1.4370s
Record 763/1000 | Predicted: 0 | True: 0 | Time: 1.4093s
Record 764/1000 | Predicted: 0 | True: 0 | Time: 1.4299s
Record 765/1000 | Predicted: 0 | True: 0 | Time: 1.3932s
Record 766/1000 | Predicted: 0 | True: 0 | Time: 1.4202s
Record 767/1000 | Predicted: 0 | True: 0 | Time: 1.4180s
Record 768/1000 | Predicted: 0 | True: 0 | Time: 1.4011s
Record 769/1000 | Predicted: 0 | True: 1 | Time: 1.3999s
Record 770/1000 | Predicted: 0 | True: 0 | Time: 1.4283s
Record 771/1000 | Predicted: 0 | True: 0 | Time: 1.3981s
Record 772/1000 | Predicted: 0 | True: 0 | Time: 1.4266s
Record 773/1000 | Predicted: 1 | True: 1 | Time: 1.4238s
Record 774/1000 | Predicted: 0 | True: 0 | Time: 1.4077s
Record 775/1000 | Predicted: 0 | True: 0 | Time: 1.4264s
Record 776/1000 | Predicted: 0 | True: 0 | Time: 1.4140s
Record 777/1000 | Predicted: 0 | True: 0 | Time: 1.4071s
Record 778/1000 | Predicted: 0 | True: 0 | Time: 1.4316s
Record 779/1000 | Predicted: 0 | True: 0 | Time: 1.4055s
Record 780/1000 | Predicted: 0 | True: 0 | Time: 1.4235s
Record 781/1000 | Predicted: 0 | True: 0 | Time: 1.4193s
Record 782/1000 | Predicted: 0 | True: 0 | Time: 1.4252s
Record 783/1000 | Predicted: 0 | True: 0 | Time: 1.3990s
Record 784/1000 | Predicted: 0 | True: 0 | Time: 1.4066s
Record 785/1000 | Predicted: 0 | True: 0 | Time: 1.4296s
Record 786/1000 | Predicted: 0 | True: 0 | Time: 1.3960s
Record 787/1000 | Predicted: 0 | True: 0 | Time: 1.4215s
Record 788/1000 | Predicted: 0 | True: 0 | Time: 1.4258s
Record 789/1000 | Predicted: 0 | True: 0 | Time: 1.4545s
Record 790/1000 | Predicted: 0 | True: 0 | Time: 1.4282s
Record 791/1000 | Predicted: 0 | True: 0 | Time: 1.3859s
Record 792/1000 | Predicted: 0 | True: 0 | Time: 1.4688s
Record 793/1000 | Predicted: 0 | True: 0 | Time: 1.4072s
Record 794/1000 | Predicted: 0 | True: 0 | Time: 1.4353s
Record 795/1000 | Predicted: 0 | True: 0 | Time: 1.4303s
Record 796/1000 | Predicted: 0 | True: 0 | Time: 1.4130s
Record 797/1000 | Predicted: 0 | True: 0 | Time: 1.4104s
Record 798/1000 | Predicted: 0 | True: 0 | Time: 1.4281s
Record 799/1000 | Predicted: 0 | True: 0 | Time: 1.4324s
Record 800/1000 | Predicted: 0 | True: 0 | Time: 1.3979s
Record 801/1000 | Predicted: 0 | True: 0 | Time: 1.4142s
Record 802/1000 | Predicted: 0 | True: 0 | Time: 1.3892s
Record 803/1000 | Predicted: 0 | True: 0 | Time: 1.4225s
Record 804/1000 | Predicted: 0 | True: 0 | Time: 1.4206s
Record 805/1000 | Predicted: 1 | True: 1 | Time: 1.4434s
Record 806/1000 | Predicted: 0 | True: 0 | Time: 1.3974s
Record 807/1000 | Predicted: 0 | True: 0 | Time: 1.4356s
Record 808/1000 | Predicted: 0 | True: 0 | Time: 1.4073s
Record 809/1000 | Predicted: 0 | True: 0 | Time: 1.4061s
Record 810/1000 | Predicted: 0 | True: 0 | Time: 1.4200s
Record 811/1000 | Predicted: 0 | True: 0 | Time: 1.3988s
Record 812/1000 | Predicted: 0 | True: 0 | Time: 1.4085s
Record 813/1000 | Predicted: 0 | True: 0 | Time: 1.4464s
Record 814/1000 | Predicted: 0 | True: 0 | Time: 1.4315s
Record 815/1000 | Predicted: 1 | True: 1 | Time: 1.4072s
Record 816/1000 | Predicted: 0 | True: 0 | Time: 1.3942s
Record 817/1000 | Predicted: 0 | True: 0 | Time: 1.4314s
Record 818/1000 | Predicted: 0 | True: 0 | Time: 1.4092s
Record 819/1000 | Predicted: 0 | True: 0 | Time: 1.4253s
Record 820/1000 | Predicted: 0 | True: 0 | Time: 1.4051s
Record 821/1000 | Predicted: 0 | True: 0 | Time: 1.4093s
Record 822/1000 | Predicted: 0 | True: 0 | Time: 1.4217s
Record 823/1000 | Predicted: 0 | True: 1 | Time: 1.4034s
Record 824/1000 | Predicted: 0 | True: 0 | Time: 1.4331s
Record 825/1000 | Predicted: 0 | True: 0 | Time: 1.4419s
Record 826/1000 | Predicted: 0 | True: 0 | Time: 1.4361s
Record 827/1000 | Predicted: 0 | True: 0 | Time: 1.4571s
Record 828/1000 | Predicted: 0 | True: 0 | Time: 1.5201s
Record 829/1000 | Predicted: 0 | True: 1 | Time: 1.7190s
Record 830/1000 | Predicted: 0 | True: 0 | Time: 1.4778s
Record 831/1000 | Predicted: 0 | True: 0 | Time: 1.4374s
Record 832/1000 | Predicted: 0 | True: 0 | Time: 1.4319s
Record 833/1000 | Predicted: 0 | True: 0 | Time: 1.4190s
Record 834/1000 | Predicted: 0 | True: 0 | Time: 1.4293s
Record 835/1000 | Predicted: 0 | True: 0 | Time: 1.4600s
Record 836/1000 | Predicted: 0 | True: 1 | Time: 1.3926s
Record 837/1000 | Predicted: 0 | True: 0 | Time: 1.4215s
Record 838/1000 | Predicted: 0 | True: 0 | Time: 1.3798s
Record 839/1000 | Predicted: 0 | True: 0 | Time: 1.3846s
Record 840/1000 | Predicted: 0 | True: 0 | Time: 1.4272s
Record 841/1000 | Predicted: 0 | True: 0 | Time: 1.4007s
Record 842/1000 | Predicted: 0 | True: 0 | Time: 1.3849s
Record 843/1000 | Predicted: 0 | True: 0 | Time: 1.4270s
Record 844/1000 | Predicted: 0 | True: 0 | Time: 1.4192s
Record 845/1000 | Predicted: 0 | True: 0 | Time: 1.4623s
Record 846/1000 | Predicted: 0 | True: 0 | Time: 1.4165s
Record 847/1000 | Predicted: 0 | True: 0 | Time: 1.4334s
Record 848/1000 | Predicted: 0 | True: 0 | Time: 1.4639s
Record 849/1000 | Predicted: 0 | True: 0 | Time: 1.4015s
Record 850/1000 | Predicted: 0 | True: 0 | Time: 1.4454s
Record 851/1000 | Predicted: 0 | True: 0 | Time: 1.4153s
Record 852/1000 | Predicted: 0 | True: 0 | Time: 1.4073s
Record 853/1000 | Predicted: 0 | True: 0 | Time: 1.4186s
Record 854/1000 | Predicted: 0 | True: 0 | Time: 1.4025s
Record 855/1000 | Predicted: 0 | True: 0 | Time: 1.4431s
Record 856/1000 | Predicted: 0 | True: 0 | Time: 1.4350s
Record 857/1000 | Predicted: 0 | True: 0 | Time: 1.4353s
Record 858/1000 | Predicted: 0 | True: 0 | Time: 1.4250s
Record 859/1000 | Predicted: 0 | True: 0 | Time: 1.4051s
Record 860/1000 | Predicted: 0 | True: 0 | Time: 1.4408s
Record 861/1000 | Predicted: 0 | True: 0 | Time: 1.4255s
Record 862/1000 | Predicted: 0 | True: 0 | Time: 1.4577s
Record 863/1000 | Predicted: 0 | True: 0 | Time: 1.4254s
Record 864/1000 | Predicted: 0 | True: 0 | Time: 1.3827s
Record 865/1000 | Predicted: 0 | True: 0 | Time: 1.4139s
Record 866/1000 | Predicted: 0 | True: 0 | Time: 1.4211s
Record 867/1000 | Predicted: 0 | True: 0 | Time: 1.4831s
Record 868/1000 | Predicted: 0 | True: 0 | Time: 1.4280s
Record 869/1000 | Predicted: 0 | True: 0 | Time: 1.4408s
Record 870/1000 | Predicted: 0 | True: 0 | Time: 1.4223s
Record 871/1000 | Predicted: 1 | True: 1 | Time: 1.4670s
Record 872/1000 | Predicted: 0 | True: 0 | Time: 1.4546s
Record 873/1000 | Predicted: 0 | True: 0 | Time: 1.4076s
Record 874/1000 | Predicted: 0 | True: 0 | Time: 1.4288s
Record 875/1000 | Predicted: 0 | True: 0 | Time: 1.4084s
Record 876/1000 | Predicted: 0 | True: 0 | Time: 1.4246s
Record 877/1000 | Predicted: 0 | True: 0 | Time: 1.4452s
Record 878/1000 | Predicted: 0 | True: 0 | Time: 1.4095s
Record 879/1000 | Predicted: 0 | True: 0 | Time: 1.4319s
Record 880/1000 | Predicted: 0 | True: 0 | Time: 1.4279s
Record 881/1000 | Predicted: 0 | True: 0 | Time: 1.4132s
Record 882/1000 | Predicted: 0 | True: 0 | Time: 1.4199s
Record 883/1000 | Predicted: 0 | True: 0 | Time: 1.4302s
Record 884/1000 | Predicted: 0 | True: 0 | Time: 1.4622s
Record 885/1000 | Predicted: 0 | True: 0 | Time: 1.4284s
Record 886/1000 | Predicted: 0 | True: 0 | Time: 1.4052s
Record 887/1000 | Predicted: 0 | True: 1 | Time: 1.4162s
Record 888/1000 | Predicted: 0 | True: 0 | Time: 1.4131s
Record 889/1000 | Predicted: 0 | True: 0 | Time: 1.4506s
Record 890/1000 | Predicted: 0 | True: 0 | Time: 1.4277s
Record 891/1000 | Predicted: 0 | True: 0 | Time: 1.4417s
Record 892/1000 | Predicted: 0 | True: 0 | Time: 1.4349s
Record 893/1000 | Predicted: 0 | True: 0 | Time: 1.4055s
Record 894/1000 | Predicted: 0 | True: 0 | Time: 1.4328s
Record 895/1000 | Predicted: 0 | True: 0 | Time: 1.4269s
Record 896/1000 | Predicted: 1 | True: 1 | Time: 1.4376s
Record 897/1000 | Predicted: 0 | True: 0 | Time: 1.4240s
Record 898/1000 | Predicted: 0 | True: 0 | Time: 1.4217s
Record 899/1000 | Predicted: 0 | True: 0 | Time: 1.4309s
Record 900/1000 | Predicted: 0 | True: 0 | Time: 1.4037s
Record 901/1000 | Predicted: 0 | True: 0 | Time: 1.4418s
Record 902/1000 | Predicted: 0 | True: 0 | Time: 1.3851s
Record 903/1000 | Predicted: 0 | True: 0 | Time: 1.4234s
Record 904/1000 | Predicted: 0 | True: 0 | Time: 1.4295s
Record 905/1000 | Predicted: 0 | True: 0 | Time: 1.4745s
Record 906/1000 | Predicted: 0 | True: 0 | Time: 1.4307s
Record 907/1000 | Predicted: 0 | True: 0 | Time: 1.4182s
Record 908/1000 | Predicted: 0 | True: 0 | Time: 1.4142s
Record 909/1000 | Predicted: 0 | True: 1 | Time: 1.4469s
Record 910/1000 | Predicted: 0 | True: 0 | Time: 1.4342s
Record 911/1000 | Predicted: 0 | True: 0 | Time: 1.4511s
Record 912/1000 | Predicted: 0 | True: 0 | Time: 1.4306s
Record 913/1000 | Predicted: 0 | True: 0 | Time: 1.4295s
Record 914/1000 | Predicted: 0 | True: 0 | Time: 1.4227s
Record 915/1000 | Predicted: 0 | True: 0 | Time: 1.4168s
Record 916/1000 | Predicted: 0 | True: 0 | Time: 1.4347s
Record 917/1000 | Predicted: 0 | True: 0 | Time: 1.4039s
Record 918/1000 | Predicted: 0 | True: 0 | Time: 1.4056s
Record 919/1000 | Predicted: 0 | True: 0 | Time: 1.4148s
Record 920/1000 | Predicted: 0 | True: 0 | Time: 1.4378s
Record 921/1000 | Predicted: 0 | True: 0 | Time: 1.4285s
Record 922/1000 | Predicted: 0 | True: 0 | Time: 1.4057s
Record 923/1000 | Predicted: 0 | True: 0 | Time: 1.4256s
Record 924/1000 | Predicted: 0 | True: 0 | Time: 1.3925s
Record 925/1000 | Predicted: 0 | True: 0 | Time: 1.3965s
Record 926/1000 | Predicted: 0 | True: 0 | Time: 1.4010s
Record 927/1000 | Predicted: 0 | True: 0 | Time: 1.3923s
Record 928/1000 | Predicted: 0 | True: 0 | Time: 1.4043s
Record 929/1000 | Predicted: 0 | True: 0 | Time: 1.3870s
Record 930/1000 | Predicted: 0 | True: 0 | Time: 1.4267s
Record 931/1000 | Predicted: 0 | True: 0 | Time: 1.4323s
Record 932/1000 | Predicted: 0 | True: 0 | Time: 1.4384s
Record 933/1000 | Predicted: 0 | True: 0 | Time: 1.4166s
Record 934/1000 | Predicted: 0 | True: 0 | Time: 1.4191s
Record 935/1000 | Predicted: 0 | True: 0 | Time: 1.4424s
Record 936/1000 | Predicted: 0 | True: 0 | Time: 1.4303s
Record 937/1000 | Predicted: 0 | True: 0 | Time: 1.4383s
Record 938/1000 | Predicted: 0 | True: 0 | Time: 1.4130s
Record 939/1000 | Predicted: 0 | True: 0 | Time: 1.4297s
Record 940/1000 | Predicted: 0 | True: 0 | Time: 1.4560s
Record 941/1000 | Predicted: 0 | True: 0 | Time: 1.4001s
Record 942/1000 | Predicted: 0 | True: 0 | Time: 1.4439s
Record 943/1000 | Predicted: 0 | True: 0 | Time: 1.4389s
Record 944/1000 | Predicted: 0 | True: 0 | Time: 1.4305s
Record 945/1000 | Predicted: 0 | True: 0 | Time: 1.4433s
Record 946/1000 | Predicted: 0 | True: 0 | Time: 1.4153s
Record 947/1000 | Predicted: 0 | True: 0 | Time: 1.4006s
Record 948/1000 | Predicted: 0 | True: 0 | Time: 1.4230s
Record 949/1000 | Predicted: 0 | True: 0 | Time: 1.4249s
Record 950/1000 | Predicted: 0 | True: 0 | Time: 1.4261s
Record 951/1000 | Predicted: 0 | True: 1 | Time: 1.4066s
Record 952/1000 | Predicted: 0 | True: 0 | Time: 1.3969s
Record 953/1000 | Predicted: 0 | True: 0 | Time: 1.4397s
Record 954/1000 | Predicted: 0 | True: 0 | Time: 1.4766s
Record 955/1000 | Predicted: 1 | True: 1 | Time: 1.3858s
Record 956/1000 | Predicted: 0 | True: 0 | Time: 1.4358s
Record 957/1000 | Predicted: 0 | True: 0 | Time: 1.4285s
Record 958/1000 | Predicted: 0 | True: 0 | Time: 1.4398s
Record 959/1000 | Predicted: 0 | True: 0 | Time: 1.4390s
Record 960/1000 | Predicted: 0 | True: 0 | Time: 1.4204s
Record 961/1000 | Predicted: 0 | True: 0 | Time: 1.4318s
Record 962/1000 | Predicted: 0 | True: 0 | Time: 1.4617s
Record 963/1000 | Predicted: 0 | True: 0 | Time: 1.4454s
Record 964/1000 | Predicted: 0 | True: 0 | Time: 1.4118s
Record 965/1000 | Predicted: 0 | True: 0 | Time: 1.4332s
Record 966/1000 | Predicted: 0 | True: 0 | Time: 1.4338s
Record 967/1000 | Predicted: 0 | True: 0 | Time: 1.4453s
Record 968/1000 | Predicted: 0 | True: 0 | Time: 1.4547s
Record 969/1000 | Predicted: 1 | True: 1 | Time: 1.4031s
Record 970/1000 | Predicted: 0 | True: 0 | Time: 1.4008s
Record 971/1000 | Predicted: 0 | True: 0 | Time: 1.4525s
Record 972/1000 | Predicted: 0 | True: 0 | Time: 1.4405s
Record 973/1000 | Predicted: 0 | True: 0 | Time: 1.4146s
Record 974/1000 | Predicted: 0 | True: 0 | Time: 1.4019s
Record 975/1000 | Predicted: 0 | True: 0 | Time: 1.4179s
Record 976/1000 | Predicted: 0 | True: 0 | Time: 1.4387s
Record 977/1000 | Predicted: 0 | True: 0 | Time: 1.4507s
Record 978/1000 | Predicted: 0 | True: 0 | Time: 1.4144s
Record 979/1000 | Predicted: 0 | True: 0 | Time: 1.4107s
Record 980/1000 | Predicted: 0 | True: 0 | Time: 1.4504s
Record 981/1000 | Predicted: 0 | True: 0 | Time: 1.4136s
Record 982/1000 | Predicted: 0 | True: 0 | Time: 1.4391s
Record 983/1000 | Predicted: 0 | True: 0 | Time: 1.4437s
Record 984/1000 | Predicted: 0 | True: 0 | Time: 1.4148s
Record 985/1000 | Predicted: 0 | True: 0 | Time: 1.4189s
Record 986/1000 | Predicted: 0 | True: 0 | Time: 1.4211s
Record 987/1000 | Predicted: 0 | True: 0 | Time: 1.4439s
Record 988/1000 | Predicted: 0 | True: 0 | Time: 1.4415s
Record 989/1000 | Predicted: 0 | True: 0 | Time: 1.4387s
Record 990/1000 | Predicted: 0 | True: 0 | Time: 1.4327s
Record 991/1000 | Predicted: 0 | True: 0 | Time: 1.4176s
Record 992/1000 | Predicted: 0 | True: 0 | Time: 1.3742s
Record 993/1000 | Predicted: 0 | True: 0 | Time: 1.4093s
Record 994/1000 | Predicted: 0 | True: 0 | Time: 1.4007s
Record 995/1000 | Predicted: 0 | True: 0 | Time: 1.4265s
Record 996/1000 | Predicted: 0 | True: 0 | Time: 1.4048s
Record 997/1000 | Predicted: 0 | True: 0 | Time: 1.4190s
Record 998/1000 | Predicted: 0 | True: 0 | Time: 1.4351s
Record 999/1000 | Predicted: 0 | True: 0 | Time: 1.4306s
Record 1000/1000 | Predicted: 0 | True: 0 | Time: 1.4180s

[STEP 4] Calculating final statistics...
[LOG] Current time: 2025-08-11 22:35:31 -03-0300

==================== INFERENCE SUMMARY ====================
Total records processed: 1000
   Total inference time: 1422.2911 seconds
Mean inference time/record: 1.4223 seconds
=============================================================


==================== TESTING MODEL: estimators=4, depth=4, svd=100 ====================

Using cached SVD transformation for 100 components...
Final training data shape: (1794344, 100)
Final testing data shape: (448587, 100)
[LOG] Current time: 2025-08-11 22:35:31 -03-0300
--- FHE Prediction with Before & After Comparison ---

[STEP 1] Loading pre-compiled FHE circuit and preprocessor...

[STEP 2] Preparing and inspecting data on the CLIENT-SIDE before encryption...

[STEP 3] Processing all records...
Record 1/1000 | Predicted: 0 | True: 0 | Time: 2.0222s
Record 2/1000 | Predicted: 0 | True: 0 | Time: 2.0131s
Record 3/1000 | Predicted: 0 | True: 0 | Time: 1.9903s
Record 4/1000 | Predicted: 0 | True: 0 | Time: 1.9921s
Record 5/1000 | Predicted: 0 | True: 0 | Time: 2.0333s
Record 6/1000 | Predicted: 0 | True: 0 | Time: 2.0129s
Record 7/1000 | Predicted: 0 | True: 0 | Time: 2.0289s
Record 8/1000 | Predicted: 0 | True: 0 | Time: 1.9842s
Record 9/1000 | Predicted: 0 | True: 0 | Time: 1.9830s
Record 10/1000 | Predicted: 0 | True: 0 | Time: 2.0236s
Record 11/1000 | Predicted: 0 | True: 0 | Time: 1.9922s
Record 12/1000 | Predicted: 0 | True: 0 | Time: 2.0722s
Record 13/1000 | Predicted: 0 | True: 0 | Time: 2.0061s
Record 14/1000 | Predicted: 0 | True: 0 | Time: 2.0188s
Record 15/1000 | Predicted: 0 | True: 0 | Time: 1.9813s
Record 16/1000 | Predicted: 0 | True: 0 | Time: 2.0356s
Record 17/1000 | Predicted: 0 | True: 0 | Time: 2.0520s
Record 18/1000 | Predicted: 0 | True: 0 | Time: 2.0625s
Record 19/1000 | Predicted: 0 | True: 0 | Time: 2.0678s
Record 20/1000 | Predicted: 0 | True: 0 | Time: 2.0679s
Record 21/1000 | Predicted: 0 | True: 0 | Time: 2.0326s
Record 22/1000 | Predicted: 0 | True: 0 | Time: 1.9941s
Record 23/1000 | Predicted: 0 | True: 0 | Time: 2.0264s
Record 24/1000 | Predicted: 0 | True: 0 | Time: 2.0359s
Record 25/1000 | Predicted: 1 | True: 1 | Time: 2.0241s
Record 26/1000 | Predicted: 0 | True: 0 | Time: 2.0087s
Record 27/1000 | Predicted: 0 | True: 0 | Time: 2.0162s
Record 28/1000 | Predicted: 0 | True: 0 | Time: 2.0088s
Record 29/1000 | Predicted: 0 | True: 0 | Time: 2.0350s
Record 30/1000 | Predicted: 0 | True: 0 | Time: 1.9885s
Record 31/1000 | Predicted: 0 | True: 0 | Time: 2.0207s
Record 32/1000 | Predicted: 0 | True: 0 | Time: 2.0349s
Record 33/1000 | Predicted: 0 | True: 0 | Time: 2.0253s
Record 34/1000 | Predicted: 0 | True: 0 | Time: 2.0146s
Record 35/1000 | Predicted: 0 | True: 0 | Time: 2.0231s
Record 36/1000 | Predicted: 0 | True: 0 | Time: 2.0444s
Record 37/1000 | Predicted: 0 | True: 0 | Time: 2.0508s
Record 38/1000 | Predicted: 0 | True: 0 | Time: 2.0255s
Record 39/1000 | Predicted: 0 | True: 0 | Time: 2.0052s
Record 40/1000 | Predicted: 0 | True: 0 | Time: 2.0402s
Record 41/1000 | Predicted: 0 | True: 0 | Time: 2.0307s
Record 42/1000 | Predicted: 0 | True: 0 | Time: 2.0660s
Record 43/1000 | Predicted: 0 | True: 0 | Time: 2.0466s
Record 44/1000 | Predicted: 0 | True: 0 | Time: 2.0392s
Record 45/1000 | Predicted: 0 | True: 0 | Time: 2.0782s
Record 46/1000 | Predicted: 0 | True: 0 | Time: 1.9962s
Record 47/1000 | Predicted: 0 | True: 0 | Time: 1.9884s
Record 48/1000 | Predicted: 0 | True: 0 | Time: 2.0334s
Record 49/1000 | Predicted: 0 | True: 0 | Time: 2.0491s
Record 50/1000 | Predicted: 0 | True: 0 | Time: 2.0409s
Record 51/1000 | Predicted: 0 | True: 0 | Time: 2.0308s
Record 52/1000 | Predicted: 0 | True: 0 | Time: 2.0261s
Record 53/1000 | Predicted: 0 | True: 0 | Time: 2.0380s
Record 54/1000 | Predicted: 0 | True: 0 | Time: 2.0278s
Record 55/1000 | Predicted: 0 | True: 0 | Time: 2.0838s
Record 56/1000 | Predicted: 0 | True: 0 | Time: 2.0141s
Record 57/1000 | Predicted: 0 | True: 0 | Time: 1.9658s
Record 58/1000 | Predicted: 0 | True: 0 | Time: 1.9953s
Record 59/1000 | Predicted: 0 | True: 0 | Time: 2.0020s
Record 60/1000 | Predicted: 0 | True: 0 | Time: 2.0143s
Record 61/1000 | Predicted: 0 | True: 0 | Time: 2.0403s
Record 62/1000 | Predicted: 0 | True: 0 | Time: 2.0200s
Record 63/1000 | Predicted: 0 | True: 0 | Time: 1.9916s
Record 64/1000 | Predicted: 0 | True: 0 | Time: 2.0146s
Record 65/1000 | Predicted: 0 | True: 0 | Time: 1.9968s
Record 66/1000 | Predicted: 0 | True: 0 | Time: 1.9980s
Record 67/1000 | Predicted: 0 | True: 0 | Time: 2.0140s
Record 68/1000 | Predicted: 0 | True: 0 | Time: 2.0230s
Record 69/1000 | Predicted: 0 | True: 0 | Time: 2.0236s
Record 70/1000 | Predicted: 0 | True: 0 | Time: 2.0673s
Record 71/1000 | Predicted: 0 | True: 0 | Time: 1.9971s
Record 72/1000 | Predicted: 0 | True: 0 | Time: 1.9895s
Record 73/1000 | Predicted: 0 | True: 0 | Time: 2.0119s
Record 74/1000 | Predicted: 0 | True: 0 | Time: 1.9839s
Record 75/1000 | Predicted: 0 | True: 0 | Time: 2.0750s
Record 76/1000 | Predicted: 0 | True: 0 | Time: 2.0183s
Record 77/1000 | Predicted: 0 | True: 0 | Time: 2.0527s
Record 78/1000 | Predicted: 0 | True: 0 | Time: 2.0043s
Record 79/1000 | Predicted: 0 | True: 0 | Time: 2.0171s
Record 80/1000 | Predicted: 0 | True: 0 | Time: 2.0153s
Record 81/1000 | Predicted: 0 | True: 0 | Time: 2.0054s
Record 82/1000 | Predicted: 0 | True: 0 | Time: 2.0027s
Record 83/1000 | Predicted: 0 | True: 0 | Time: 2.0084s
Record 84/1000 | Predicted: 0 | True: 0 | Time: 2.0194s
Record 85/1000 | Predicted: 0 | True: 0 | Time: 2.0197s
Record 86/1000 | Predicted: 0 | True: 0 | Time: 1.9824s
Record 87/1000 | Predicted: 0 | True: 0 | Time: 2.0194s
Record 88/1000 | Predicted: 0 | True: 0 | Time: 2.0434s
Record 89/1000 | Predicted: 0 | True: 0 | Time: 2.0510s
Record 90/1000 | Predicted: 0 | True: 0 | Time: 2.0147s
Record 91/1000 | Predicted: 0 | True: 0 | Time: 2.0072s
Record 92/1000 | Predicted: 0 | True: 0 | Time: 1.9752s
Record 93/1000 | Predicted: 0 | True: 0 | Time: 2.0176s
Record 94/1000 | Predicted: 0 | True: 0 | Time: 2.0687s
Record 95/1000 | Predicted: 0 | True: 0 | Time: 2.0377s
Record 96/1000 | Predicted: 0 | True: 0 | Time: 2.0359s
Record 97/1000 | Predicted: 0 | True: 0 | Time: 2.0385s
Record 98/1000 | Predicted: 0 | True: 0 | Time: 2.0319s
Record 99/1000 | Predicted: 0 | True: 0 | Time: 2.0325s
Record 100/1000 | Predicted: 0 | True: 0 | Time: 1.9674s
Record 101/1000 | Predicted: 0 | True: 0 | Time: 1.9540s
Record 102/1000 | Predicted: 0 | True: 0 | Time: 2.0396s
Record 103/1000 | Predicted: 0 | True: 0 | Time: 2.0061s
Record 104/1000 | Predicted: 0 | True: 0 | Time: 2.0193s
Record 105/1000 | Predicted: 0 | True: 0 | Time: 2.0256s
Record 106/1000 | Predicted: 0 | True: 0 | Time: 2.0217s
Record 107/1000 | Predicted: 0 | True: 0 | Time: 1.9915s
Record 108/1000 | Predicted: 0 | True: 0 | Time: 1.9954s
Record 109/1000 | Predicted: 0 | True: 0 | Time: 2.0169s
Record 110/1000 | Predicted: 0 | True: 0 | Time: 1.9940s
Record 111/1000 | Predicted: 0 | True: 1 | Time: 2.0266s
Record 112/1000 | Predicted: 0 | True: 0 | Time: 2.0357s
Record 113/1000 | Predicted: 0 | True: 0 | Time: 2.0124s
Record 114/1000 | Predicted: 0 | True: 0 | Time: 2.0041s
Record 115/1000 | Predicted: 0 | True: 0 | Time: 2.0380s
Record 116/1000 | Predicted: 0 | True: 0 | Time: 2.0282s
Record 117/1000 | Predicted: 0 | True: 0 | Time: 2.0330s
Record 118/1000 | Predicted: 0 | True: 0 | Time: 2.0208s
Record 119/1000 | Predicted: 0 | True: 0 | Time: 1.9931s
Record 120/1000 | Predicted: 0 | True: 0 | Time: 2.0039s
Record 121/1000 | Predicted: 0 | True: 0 | Time: 2.0892s
Record 122/1000 | Predicted: 0 | True: 0 | Time: 2.0327s
Record 123/1000 | Predicted: 0 | True: 0 | Time: 2.0674s
Record 124/1000 | Predicted: 0 | True: 0 | Time: 2.0446s
Record 125/1000 | Predicted: 0 | True: 0 | Time: 2.0372s
Record 126/1000 | Predicted: 0 | True: 0 | Time: 2.0854s
Record 127/1000 | Predicted: 0 | True: 0 | Time: 2.0554s
Record 128/1000 | Predicted: 0 | True: 0 | Time: 2.0455s
Record 129/1000 | Predicted: 0 | True: 0 | Time: 2.0325s
Record 130/1000 | Predicted: 0 | True: 0 | Time: 2.0249s
Record 131/1000 | Predicted: 0 | True: 1 | Time: 2.0070s
Record 132/1000 | Predicted: 0 | True: 0 | Time: 1.9852s
Record 133/1000 | Predicted: 0 | True: 0 | Time: 2.0172s
Record 134/1000 | Predicted: 0 | True: 0 | Time: 2.0212s
Record 135/1000 | Predicted: 0 | True: 0 | Time: 2.0018s
Record 136/1000 | Predicted: 0 | True: 0 | Time: 1.9924s
Record 137/1000 | Predicted: 0 | True: 0 | Time: 1.9703s
Record 138/1000 | Predicted: 0 | True: 0 | Time: 2.0141s
Record 139/1000 | Predicted: 0 | True: 0 | Time: 2.0056s
Record 140/1000 | Predicted: 0 | True: 0 | Time: 2.0064s
Record 141/1000 | Predicted: 0 | True: 0 | Time: 2.0230s
Record 142/1000 | Predicted: 0 | True: 0 | Time: 2.0823s
Record 143/1000 | Predicted: 0 | True: 0 | Time: 2.0155s
Record 144/1000 | Predicted: 0 | True: 0 | Time: 1.9984s
Record 145/1000 | Predicted: 0 | True: 0 | Time: 1.9954s
Record 146/1000 | Predicted: 0 | True: 0 | Time: 1.9829s
Record 147/1000 | Predicted: 0 | True: 0 | Time: 2.0088s
Record 148/1000 | Predicted: 0 | True: 0 | Time: 2.0051s
Record 149/1000 | Predicted: 0 | True: 0 | Time: 1.9827s
Record 150/1000 | Predicted: 0 | True: 0 | Time: 2.0350s
Record 151/1000 | Predicted: 0 | True: 0 | Time: 2.0194s
Record 152/1000 | Predicted: 0 | True: 0 | Time: 2.0529s
Record 153/1000 | Predicted: 0 | True: 0 | Time: 2.0207s
Record 154/1000 | Predicted: 0 | True: 0 | Time: 2.0329s
Record 155/1000 | Predicted: 0 | True: 0 | Time: 2.0167s
Record 156/1000 | Predicted: 0 | True: 0 | Time: 2.0307s
Record 157/1000 | Predicted: 0 | True: 0 | Time: 2.0430s
Record 158/1000 | Predicted: 0 | True: 0 | Time: 2.0126s
Record 159/1000 | Predicted: 0 | True: 0 | Time: 2.0032s
Record 160/1000 | Predicted: 0 | True: 0 | Time: 1.9700s
Record 161/1000 | Predicted: 0 | True: 0 | Time: 2.0176s
Record 162/1000 | Predicted: 0 | True: 0 | Time: 1.9973s
Record 163/1000 | Predicted: 0 | True: 1 | Time: 1.9756s
Record 164/1000 | Predicted: 0 | True: 0 | Time: 2.0203s
Record 165/1000 | Predicted: 0 | True: 0 | Time: 2.0167s
Record 166/1000 | Predicted: 0 | True: 0 | Time: 2.0428s
Record 167/1000 | Predicted: 1 | True: 1 | Time: 1.9937s
Record 168/1000 | Predicted: 0 | True: 0 | Time: 1.9789s
Record 169/1000 | Predicted: 0 | True: 0 | Time: 2.0745s
Record 170/1000 | Predicted: 0 | True: 0 | Time: 2.2264s
Record 171/1000 | Predicted: 0 | True: 0 | Time: 2.4086s
Record 172/1000 | Predicted: 0 | True: 0 | Time: 2.1078s
Record 173/1000 | Predicted: 0 | True: 0 | Time: 2.0290s
Record 174/1000 | Predicted: 0 | True: 0 | Time: 1.9767s
Record 175/1000 | Predicted: 0 | True: 0 | Time: 2.0193s
Record 176/1000 | Predicted: 0 | True: 0 | Time: 1.9685s
Record 177/1000 | Predicted: 0 | True: 0 | Time: 1.9949s
Record 178/1000 | Predicted: 0 | True: 0 | Time: 2.0455s
Record 179/1000 | Predicted: 0 | True: 0 | Time: 2.0197s
Record 180/1000 | Predicted: 0 | True: 0 | Time: 2.0003s
Record 181/1000 | Predicted: 0 | True: 0 | Time: 1.9999s
Record 182/1000 | Predicted: 0 | True: 0 | Time: 2.0093s
Record 183/1000 | Predicted: 0 | True: 0 | Time: 2.0789s
Record 184/1000 | Predicted: 0 | True: 0 | Time: 2.0623s
Record 185/1000 | Predicted: 0 | True: 0 | Time: 2.0303s
Record 186/1000 | Predicted: 0 | True: 0 | Time: 1.9984s
Record 187/1000 | Predicted: 0 | True: 0 | Time: 1.9963s
Record 188/1000 | Predicted: 0 | True: 0 | Time: 1.9775s
Record 189/1000 | Predicted: 0 | True: 1 | Time: 1.9693s
Record 190/1000 | Predicted: 0 | True: 0 | Time: 2.0321s
Record 191/1000 | Predicted: 0 | True: 0 | Time: 2.0071s
Record 192/1000 | Predicted: 0 | True: 0 | Time: 2.0567s
Record 193/1000 | Predicted: 0 | True: 0 | Time: 1.9689s
Record 194/1000 | Predicted: 0 | True: 0 | Time: 2.0179s
Record 195/1000 | Predicted: 0 | True: 0 | Time: 2.0285s
Record 196/1000 | Predicted: 0 | True: 0 | Time: 1.9821s
Record 197/1000 | Predicted: 0 | True: 0 | Time: 1.9954s
Record 198/1000 | Predicted: 0 | True: 0 | Time: 2.0127s
Record 199/1000 | Predicted: 0 | True: 0 | Time: 2.0571s
Record 200/1000 | Predicted: 0 | True: 0 | Time: 2.0585s
Record 201/1000 | Predicted: 0 | True: 0 | Time: 2.0347s
Record 202/1000 | Predicted: 0 | True: 0 | Time: 1.9930s
Record 203/1000 | Predicted: 0 | True: 0 | Time: 2.0319s
Record 204/1000 | Predicted: 0 | True: 0 | Time: 2.0131s
Record 205/1000 | Predicted: 0 | True: 0 | Time: 2.0456s
Record 206/1000 | Predicted: 0 | True: 0 | Time: 2.0104s
Record 207/1000 | Predicted: 0 | True: 0 | Time: 2.0193s
Record 208/1000 | Predicted: 0 | True: 0 | Time: 2.0231s
Record 209/1000 | Predicted: 0 | True: 0 | Time: 1.9919s
Record 210/1000 | Predicted: 0 | True: 0 | Time: 1.9866s
Record 211/1000 | Predicted: 1 | True: 1 | Time: 1.9677s
Record 212/1000 | Predicted: 0 | True: 0 | Time: 2.0348s
Record 213/1000 | Predicted: 0 | True: 0 | Time: 2.0309s
Record 214/1000 | Predicted: 0 | True: 0 | Time: 2.0578s
Record 215/1000 | Predicted: 0 | True: 0 | Time: 2.0199s
Record 216/1000 | Predicted: 0 | True: 1 | Time: 1.9959s
Record 217/1000 | Predicted: 0 | True: 0 | Time: 2.0564s
Record 218/1000 | Predicted: 0 | True: 0 | Time: 2.0373s
Record 219/1000 | Predicted: 0 | True: 0 | Time: 2.0259s
Record 220/1000 | Predicted: 0 | True: 0 | Time: 2.0110s
Record 221/1000 | Predicted: 0 | True: 0 | Time: 2.0180s
Record 222/1000 | Predicted: 0 | True: 0 | Time: 2.0183s
Record 223/1000 | Predicted: 0 | True: 0 | Time: 1.9932s
Record 224/1000 | Predicted: 0 | True: 0 | Time: 2.0091s
Record 225/1000 | Predicted: 0 | True: 0 | Time: 2.0017s
Record 226/1000 | Predicted: 0 | True: 0 | Time: 2.0517s
Record 227/1000 | Predicted: 0 | True: 0 | Time: 2.0415s
Record 228/1000 | Predicted: 0 | True: 0 | Time: 2.0390s
Record 229/1000 | Predicted: 0 | True: 0 | Time: 2.0329s
Record 230/1000 | Predicted: 0 | True: 0 | Time: 2.0510s
Record 231/1000 | Predicted: 0 | True: 0 | Time: 2.0415s
Record 232/1000 | Predicted: 0 | True: 0 | Time: 1.9960s
Record 233/1000 | Predicted: 0 | True: 0 | Time: 2.0341s
Record 234/1000 | Predicted: 0 | True: 0 | Time: 2.0137s
Record 235/1000 | Predicted: 0 | True: 0 | Time: 1.9720s
Record 236/1000 | Predicted: 0 | True: 0 | Time: 2.0070s
Record 237/1000 | Predicted: 0 | True: 0 | Time: 2.0731s
Record 238/1000 | Predicted: 0 | True: 0 | Time: 2.0131s
Record 239/1000 | Predicted: 0 | True: 0 | Time: 2.0491s
Record 240/1000 | Predicted: 0 | True: 0 | Time: 2.0386s
Record 241/1000 | Predicted: 0 | True: 0 | Time: 2.0430s
Record 242/1000 | Predicted: 0 | True: 0 | Time: 2.0006s
Record 243/1000 | Predicted: 0 | True: 0 | Time: 1.9711s
Record 244/1000 | Predicted: 0 | True: 0 | Time: 2.0290s
Record 245/1000 | Predicted: 0 | True: 0 | Time: 1.9889s
Record 246/1000 | Predicted: 0 | True: 0 | Time: 2.0364s
Record 247/1000 | Predicted: 0 | True: 0 | Time: 2.0580s
Record 248/1000 | Predicted: 0 | True: 0 | Time: 2.0280s
Record 249/1000 | Predicted: 0 | True: 0 | Time: 2.0146s
Record 250/1000 | Predicted: 0 | True: 0 | Time: 2.0263s
Record 251/1000 | Predicted: 0 | True: 0 | Time: 2.0465s
Record 252/1000 | Predicted: 0 | True: 0 | Time: 2.0121s
Record 253/1000 | Predicted: 0 | True: 0 | Time: 2.0663s
Record 254/1000 | Predicted: 0 | True: 0 | Time: 2.0950s
Record 255/1000 | Predicted: 0 | True: 0 | Time: 2.0409s
Record 256/1000 | Predicted: 0 | True: 0 | Time: 2.0360s
Record 257/1000 | Predicted: 0 | True: 0 | Time: 2.0289s
Record 258/1000 | Predicted: 0 | True: 0 | Time: 1.9818s
Record 259/1000 | Predicted: 0 | True: 0 | Time: 2.0717s
Record 260/1000 | Predicted: 0 | True: 0 | Time: 2.0160s
Record 261/1000 | Predicted: 0 | True: 0 | Time: 2.0275s
Record 262/1000 | Predicted: 0 | True: 0 | Time: 1.9884s
Record 263/1000 | Predicted: 0 | True: 0 | Time: 2.0255s
Record 264/1000 | Predicted: 0 | True: 0 | Time: 2.0264s
Record 265/1000 | Predicted: 0 | True: 0 | Time: 2.0477s
Record 266/1000 | Predicted: 0 | True: 0 | Time: 1.9809s
Record 267/1000 | Predicted: 0 | True: 0 | Time: 1.9954s
Record 268/1000 | Predicted: 0 | True: 0 | Time: 2.0070s
Record 269/1000 | Predicted: 0 | True: 0 | Time: 2.0082s
Record 270/1000 | Predicted: 0 | True: 0 | Time: 2.1226s
Record 271/1000 | Predicted: 0 | True: 0 | Time: 2.0289s
Record 272/1000 | Predicted: 0 | True: 0 | Time: 1.9984s
Record 273/1000 | Predicted: 0 | True: 0 | Time: 2.0495s
Record 274/1000 | Predicted: 0 | True: 0 | Time: 1.9722s
Record 275/1000 | Predicted: 0 | True: 0 | Time: 2.0187s
Record 276/1000 | Predicted: 0 | True: 0 | Time: 1.9979s
Record 277/1000 | Predicted: 0 | True: 0 | Time: 2.0137s
Record 278/1000 | Predicted: 0 | True: 0 | Time: 2.0434s
Record 279/1000 | Predicted: 0 | True: 0 | Time: 1.9865s
Record 280/1000 | Predicted: 0 | True: 0 | Time: 2.0283s
Record 281/1000 | Predicted: 0 | True: 0 | Time: 2.0080s
Record 282/1000 | Predicted: 0 | True: 0 | Time: 2.0198s
Record 283/1000 | Predicted: 0 | True: 0 | Time: 2.0264s
Record 284/1000 | Predicted: 0 | True: 0 | Time: 2.0208s
Record 285/1000 | Predicted: 0 | True: 0 | Time: 2.0288s
Record 286/1000 | Predicted: 0 | True: 0 | Time: 2.0198s
Record 287/1000 | Predicted: 0 | True: 0 | Time: 2.0468s
Record 288/1000 | Predicted: 0 | True: 0 | Time: 2.0682s
Record 289/1000 | Predicted: 0 | True: 1 | Time: 1.9934s
Record 290/1000 | Predicted: 0 | True: 0 | Time: 2.0099s
Record 291/1000 | Predicted: 0 | True: 0 | Time: 2.0132s
Record 292/1000 | Predicted: 0 | True: 0 | Time: 2.0020s
Record 293/1000 | Predicted: 0 | True: 0 | Time: 1.9840s
Record 294/1000 | Predicted: 0 | True: 0 | Time: 1.9672s
Record 295/1000 | Predicted: 0 | True: 0 | Time: 1.9763s
Record 296/1000 | Predicted: 1 | True: 1 | Time: 2.0323s
Record 297/1000 | Predicted: 0 | True: 0 | Time: 2.0007s
Record 298/1000 | Predicted: 0 | True: 0 | Time: 1.9799s
Record 299/1000 | Predicted: 0 | True: 0 | Time: 2.0041s
Record 300/1000 | Predicted: 0 | True: 0 | Time: 2.0411s
Record 301/1000 | Predicted: 0 | True: 0 | Time: 2.0163s
Record 302/1000 | Predicted: 0 | True: 0 | Time: 2.0357s
Record 303/1000 | Predicted: 0 | True: 0 | Time: 2.0382s
Record 304/1000 | Predicted: 0 | True: 0 | Time: 2.0399s
Record 305/1000 | Predicted: 0 | True: 0 | Time: 1.9981s
Record 306/1000 | Predicted: 0 | True: 0 | Time: 2.0260s
Record 307/1000 | Predicted: 0 | True: 0 | Time: 2.0050s
Record 308/1000 | Predicted: 0 | True: 0 | Time: 2.0041s
Record 309/1000 | Predicted: 0 | True: 0 | Time: 2.0136s
Record 310/1000 | Predicted: 0 | True: 0 | Time: 2.0683s
Record 311/1000 | Predicted: 0 | True: 0 | Time: 1.9953s
Record 312/1000 | Predicted: 0 | True: 0 | Time: 2.0382s
Record 313/1000 | Predicted: 0 | True: 0 | Time: 2.0531s
Record 314/1000 | Predicted: 0 | True: 0 | Time: 2.0420s
Record 315/1000 | Predicted: 0 | True: 0 | Time: 2.0529s
Record 316/1000 | Predicted: 0 | True: 0 | Time: 2.0156s
Record 317/1000 | Predicted: 0 | True: 0 | Time: 2.0792s
Record 318/1000 | Predicted: 0 | True: 0 | Time: 2.0915s
Record 319/1000 | Predicted: 0 | True: 0 | Time: 2.0455s
Record 320/1000 | Predicted: 0 | True: 0 | Time: 2.0435s
Record 321/1000 | Predicted: 0 | True: 1 | Time: 2.0500s
Record 322/1000 | Predicted: 0 | True: 0 | Time: 2.0540s
Record 323/1000 | Predicted: 0 | True: 0 | Time: 2.0587s
Record 324/1000 | Predicted: 0 | True: 0 | Time: 2.0558s
Record 325/1000 | Predicted: 0 | True: 0 | Time: 2.0411s
Record 326/1000 | Predicted: 0 | True: 0 | Time: 2.0490s
Record 327/1000 | Predicted: 0 | True: 0 | Time: 2.0379s
Record 328/1000 | Predicted: 0 | True: 0 | Time: 2.0198s
Record 329/1000 | Predicted: 0 | True: 0 | Time: 1.9822s
Record 330/1000 | Predicted: 0 | True: 0 | Time: 1.9985s
Record 331/1000 | Predicted: 0 | True: 0 | Time: 1.9735s
Record 332/1000 | Predicted: 0 | True: 0 | Time: 1.9962s
Record 333/1000 | Predicted: 0 | True: 0 | Time: 2.0242s
Record 334/1000 | Predicted: 0 | True: 0 | Time: 2.0106s
Record 335/1000 | Predicted: 1 | True: 1 | Time: 2.0066s
Record 336/1000 | Predicted: 0 | True: 0 | Time: 1.9925s
Record 337/1000 | Predicted: 0 | True: 0 | Time: 2.0429s
Record 338/1000 | Predicted: 0 | True: 0 | Time: 2.0578s
Record 339/1000 | Predicted: 0 | True: 0 | Time: 2.0206s
Record 340/1000 | Predicted: 0 | True: 0 | Time: 2.0022s
Record 341/1000 | Predicted: 0 | True: 0 | Time: 2.0208s
Record 342/1000 | Predicted: 0 | True: 0 | Time: 2.0408s
Record 343/1000 | Predicted: 0 | True: 0 | Time: 2.0064s
Record 344/1000 | Predicted: 0 | True: 0 | Time: 2.0208s
Record 345/1000 | Predicted: 0 | True: 0 | Time: 1.9922s
Record 346/1000 | Predicted: 0 | True: 0 | Time: 2.0219s
Record 347/1000 | Predicted: 0 | True: 0 | Time: 2.0179s
Record 348/1000 | Predicted: 0 | True: 0 | Time: 1.9807s
Record 349/1000 | Predicted: 0 | True: 0 | Time: 2.0598s
Record 350/1000 | Predicted: 0 | True: 0 | Time: 1.9882s
Record 351/1000 | Predicted: 0 | True: 0 | Time: 2.0361s
Record 352/1000 | Predicted: 0 | True: 0 | Time: 2.0320s
Record 353/1000 | Predicted: 0 | True: 0 | Time: 2.0231s
Record 354/1000 | Predicted: 0 | True: 0 | Time: 2.0474s
Record 355/1000 | Predicted: 0 | True: 0 | Time: 2.0672s
Record 356/1000 | Predicted: 0 | True: 0 | Time: 2.0322s
Record 357/1000 | Predicted: 0 | True: 0 | Time: 1.9848s
Record 358/1000 | Predicted: 0 | True: 0 | Time: 2.0062s
Record 359/1000 | Predicted: 0 | True: 0 | Time: 2.0020s
Record 360/1000 | Predicted: 0 | True: 0 | Time: 1.9867s
Record 361/1000 | Predicted: 0 | True: 0 | Time: 1.9700s
Record 362/1000 | Predicted: 0 | True: 0 | Time: 1.9905s
Record 363/1000 | Predicted: 0 | True: 0 | Time: 2.0217s
Record 364/1000 | Predicted: 0 | True: 0 | Time: 2.0402s
Record 365/1000 | Predicted: 0 | True: 0 | Time: 2.0030s
Record 366/1000 | Predicted: 0 | True: 0 | Time: 2.0264s
Record 367/1000 | Predicted: 0 | True: 0 | Time: 2.0186s
Record 368/1000 | Predicted: 0 | True: 0 | Time: 2.0360s
Record 369/1000 | Predicted: 0 | True: 0 | Time: 2.0386s
Record 370/1000 | Predicted: 0 | True: 0 | Time: 2.0586s
Record 371/1000 | Predicted: 0 | True: 0 | Time: 2.0318s
Record 372/1000 | Predicted: 0 | True: 0 | Time: 2.0228s
Record 373/1000 | Predicted: 0 | True: 0 | Time: 2.0234s
Record 374/1000 | Predicted: 0 | True: 1 | Time: 2.0297s
Record 375/1000 | Predicted: 0 | True: 0 | Time: 2.0144s
Record 376/1000 | Predicted: 0 | True: 0 | Time: 2.0811s
Record 377/1000 | Predicted: 0 | True: 0 | Time: 2.0491s
Record 378/1000 | Predicted: 0 | True: 0 | Time: 2.0360s
Record 379/1000 | Predicted: 0 | True: 0 | Time: 2.0684s
Record 380/1000 | Predicted: 0 | True: 0 | Time: 2.0006s
Record 381/1000 | Predicted: 0 | True: 0 | Time: 2.0434s
Record 382/1000 | Predicted: 0 | True: 0 | Time: 2.0369s
Record 383/1000 | Predicted: 0 | True: 0 | Time: 2.0216s
Record 384/1000 | Predicted: 0 | True: 0 | Time: 2.0439s
Record 385/1000 | Predicted: 0 | True: 0 | Time: 2.0255s
Record 386/1000 | Predicted: 0 | True: 0 | Time: 1.9878s
Record 387/1000 | Predicted: 0 | True: 0 | Time: 2.0006s
Record 388/1000 | Predicted: 0 | True: 0 | Time: 2.0449s
Record 389/1000 | Predicted: 0 | True: 0 | Time: 1.9979s
Record 390/1000 | Predicted: 0 | True: 0 | Time: 1.9741s
Record 391/1000 | Predicted: 0 | True: 0 | Time: 1.9782s
Record 392/1000 | Predicted: 0 | True: 0 | Time: 2.0309s
Record 393/1000 | Predicted: 0 | True: 0 | Time: 2.0052s
Record 394/1000 | Predicted: 0 | True: 0 | Time: 2.0037s
Record 395/1000 | Predicted: 0 | True: 0 | Time: 1.9949s
Record 396/1000 | Predicted: 0 | True: 0 | Time: 1.9977s
Record 397/1000 | Predicted: 0 | True: 0 | Time: 1.9892s
Record 398/1000 | Predicted: 0 | True: 0 | Time: 2.0295s
Record 399/1000 | Predicted: 0 | True: 0 | Time: 2.0281s
Record 400/1000 | Predicted: 0 | True: 0 | Time: 2.0215s
Record 401/1000 | Predicted: 0 | True: 0 | Time: 1.9730s
Record 402/1000 | Predicted: 0 | True: 0 | Time: 1.9824s
Record 403/1000 | Predicted: 0 | True: 0 | Time: 1.9828s
Record 404/1000 | Predicted: 0 | True: 0 | Time: 2.0527s
Record 405/1000 | Predicted: 0 | True: 0 | Time: 1.9918s
Record 406/1000 | Predicted: 0 | True: 0 | Time: 2.0277s
Record 407/1000 | Predicted: 0 | True: 0 | Time: 2.0056s
Record 408/1000 | Predicted: 0 | True: 0 | Time: 2.0419s
Record 409/1000 | Predicted: 1 | True: 1 | Time: 1.9997s
Record 410/1000 | Predicted: 0 | True: 0 | Time: 2.0302s
Record 411/1000 | Predicted: 0 | True: 0 | Time: 2.0384s
Record 412/1000 | Predicted: 0 | True: 0 | Time: 2.0430s
Record 413/1000 | Predicted: 0 | True: 0 | Time: 1.9969s
Record 414/1000 | Predicted: 0 | True: 0 | Time: 1.9885s
Record 415/1000 | Predicted: 0 | True: 0 | Time: 1.9813s
Record 416/1000 | Predicted: 0 | True: 0 | Time: 2.0086s
Record 417/1000 | Predicted: 0 | True: 0 | Time: 1.9882s
Record 418/1000 | Predicted: 0 | True: 0 | Time: 1.9747s
Record 419/1000 | Predicted: 0 | True: 0 | Time: 1.9902s
Record 420/1000 | Predicted: 0 | True: 0 | Time: 2.0012s
Record 421/1000 | Predicted: 0 | True: 0 | Time: 1.9871s
Record 422/1000 | Predicted: 0 | True: 0 | Time: 2.0213s
Record 423/1000 | Predicted: 0 | True: 0 | Time: 1.9951s
Record 424/1000 | Predicted: 0 | True: 0 | Time: 2.0675s
Record 425/1000 | Predicted: 0 | True: 0 | Time: 2.0414s
Record 426/1000 | Predicted: 0 | True: 0 | Time: 2.0533s
Record 427/1000 | Predicted: 0 | True: 0 | Time: 2.0404s
Record 428/1000 | Predicted: 0 | True: 0 | Time: 2.0070s
Record 429/1000 | Predicted: 0 | True: 0 | Time: 2.1007s
Record 430/1000 | Predicted: 0 | True: 0 | Time: 2.0275s
Record 431/1000 | Predicted: 0 | True: 0 | Time: 2.0479s
Record 432/1000 | Predicted: 0 | True: 0 | Time: 2.0738s
Record 433/1000 | Predicted: 0 | True: 0 | Time: 2.0422s
Record 434/1000 | Predicted: 0 | True: 0 | Time: 2.0669s
Record 435/1000 | Predicted: 0 | True: 0 | Time: 2.0372s
Record 436/1000 | Predicted: 0 | True: 0 | Time: 2.0242s
Record 437/1000 | Predicted: 0 | True: 0 | Time: 2.0283s
Record 438/1000 | Predicted: 0 | True: 0 | Time: 2.0308s
Record 439/1000 | Predicted: 0 | True: 0 | Time: 2.0660s
Record 440/1000 | Predicted: 0 | True: 0 | Time: 2.0366s
Record 441/1000 | Predicted: 0 | True: 0 | Time: 2.0620s
Record 442/1000 | Predicted: 0 | True: 0 | Time: 2.0348s
Record 443/1000 | Predicted: 0 | True: 0 | Time: 2.0547s
Record 444/1000 | Predicted: 1 | True: 1 | Time: 2.0284s
Record 445/1000 | Predicted: 0 | True: 0 | Time: 2.0369s
Record 446/1000 | Predicted: 0 | True: 0 | Time: 2.0525s
Record 447/1000 | Predicted: 0 | True: 0 | Time: 2.0547s
Record 448/1000 | Predicted: 0 | True: 0 | Time: 2.0370s
Record 449/1000 | Predicted: 0 | True: 0 | Time: 2.0309s
Record 450/1000 | Predicted: 0 | True: 0 | Time: 2.0421s
Record 451/1000 | Predicted: 0 | True: 0 | Time: 2.0310s
Record 452/1000 | Predicted: 0 | True: 0 | Time: 2.0692s
Record 453/1000 | Predicted: 0 | True: 0 | Time: 2.0712s
Record 454/1000 | Predicted: 0 | True: 0 | Time: 2.0117s
Record 455/1000 | Predicted: 0 | True: 0 | Time: 2.0603s
Record 456/1000 | Predicted: 0 | True: 0 | Time: 2.0368s
Record 457/1000 | Predicted: 0 | True: 0 | Time: 2.0657s
Record 458/1000 | Predicted: 0 | True: 0 | Time: 2.0083s
Record 459/1000 | Predicted: 0 | True: 0 | Time: 1.9940s
Record 460/1000 | Predicted: 0 | True: 0 | Time: 1.9924s
Record 461/1000 | Predicted: 0 | True: 0 | Time: 2.0278s
Record 462/1000 | Predicted: 0 | True: 0 | Time: 2.0045s
Record 463/1000 | Predicted: 0 | True: 0 | Time: 2.0705s
Record 464/1000 | Predicted: 0 | True: 0 | Time: 2.4532s
Record 465/1000 | Predicted: 0 | True: 0 | Time: 2.0266s
Record 466/1000 | Predicted: 0 | True: 0 | Time: 2.1264s
Record 467/1000 | Predicted: 0 | True: 0 | Time: 2.0882s
Record 468/1000 | Predicted: 0 | True: 0 | Time: 2.0791s
Record 469/1000 | Predicted: 0 | True: 0 | Time: 2.0091s
Record 470/1000 | Predicted: 0 | True: 0 | Time: 2.0527s
Record 471/1000 | Predicted: 0 | True: 0 | Time: 2.0281s
Record 472/1000 | Predicted: 0 | True: 0 | Time: 2.0414s
Record 473/1000 | Predicted: 0 | True: 0 | Time: 2.0459s
Record 474/1000 | Predicted: 0 | True: 0 | Time: 2.0552s
Record 475/1000 | Predicted: 0 | True: 0 | Time: 2.0236s
Record 476/1000 | Predicted: 1 | True: 0 | Time: 2.0539s
Record 477/1000 | Predicted: 0 | True: 0 | Time: 2.0214s
Record 478/1000 | Predicted: 0 | True: 0 | Time: 2.0450s
Record 479/1000 | Predicted: 0 | True: 0 | Time: 2.0378s
Record 480/1000 | Predicted: 0 | True: 0 | Time: 2.0406s
Record 481/1000 | Predicted: 0 | True: 0 | Time: 2.0513s
Record 482/1000 | Predicted: 0 | True: 0 | Time: 2.0528s
Record 483/1000 | Predicted: 0 | True: 0 | Time: 2.0526s
Record 484/1000 | Predicted: 0 | True: 0 | Time: 2.0357s
Record 485/1000 | Predicted: 0 | True: 0 | Time: 2.0523s
Record 486/1000 | Predicted: 0 | True: 0 | Time: 2.0152s
Record 487/1000 | Predicted: 0 | True: 0 | Time: 2.0230s
Record 488/1000 | Predicted: 0 | True: 0 | Time: 2.0221s
Record 489/1000 | Predicted: 0 | True: 0 | Time: 2.0617s
Record 490/1000 | Predicted: 0 | True: 0 | Time: 2.0372s
Record 491/1000 | Predicted: 0 | True: 0 | Time: 2.0054s
Record 492/1000 | Predicted: 0 | True: 0 | Time: 2.0501s
Record 493/1000 | Predicted: 0 | True: 0 | Time: 2.0278s
Record 494/1000 | Predicted: 0 | True: 0 | Time: 2.0020s
Record 495/1000 | Predicted: 0 | True: 0 | Time: 2.0312s
Record 496/1000 | Predicted: 0 | True: 0 | Time: 2.0071s
Record 497/1000 | Predicted: 0 | True: 0 | Time: 2.0430s
Record 498/1000 | Predicted: 0 | True: 0 | Time: 2.0305s
Record 499/1000 | Predicted: 0 | True: 0 | Time: 2.0389s
Record 500/1000 | Predicted: 0 | True: 0 | Time: 2.0117s
Record 501/1000 | Predicted: 0 | True: 0 | Time: 2.0233s
Record 502/1000 | Predicted: 0 | True: 0 | Time: 2.0464s
Record 503/1000 | Predicted: 0 | True: 0 | Time: 2.0307s
Record 504/1000 | Predicted: 0 | True: 0 | Time: 1.9758s
Record 505/1000 | Predicted: 0 | True: 0 | Time: 1.9975s
Record 506/1000 | Predicted: 0 | True: 0 | Time: 2.0263s
Record 507/1000 | Predicted: 0 | True: 0 | Time: 1.9829s
Record 508/1000 | Predicted: 0 | True: 0 | Time: 2.0028s
Record 509/1000 | Predicted: 0 | True: 0 | Time: 1.9852s
Record 510/1000 | Predicted: 0 | True: 0 | Time: 2.0098s
Record 511/1000 | Predicted: 0 | True: 0 | Time: 2.0097s
Record 512/1000 | Predicted: 0 | True: 0 | Time: 2.0086s
Record 513/1000 | Predicted: 0 | True: 0 | Time: 2.0196s
Record 514/1000 | Predicted: 0 | True: 0 | Time: 2.0317s
Record 515/1000 | Predicted: 0 | True: 0 | Time: 1.9873s
Record 516/1000 | Predicted: 0 | True: 0 | Time: 1.9857s
Record 517/1000 | Predicted: 0 | True: 0 | Time: 2.0359s
Record 518/1000 | Predicted: 0 | True: 0 | Time: 2.0307s
Record 519/1000 | Predicted: 0 | True: 0 | Time: 2.0401s
Record 520/1000 | Predicted: 0 | True: 0 | Time: 2.0180s
Record 521/1000 | Predicted: 0 | True: 0 | Time: 2.0430s
Record 522/1000 | Predicted: 0 | True: 0 | Time: 2.0379s
Record 523/1000 | Predicted: 0 | True: 0 | Time: 2.0182s
Record 524/1000 | Predicted: 0 | True: 0 | Time: 1.9824s
Record 525/1000 | Predicted: 0 | True: 0 | Time: 2.0085s
Record 526/1000 | Predicted: 0 | True: 0 | Time: 2.0154s
Record 527/1000 | Predicted: 0 | True: 1 | Time: 2.0376s
Record 528/1000 | Predicted: 0 | True: 0 | Time: 2.0101s
Record 529/1000 | Predicted: 0 | True: 0 | Time: 2.0456s
Record 530/1000 | Predicted: 0 | True: 0 | Time: 2.0088s
Record 531/1000 | Predicted: 0 | True: 0 | Time: 1.9932s
Record 532/1000 | Predicted: 0 | True: 0 | Time: 2.0107s
Record 533/1000 | Predicted: 0 | True: 0 | Time: 2.0516s
Record 534/1000 | Predicted: 0 | True: 0 | Time: 2.0392s
Record 535/1000 | Predicted: 0 | True: 0 | Time: 2.0174s
Record 536/1000 | Predicted: 0 | True: 0 | Time: 1.9784s
Record 537/1000 | Predicted: 0 | True: 0 | Time: 1.9907s
Record 538/1000 | Predicted: 0 | True: 0 | Time: 2.0447s
Record 539/1000 | Predicted: 0 | True: 0 | Time: 2.0679s
Record 540/1000 | Predicted: 0 | True: 0 | Time: 2.0039s
Record 541/1000 | Predicted: 0 | True: 0 | Time: 1.9986s
Record 542/1000 | Predicted: 0 | True: 0 | Time: 1.9931s
Record 543/1000 | Predicted: 0 | True: 0 | Time: 2.0113s
Record 544/1000 | Predicted: 0 | True: 0 | Time: 2.0553s
Record 545/1000 | Predicted: 0 | True: 1 | Time: 2.0548s
Record 546/1000 | Predicted: 0 | True: 0 | Time: 2.0258s
Record 547/1000 | Predicted: 0 | True: 0 | Time: 2.0486s
Record 548/1000 | Predicted: 0 | True: 0 | Time: 2.0358s
Record 549/1000 | Predicted: 0 | True: 0 | Time: 2.0607s
Record 550/1000 | Predicted: 0 | True: 0 | Time: 2.0540s
Record 551/1000 | Predicted: 0 | True: 0 | Time: 2.0457s
Record 552/1000 | Predicted: 0 | True: 0 | Time: 2.0602s
Record 553/1000 | Predicted: 0 | True: 0 | Time: 1.9943s
Record 554/1000 | Predicted: 0 | True: 1 | Time: 2.0171s
Record 555/1000 | Predicted: 0 | True: 0 | Time: 2.0454s
Record 556/1000 | Predicted: 0 | True: 0 | Time: 2.0727s
Record 557/1000 | Predicted: 0 | True: 0 | Time: 2.0529s
Record 558/1000 | Predicted: 0 | True: 0 | Time: 2.0049s
Record 559/1000 | Predicted: 0 | True: 0 | Time: 1.9935s
Record 560/1000 | Predicted: 0 | True: 0 | Time: 2.0399s
Record 561/1000 | Predicted: 0 | True: 0 | Time: 2.0495s
Record 562/1000 | Predicted: 0 | True: 0 | Time: 2.0332s
Record 563/1000 | Predicted: 0 | True: 0 | Time: 2.0403s
Record 564/1000 | Predicted: 0 | True: 0 | Time: 2.0448s
Record 565/1000 | Predicted: 0 | True: 0 | Time: 1.9876s
Record 566/1000 | Predicted: 0 | True: 0 | Time: 2.0497s
Record 567/1000 | Predicted: 0 | True: 0 | Time: 1.9773s
Record 568/1000 | Predicted: 0 | True: 0 | Time: 2.0561s
Record 569/1000 | Predicted: 0 | True: 0 | Time: 1.9858s
Record 570/1000 | Predicted: 0 | True: 0 | Time: 1.9906s
Record 571/1000 | Predicted: 0 | True: 0 | Time: 2.0106s
Record 572/1000 | Predicted: 0 | True: 0 | Time: 1.9960s
Record 573/1000 | Predicted: 0 | True: 0 | Time: 2.0218s
Record 574/1000 | Predicted: 0 | True: 0 | Time: 2.0132s
Record 575/1000 | Predicted: 0 | True: 0 | Time: 2.0140s
Record 576/1000 | Predicted: 0 | True: 0 | Time: 1.9793s
Record 577/1000 | Predicted: 0 | True: 0 | Time: 2.0119s
Record 578/1000 | Predicted: 0 | True: 0 | Time: 1.9942s
Record 579/1000 | Predicted: 0 | True: 0 | Time: 1.9941s
Record 580/1000 | Predicted: 0 | True: 0 | Time: 2.0337s
Record 581/1000 | Predicted: 0 | True: 0 | Time: 2.0482s
Record 582/1000 | Predicted: 0 | True: 0 | Time: 2.0126s
Record 583/1000 | Predicted: 0 | True: 0 | Time: 2.0241s
Record 584/1000 | Predicted: 0 | True: 0 | Time: 2.0482s
Record 585/1000 | Predicted: 0 | True: 0 | Time: 2.0170s
Record 586/1000 | Predicted: 0 | True: 0 | Time: 1.9915s
Record 587/1000 | Predicted: 0 | True: 0 | Time: 1.9953s
Record 588/1000 | Predicted: 0 | True: 0 | Time: 2.0734s
Record 589/1000 | Predicted: 0 | True: 0 | Time: 2.1241s
Record 590/1000 | Predicted: 0 | True: 0 | Time: 2.0575s
Record 591/1000 | Predicted: 0 | True: 0 | Time: 2.0441s
Record 592/1000 | Predicted: 0 | True: 0 | Time: 2.0279s
Record 593/1000 | Predicted: 0 | True: 0 | Time: 2.0545s
Record 594/1000 | Predicted: 0 | True: 0 | Time: 2.0845s
Record 595/1000 | Predicted: 0 | True: 0 | Time: 2.0563s
Record 596/1000 | Predicted: 0 | True: 1 | Time: 2.0447s
Record 597/1000 | Predicted: 1 | True: 1 | Time: 2.0428s
Record 598/1000 | Predicted: 0 | True: 0 | Time: 2.0402s
Record 599/1000 | Predicted: 0 | True: 0 | Time: 2.0367s
Record 600/1000 | Predicted: 0 | True: 0 | Time: 2.0007s
Record 601/1000 | Predicted: 0 | True: 0 | Time: 2.0358s
Record 602/1000 | Predicted: 0 | True: 0 | Time: 2.0433s
Record 603/1000 | Predicted: 0 | True: 0 | Time: 2.0472s
Record 604/1000 | Predicted: 0 | True: 0 | Time: 2.0020s
Record 605/1000 | Predicted: 0 | True: 0 | Time: 2.0041s
Record 606/1000 | Predicted: 0 | True: 0 | Time: 2.0259s
Record 607/1000 | Predicted: 0 | True: 0 | Time: 1.9874s
Record 608/1000 | Predicted: 0 | True: 0 | Time: 1.9838s
Record 609/1000 | Predicted: 0 | True: 0 | Time: 2.0274s
Record 610/1000 | Predicted: 0 | True: 0 | Time: 2.0024s
Record 611/1000 | Predicted: 0 | True: 0 | Time: 2.0647s
Record 612/1000 | Predicted: 0 | True: 0 | Time: 2.0603s
Record 613/1000 | Predicted: 0 | True: 0 | Time: 2.0208s
Record 614/1000 | Predicted: 0 | True: 0 | Time: 2.0559s
Record 615/1000 | Predicted: 0 | True: 0 | Time: 2.0352s
Record 616/1000 | Predicted: 0 | True: 0 | Time: 2.0478s
Record 617/1000 | Predicted: 0 | True: 0 | Time: 2.0387s
Record 618/1000 | Predicted: 0 | True: 0 | Time: 2.0169s
Record 619/1000 | Predicted: 0 | True: 0 | Time: 2.0364s
Record 620/1000 | Predicted: 0 | True: 0 | Time: 2.0449s
Record 621/1000 | Predicted: 1 | True: 1 | Time: 1.9915s
Record 622/1000 | Predicted: 0 | True: 0 | Time: 2.0243s
Record 623/1000 | Predicted: 0 | True: 0 | Time: 1.9981s
Record 624/1000 | Predicted: 0 | True: 0 | Time: 1.9857s
Record 625/1000 | Predicted: 0 | True: 0 | Time: 2.0167s
Record 626/1000 | Predicted: 0 | True: 0 | Time: 2.0179s
Record 627/1000 | Predicted: 0 | True: 0 | Time: 2.0558s
Record 628/1000 | Predicted: 0 | True: 1 | Time: 2.0499s
Record 629/1000 | Predicted: 0 | True: 0 | Time: 2.0122s
Record 630/1000 | Predicted: 0 | True: 0 | Time: 1.9846s
Record 631/1000 | Predicted: 0 | True: 1 | Time: 2.0194s
Record 632/1000 | Predicted: 0 | True: 0 | Time: 2.0263s
Record 633/1000 | Predicted: 0 | True: 0 | Time: 2.0169s
Record 634/1000 | Predicted: 0 | True: 0 | Time: 2.0271s
Record 635/1000 | Predicted: 0 | True: 0 | Time: 2.0296s
Record 636/1000 | Predicted: 0 | True: 0 | Time: 2.0119s
Record 637/1000 | Predicted: 0 | True: 0 | Time: 2.0768s
Record 638/1000 | Predicted: 0 | True: 0 | Time: 2.0519s
Record 639/1000 | Predicted: 0 | True: 0 | Time: 2.0078s
Record 640/1000 | Predicted: 0 | True: 0 | Time: 2.0355s
Record 641/1000 | Predicted: 0 | True: 0 | Time: 2.0267s
Record 642/1000 | Predicted: 0 | True: 0 | Time: 2.0743s
Record 643/1000 | Predicted: 0 | True: 0 | Time: 1.9978s
Record 644/1000 | Predicted: 0 | True: 0 | Time: 1.9835s
Record 645/1000 | Predicted: 0 | True: 0 | Time: 2.0228s
Record 646/1000 | Predicted: 0 | True: 0 | Time: 2.0244s
Record 647/1000 | Predicted: 0 | True: 0 | Time: 2.0142s
Record 648/1000 | Predicted: 0 | True: 0 | Time: 1.9883s
Record 649/1000 | Predicted: 0 | True: 1 | Time: 2.0285s
Record 650/1000 | Predicted: 0 | True: 0 | Time: 2.0122s
Record 651/1000 | Predicted: 0 | True: 0 | Time: 1.9786s
Record 652/1000 | Predicted: 0 | True: 0 | Time: 1.9808s
Record 653/1000 | Predicted: 0 | True: 0 | Time: 1.9924s
Record 654/1000 | Predicted: 0 | True: 0 | Time: 2.0525s
Record 655/1000 | Predicted: 0 | True: 0 | Time: 1.9959s
Record 656/1000 | Predicted: 0 | True: 1 | Time: 2.0142s
Record 657/1000 | Predicted: 0 | True: 0 | Time: 1.9853s
Record 658/1000 | Predicted: 0 | True: 0 | Time: 2.0350s
Record 659/1000 | Predicted: 0 | True: 1 | Time: 2.0228s
Record 660/1000 | Predicted: 0 | True: 0 | Time: 2.0215s
Record 661/1000 | Predicted: 0 | True: 0 | Time: 2.0187s
Record 662/1000 | Predicted: 0 | True: 0 | Time: 2.0043s
Record 663/1000 | Predicted: 0 | True: 0 | Time: 2.0290s
Record 664/1000 | Predicted: 0 | True: 0 | Time: 1.9834s
Record 665/1000 | Predicted: 0 | True: 0 | Time: 2.0480s
Record 666/1000 | Predicted: 0 | True: 0 | Time: 2.0391s
Record 667/1000 | Predicted: 0 | True: 0 | Time: 2.0420s
Record 668/1000 | Predicted: 0 | True: 0 | Time: 2.0378s
Record 669/1000 | Predicted: 0 | True: 0 | Time: 2.0410s
Record 670/1000 | Predicted: 0 | True: 0 | Time: 2.0294s
Record 671/1000 | Predicted: 0 | True: 0 | Time: 2.0424s
Record 672/1000 | Predicted: 0 | True: 0 | Time: 2.0388s
Record 673/1000 | Predicted: 0 | True: 0 | Time: 2.0085s
Record 674/1000 | Predicted: 0 | True: 0 | Time: 2.0629s
Record 675/1000 | Predicted: 0 | True: 0 | Time: 2.0194s
Record 676/1000 | Predicted: 0 | True: 0 | Time: 2.0424s
Record 677/1000 | Predicted: 0 | True: 0 | Time: 2.0667s
Record 678/1000 | Predicted: 0 | True: 0 | Time: 2.0142s
Record 679/1000 | Predicted: 0 | True: 0 | Time: 1.9856s
Record 680/1000 | Predicted: 0 | True: 0 | Time: 2.0053s
Record 681/1000 | Predicted: 0 | True: 0 | Time: 2.0208s
Record 682/1000 | Predicted: 0 | True: 0 | Time: 1.9815s
Record 683/1000 | Predicted: 0 | True: 0 | Time: 2.0132s
Record 684/1000 | Predicted: 0 | True: 0 | Time: 2.0881s
Record 685/1000 | Predicted: 0 | True: 0 | Time: 2.0540s
Record 686/1000 | Predicted: 0 | True: 0 | Time: 2.0256s
Record 687/1000 | Predicted: 0 | True: 0 | Time: 1.9942s
Record 688/1000 | Predicted: 0 | True: 0 | Time: 1.9795s
Record 689/1000 | Predicted: 0 | True: 0 | Time: 2.0137s
Record 690/1000 | Predicted: 0 | True: 0 | Time: 1.9741s
Record 691/1000 | Predicted: 0 | True: 0 | Time: 1.9941s
Record 692/1000 | Predicted: 0 | True: 0 | Time: 1.9820s
Record 693/1000 | Predicted: 0 | True: 0 | Time: 1.9866s
Record 694/1000 | Predicted: 0 | True: 0 | Time: 1.9736s
Record 695/1000 | Predicted: 0 | True: 0 | Time: 2.0698s
Record 696/1000 | Predicted: 0 | True: 0 | Time: 2.0334s
Record 697/1000 | Predicted: 0 | True: 0 | Time: 2.0146s
Record 698/1000 | Predicted: 0 | True: 0 | Time: 2.0311s
Record 699/1000 | Predicted: 0 | True: 0 | Time: 2.0528s
Record 700/1000 | Predicted: 0 | True: 0 | Time: 2.0276s
Record 701/1000 | Predicted: 0 | True: 0 | Time: 2.0549s
Record 702/1000 | Predicted: 0 | True: 0 | Time: 2.0387s
Record 703/1000 | Predicted: 0 | True: 0 | Time: 2.0250s
Record 704/1000 | Predicted: 0 | True: 0 | Time: 2.0001s
Record 705/1000 | Predicted: 0 | True: 0 | Time: 1.9899s
Record 706/1000 | Predicted: 0 | True: 0 | Time: 2.0845s
Record 707/1000 | Predicted: 0 | True: 0 | Time: 2.0241s
Record 708/1000 | Predicted: 0 | True: 0 | Time: 2.0061s
Record 709/1000 | Predicted: 0 | True: 0 | Time: 1.9612s
Record 710/1000 | Predicted: 0 | True: 0 | Time: 2.0760s
Record 711/1000 | Predicted: 0 | True: 0 | Time: 2.0356s
Record 712/1000 | Predicted: 0 | True: 0 | Time: 1.9839s
Record 713/1000 | Predicted: 0 | True: 0 | Time: 2.0075s
Record 714/1000 | Predicted: 0 | True: 0 | Time: 2.0271s
Record 715/1000 | Predicted: 0 | True: 0 | Time: 2.0009s
Record 716/1000 | Predicted: 0 | True: 0 | Time: 2.0162s
Record 717/1000 | Predicted: 0 | True: 0 | Time: 2.0094s
Record 718/1000 | Predicted: 0 | True: 0 | Time: 1.9925s
Record 719/1000 | Predicted: 0 | True: 0 | Time: 2.0505s
Record 720/1000 | Predicted: 0 | True: 0 | Time: 2.0220s
Record 721/1000 | Predicted: 0 | True: 0 | Time: 2.0002s
Record 722/1000 | Predicted: 0 | True: 1 | Time: 2.0214s
Record 723/1000 | Predicted: 0 | True: 0 | Time: 2.0045s
Record 724/1000 | Predicted: 0 | True: 0 | Time: 1.9972s
Record 725/1000 | Predicted: 0 | True: 0 | Time: 1.9980s
Record 726/1000 | Predicted: 0 | True: 0 | Time: 1.9735s
Record 727/1000 | Predicted: 0 | True: 0 | Time: 1.9997s
Record 728/1000 | Predicted: 0 | True: 0 | Time: 2.0415s
Record 729/1000 | Predicted: 0 | True: 0 | Time: 2.0079s
Record 730/1000 | Predicted: 0 | True: 0 | Time: 2.0318s
Record 731/1000 | Predicted: 0 | True: 0 | Time: 2.0153s
Record 732/1000 | Predicted: 0 | True: 0 | Time: 1.9610s
Record 733/1000 | Predicted: 0 | True: 0 | Time: 1.9977s
Record 734/1000 | Predicted: 0 | True: 0 | Time: 2.0699s
Record 735/1000 | Predicted: 0 | True: 0 | Time: 2.0420s
Record 736/1000 | Predicted: 0 | True: 0 | Time: 2.0849s
Record 737/1000 | Predicted: 0 | True: 0 | Time: 2.0376s
Record 738/1000 | Predicted: 0 | True: 0 | Time: 2.0812s
Record 739/1000 | Predicted: 0 | True: 0 | Time: 2.0423s
Record 740/1000 | Predicted: 0 | True: 0 | Time: 2.0029s
Record 741/1000 | Predicted: 0 | True: 0 | Time: 2.0140s
Record 742/1000 | Predicted: 0 | True: 0 | Time: 2.0326s
Record 743/1000 | Predicted: 0 | True: 0 | Time: 2.0010s
Record 744/1000 | Predicted: 0 | True: 0 | Time: 2.0086s
Record 745/1000 | Predicted: 0 | True: 0 | Time: 1.9890s
Record 746/1000 | Predicted: 0 | True: 0 | Time: 1.9910s
Record 747/1000 | Predicted: 0 | True: 0 | Time: 2.0263s
Record 748/1000 | Predicted: 0 | True: 0 | Time: 2.0064s
Record 749/1000 | Predicted: 0 | True: 0 | Time: 2.0130s
Record 750/1000 | Predicted: 0 | True: 0 | Time: 2.0447s
Record 751/1000 | Predicted: 0 | True: 0 | Time: 1.9770s
Record 752/1000 | Predicted: 0 | True: 0 | Time: 1.9941s
Record 753/1000 | Predicted: 0 | True: 0 | Time: 2.0245s
Record 754/1000 | Predicted: 0 | True: 0 | Time: 1.9913s
Record 755/1000 | Predicted: 0 | True: 0 | Time: 2.0150s
Record 756/1000 | Predicted: 0 | True: 0 | Time: 2.0469s
Record 757/1000 | Predicted: 0 | True: 0 | Time: 2.2427s
Record 758/1000 | Predicted: 0 | True: 0 | Time: 2.1402s
Record 759/1000 | Predicted: 0 | True: 0 | Time: 2.0094s
Record 760/1000 | Predicted: 0 | True: 0 | Time: 2.0173s
Record 761/1000 | Predicted: 0 | True: 0 | Time: 1.9781s
Record 762/1000 | Predicted: 0 | True: 0 | Time: 1.9705s
Record 763/1000 | Predicted: 0 | True: 0 | Time: 1.9816s
Record 764/1000 | Predicted: 0 | True: 0 | Time: 2.0023s
Record 765/1000 | Predicted: 0 | True: 0 | Time: 2.0132s
Record 766/1000 | Predicted: 0 | True: 0 | Time: 2.0269s
Record 767/1000 | Predicted: 0 | True: 0 | Time: 2.0531s
Record 768/1000 | Predicted: 0 | True: 0 | Time: 2.0440s
Record 769/1000 | Predicted: 0 | True: 1 | Time: 2.0522s
Record 770/1000 | Predicted: 0 | True: 0 | Time: 2.0451s
Record 771/1000 | Predicted: 0 | True: 0 | Time: 2.0291s
Record 772/1000 | Predicted: 0 | True: 0 | Time: 1.9891s
Record 773/1000 | Predicted: 1 | True: 1 | Time: 2.0007s
Record 774/1000 | Predicted: 0 | True: 0 | Time: 2.0032s
Record 775/1000 | Predicted: 0 | True: 0 | Time: 1.9772s
Record 776/1000 | Predicted: 0 | True: 0 | Time: 1.9964s
Record 777/1000 | Predicted: 0 | True: 0 | Time: 2.0358s
Record 778/1000 | Predicted: 0 | True: 0 | Time: 2.0077s
Record 779/1000 | Predicted: 0 | True: 0 | Time: 2.0011s
Record 780/1000 | Predicted: 0 | True: 0 | Time: 2.0379s
Record 781/1000 | Predicted: 0 | True: 0 | Time: 2.0181s
Record 782/1000 | Predicted: 0 | True: 0 | Time: 2.0282s
Record 783/1000 | Predicted: 0 | True: 0 | Time: 1.9682s
Record 784/1000 | Predicted: 0 | True: 0 | Time: 2.0768s
Record 785/1000 | Predicted: 0 | True: 0 | Time: 2.0268s
Record 786/1000 | Predicted: 0 | True: 0 | Time: 2.0023s
Record 787/1000 | Predicted: 0 | True: 0 | Time: 2.1276s
Record 788/1000 | Predicted: 0 | True: 0 | Time: 2.0251s
Record 789/1000 | Predicted: 0 | True: 0 | Time: 2.0305s
Record 790/1000 | Predicted: 0 | True: 0 | Time: 2.0425s
Record 791/1000 | Predicted: 0 | True: 0 | Time: 2.0307s
Record 792/1000 | Predicted: 0 | True: 0 | Time: 1.9807s
Record 793/1000 | Predicted: 0 | True: 0 | Time: 1.9935s
Record 794/1000 | Predicted: 0 | True: 0 | Time: 2.0360s
Record 795/1000 | Predicted: 0 | True: 0 | Time: 2.0132s
Record 796/1000 | Predicted: 0 | True: 0 | Time: 2.0026s
Record 797/1000 | Predicted: 0 | True: 0 | Time: 2.0391s
Record 798/1000 | Predicted: 0 | True: 0 | Time: 2.0327s
Record 799/1000 | Predicted: 0 | True: 0 | Time: 2.0287s
Record 800/1000 | Predicted: 0 | True: 0 | Time: 1.9906s
Record 801/1000 | Predicted: 0 | True: 0 | Time: 2.0094s
Record 802/1000 | Predicted: 0 | True: 0 | Time: 2.0474s
Record 803/1000 | Predicted: 0 | True: 0 | Time: 1.9953s
Record 804/1000 | Predicted: 0 | True: 0 | Time: 1.9919s
Record 805/1000 | Predicted: 1 | True: 1 | Time: 2.0344s
Record 806/1000 | Predicted: 0 | True: 0 | Time: 1.9924s
Record 807/1000 | Predicted: 0 | True: 0 | Time: 1.9991s
Record 808/1000 | Predicted: 0 | True: 0 | Time: 2.0578s
Record 809/1000 | Predicted: 0 | True: 0 | Time: 2.0397s
Record 810/1000 | Predicted: 0 | True: 0 | Time: 2.0161s
Record 811/1000 | Predicted: 0 | True: 0 | Time: 2.0322s
Record 812/1000 | Predicted: 0 | True: 0 | Time: 2.0032s
Record 813/1000 | Predicted: 0 | True: 0 | Time: 2.0068s
Record 814/1000 | Predicted: 0 | True: 0 | Time: 2.0076s
Record 815/1000 | Predicted: 1 | True: 1 | Time: 2.0357s
Record 816/1000 | Predicted: 0 | True: 0 | Time: 2.0805s
Record 817/1000 | Predicted: 0 | True: 0 | Time: 2.0172s
Record 818/1000 | Predicted: 0 | True: 0 | Time: 2.0185s
Record 819/1000 | Predicted: 0 | True: 0 | Time: 2.0516s
Record 820/1000 | Predicted: 0 | True: 0 | Time: 2.0227s
Record 821/1000 | Predicted: 0 | True: 0 | Time: 2.0332s
Record 822/1000 | Predicted: 0 | True: 0 | Time: 2.0794s
Record 823/1000 | Predicted: 0 | True: 1 | Time: 2.0611s
Record 824/1000 | Predicted: 0 | True: 0 | Time: 2.0328s
Record 825/1000 | Predicted: 0 | True: 0 | Time: 2.0067s
Record 826/1000 | Predicted: 0 | True: 0 | Time: 2.0393s
Record 827/1000 | Predicted: 0 | True: 0 | Time: 2.0251s
Record 828/1000 | Predicted: 0 | True: 0 | Time: 2.0630s
Record 829/1000 | Predicted: 0 | True: 1 | Time: 1.9987s
Record 830/1000 | Predicted: 0 | True: 0 | Time: 2.0032s
Record 831/1000 | Predicted: 0 | True: 0 | Time: 1.9931s
Record 832/1000 | Predicted: 0 | True: 0 | Time: 2.0373s
Record 833/1000 | Predicted: 0 | True: 0 | Time: 2.0292s
Record 834/1000 | Predicted: 0 | True: 0 | Time: 2.0251s
Record 835/1000 | Predicted: 0 | True: 0 | Time: 2.0015s
Record 836/1000 | Predicted: 0 | True: 1 | Time: 2.0088s
Record 837/1000 | Predicted: 0 | True: 0 | Time: 2.0459s
Record 838/1000 | Predicted: 0 | True: 0 | Time: 2.0405s
Record 839/1000 | Predicted: 0 | True: 0 | Time: 1.9814s
Record 840/1000 | Predicted: 0 | True: 0 | Time: 2.0166s
Record 841/1000 | Predicted: 0 | True: 0 | Time: 2.0475s
Record 842/1000 | Predicted: 0 | True: 0 | Time: 1.9921s
Record 843/1000 | Predicted: 0 | True: 0 | Time: 2.0212s
Record 844/1000 | Predicted: 0 | True: 0 | Time: 1.9996s
Record 845/1000 | Predicted: 0 | True: 0 | Time: 1.9990s
Record 846/1000 | Predicted: 0 | True: 0 | Time: 2.0110s
Record 847/1000 | Predicted: 0 | True: 0 | Time: 2.0372s
Record 848/1000 | Predicted: 0 | True: 0 | Time: 2.0471s
Record 849/1000 | Predicted: 0 | True: 0 | Time: 2.0753s
Record 850/1000 | Predicted: 0 | True: 0 | Time: 2.0640s
Record 851/1000 | Predicted: 0 | True: 0 | Time: 2.0038s
Record 852/1000 | Predicted: 0 | True: 0 | Time: 2.0126s
Record 853/1000 | Predicted: 0 | True: 0 | Time: 2.0386s
Record 854/1000 | Predicted: 0 | True: 0 | Time: 2.0170s
Record 855/1000 | Predicted: 0 | True: 0 | Time: 2.0876s
Record 856/1000 | Predicted: 0 | True: 0 | Time: 2.0464s
Record 857/1000 | Predicted: 0 | True: 0 | Time: 2.0885s
Record 858/1000 | Predicted: 0 | True: 0 | Time: 2.0167s
Record 859/1000 | Predicted: 0 | True: 0 | Time: 2.0157s
Record 860/1000 | Predicted: 0 | True: 0 | Time: 2.0285s
Record 861/1000 | Predicted: 0 | True: 0 | Time: 2.0122s
Record 862/1000 | Predicted: 0 | True: 0 | Time: 2.0242s
Record 863/1000 | Predicted: 0 | True: 0 | Time: 2.0353s
Record 864/1000 | Predicted: 0 | True: 0 | Time: 2.0320s
Record 865/1000 | Predicted: 0 | True: 0 | Time: 2.0118s
Record 866/1000 | Predicted: 0 | True: 0 | Time: 1.9978s
Record 867/1000 | Predicted: 0 | True: 0 | Time: 2.0519s
Record 868/1000 | Predicted: 0 | True: 0 | Time: 2.0267s
Record 869/1000 | Predicted: 0 | True: 0 | Time: 2.0407s
Record 870/1000 | Predicted: 0 | True: 0 | Time: 2.0052s
Record 871/1000 | Predicted: 1 | True: 1 | Time: 2.0075s
Record 872/1000 | Predicted: 0 | True: 0 | Time: 2.0498s
Record 873/1000 | Predicted: 0 | True: 0 | Time: 2.0228s
Record 874/1000 | Predicted: 0 | True: 0 | Time: 2.0184s
Record 875/1000 | Predicted: 0 | True: 0 | Time: 2.0709s
Record 876/1000 | Predicted: 0 | True: 0 | Time: 2.0291s
Record 877/1000 | Predicted: 0 | True: 0 | Time: 2.0298s
Record 878/1000 | Predicted: 0 | True: 0 | Time: 2.0083s
Record 879/1000 | Predicted: 0 | True: 0 | Time: 2.0170s
Record 880/1000 | Predicted: 0 | True: 0 | Time: 2.0442s
Record 881/1000 | Predicted: 0 | True: 0 | Time: 1.9859s
Record 882/1000 | Predicted: 0 | True: 0 | Time: 2.0449s
Record 883/1000 | Predicted: 0 | True: 0 | Time: 2.0156s
Record 884/1000 | Predicted: 0 | True: 0 | Time: 1.9827s
Record 885/1000 | Predicted: 0 | True: 0 | Time: 1.9942s
Record 886/1000 | Predicted: 0 | True: 0 | Time: 2.0446s
Record 887/1000 | Predicted: 0 | True: 1 | Time: 1.9794s
Record 888/1000 | Predicted: 0 | True: 0 | Time: 1.9851s
Record 889/1000 | Predicted: 0 | True: 0 | Time: 1.9728s
Record 890/1000 | Predicted: 0 | True: 0 | Time: 2.0620s
Record 891/1000 | Predicted: 0 | True: 0 | Time: 2.0162s
Record 892/1000 | Predicted: 0 | True: 0 | Time: 2.0415s
Record 893/1000 | Predicted: 0 | True: 0 | Time: 1.9817s
Record 894/1000 | Predicted: 0 | True: 0 | Time: 2.0002s
Record 895/1000 | Predicted: 0 | True: 0 | Time: 2.0562s
Record 896/1000 | Predicted: 1 | True: 1 | Time: 2.0365s
Record 897/1000 | Predicted: 0 | True: 0 | Time: 1.9966s
Record 898/1000 | Predicted: 0 | True: 0 | Time: 2.0032s
Record 899/1000 | Predicted: 0 | True: 0 | Time: 2.0426s
Record 900/1000 | Predicted: 0 | True: 0 | Time: 2.0038s
Record 901/1000 | Predicted: 0 | True: 0 | Time: 2.0173s
Record 902/1000 | Predicted: 0 | True: 0 | Time: 2.0252s
Record 903/1000 | Predicted: 0 | True: 0 | Time: 2.0513s
Record 904/1000 | Predicted: 0 | True: 0 | Time: 2.0804s
Record 905/1000 | Predicted: 0 | True: 0 | Time: 2.0187s
Record 906/1000 | Predicted: 0 | True: 0 | Time: 2.0195s
Record 907/1000 | Predicted: 0 | True: 0 | Time: 1.9959s
Record 908/1000 | Predicted: 0 | True: 0 | Time: 2.0088s
Record 909/1000 | Predicted: 0 | True: 1 | Time: 2.0105s
Record 910/1000 | Predicted: 0 | True: 0 | Time: 2.0201s
Record 911/1000 | Predicted: 0 | True: 0 | Time: 1.9901s
Record 912/1000 | Predicted: 0 | True: 0 | Time: 2.0583s
Record 913/1000 | Predicted: 0 | True: 0 | Time: 2.0073s
Record 914/1000 | Predicted: 0 | True: 0 | Time: 2.0367s
Record 915/1000 | Predicted: 0 | True: 0 | Time: 2.0141s
Record 916/1000 | Predicted: 0 | True: 0 | Time: 1.9888s
Record 917/1000 | Predicted: 0 | True: 0 | Time: 2.0398s
Record 918/1000 | Predicted: 0 | True: 0 | Time: 2.0360s
Record 919/1000 | Predicted: 0 | True: 0 | Time: 2.0129s
Record 920/1000 | Predicted: 0 | True: 0 | Time: 1.9868s
Record 921/1000 | Predicted: 0 | True: 0 | Time: 2.0419s
Record 922/1000 | Predicted: 0 | True: 0 | Time: 2.0057s
Record 923/1000 | Predicted: 0 | True: 0 | Time: 2.0102s
Record 924/1000 | Predicted: 0 | True: 0 | Time: 1.9897s
Record 925/1000 | Predicted: 0 | True: 0 | Time: 1.9838s
Record 926/1000 | Predicted: 0 | True: 0 | Time: 2.0042s
Record 927/1000 | Predicted: 0 | True: 0 | Time: 1.9976s
Record 928/1000 | Predicted: 0 | True: 0 | Time: 2.0298s
Record 929/1000 | Predicted: 0 | True: 0 | Time: 2.0216s
Record 930/1000 | Predicted: 0 | True: 0 | Time: 1.9922s
Record 931/1000 | Predicted: 0 | True: 0 | Time: 2.0040s
Record 932/1000 | Predicted: 0 | True: 0 | Time: 2.0238s
Record 933/1000 | Predicted: 0 | True: 0 | Time: 2.0463s
Record 934/1000 | Predicted: 0 | True: 0 | Time: 2.0469s
Record 935/1000 | Predicted: 0 | True: 0 | Time: 2.0725s
Record 936/1000 | Predicted: 0 | True: 0 | Time: 2.0456s
Record 937/1000 | Predicted: 0 | True: 0 | Time: 2.0176s
Record 938/1000 | Predicted: 0 | True: 0 | Time: 2.0253s
Record 939/1000 | Predicted: 0 | True: 0 | Time: 2.0689s
Record 940/1000 | Predicted: 0 | True: 0 | Time: 2.0617s
Record 941/1000 | Predicted: 0 | True: 0 | Time: 2.0256s
Record 942/1000 | Predicted: 0 | True: 0 | Time: 1.9989s
Record 943/1000 | Predicted: 0 | True: 0 | Time: 2.0334s
Record 944/1000 | Predicted: 0 | True: 0 | Time: 2.0724s
Record 945/1000 | Predicted: 0 | True: 0 | Time: 2.0441s
Record 946/1000 | Predicted: 0 | True: 0 | Time: 2.0328s
Record 947/1000 | Predicted: 0 | True: 0 | Time: 1.9812s
Record 948/1000 | Predicted: 0 | True: 0 | Time: 2.0766s
Record 949/1000 | Predicted: 0 | True: 0 | Time: 2.0919s
Record 950/1000 | Predicted: 0 | True: 0 | Time: 2.0541s
Record 951/1000 | Predicted: 0 | True: 1 | Time: 2.0277s
Record 952/1000 | Predicted: 0 | True: 0 | Time: 2.0305s
Record 953/1000 | Predicted: 0 | True: 0 | Time: 2.0293s
Record 954/1000 | Predicted: 0 | True: 0 | Time: 2.0320s
Record 955/1000 | Predicted: 1 | True: 1 | Time: 2.0251s
Record 956/1000 | Predicted: 0 | True: 0 | Time: 2.0768s
Record 957/1000 | Predicted: 0 | True: 0 | Time: 2.0708s
Record 958/1000 | Predicted: 0 | True: 0 | Time: 2.0363s
Record 959/1000 | Predicted: 0 | True: 0 | Time: 2.0140s
Record 960/1000 | Predicted: 0 | True: 0 | Time: 2.0147s
Record 961/1000 | Predicted: 0 | True: 0 | Time: 2.0643s
Record 962/1000 | Predicted: 0 | True: 0 | Time: 2.0133s
Record 963/1000 | Predicted: 0 | True: 0 | Time: 1.9959s
Record 964/1000 | Predicted: 0 | True: 0 | Time: 2.0093s
Record 965/1000 | Predicted: 0 | True: 0 | Time: 1.9882s
Record 966/1000 | Predicted: 0 | True: 0 | Time: 2.0356s
Record 967/1000 | Predicted: 0 | True: 0 | Time: 1.9819s
Record 968/1000 | Predicted: 0 | True: 0 | Time: 2.0355s
Record 969/1000 | Predicted: 1 | True: 1 | Time: 2.0045s
Record 970/1000 | Predicted: 0 | True: 0 | Time: 1.9998s
Record 971/1000 | Predicted: 0 | True: 0 | Time: 2.0068s
Record 972/1000 | Predicted: 0 | True: 0 | Time: 1.9910s
Record 973/1000 | Predicted: 0 | True: 0 | Time: 1.9867s
Record 974/1000 | Predicted: 0 | True: 0 | Time: 2.0055s
Record 975/1000 | Predicted: 0 | True: 0 | Time: 1.9925s
Record 976/1000 | Predicted: 0 | True: 0 | Time: 1.9986s
Record 977/1000 | Predicted: 0 | True: 0 | Time: 1.9733s
Record 978/1000 | Predicted: 0 | True: 0 | Time: 1.9990s
Record 979/1000 | Predicted: 0 | True: 0 | Time: 1.9961s
Record 980/1000 | Predicted: 0 | True: 0 | Time: 1.9803s
Record 981/1000 | Predicted: 0 | True: 0 | Time: 1.9958s
Record 982/1000 | Predicted: 0 | True: 0 | Time: 1.9715s
Record 983/1000 | Predicted: 0 | True: 0 | Time: 1.9904s
Record 984/1000 | Predicted: 0 | True: 0 | Time: 1.9917s
Record 985/1000 | Predicted: 0 | True: 0 | Time: 2.0946s
Record 986/1000 | Predicted: 0 | True: 0 | Time: 2.0041s
Record 987/1000 | Predicted: 0 | True: 0 | Time: 1.9841s
Record 988/1000 | Predicted: 0 | True: 0 | Time: 2.0502s
Record 989/1000 | Predicted: 0 | True: 0 | Time: 2.0233s
Record 990/1000 | Predicted: 0 | True: 0 | Time: 2.0287s
Record 991/1000 | Predicted: 0 | True: 0 | Time: 2.0087s
Record 992/1000 | Predicted: 0 | True: 0 | Time: 2.0827s
Record 993/1000 | Predicted: 0 | True: 0 | Time: 2.0177s
Record 994/1000 | Predicted: 0 | True: 0 | Time: 2.0043s
Record 995/1000 | Predicted: 0 | True: 0 | Time: 1.9923s
Record 996/1000 | Predicted: 0 | True: 0 | Time: 2.0541s
Record 997/1000 | Predicted: 0 | True: 0 | Time: 2.0502s
Record 998/1000 | Predicted: 0 | True: 0 | Time: 2.0170s
Record 999/1000 | Predicted: 0 | True: 0 | Time: 2.0206s
Record 1000/1000 | Predicted: 0 | True: 0 | Time: 2.0289s

[STEP 4] Calculating final statistics...
[LOG] Current time: 2025-08-11 23:09:41 -03-0300

==================== INFERENCE SUMMARY ====================
Total records processed: 1000
   Total inference time: 2023.9341 seconds
Mean inference time/record: 2.0239 seconds
=============================================================

