nohup: ignoring input
Data split into 2262300 training samples and 565576 testing samples.
Applying preprocessing (MinMaxScaler and OneHotEncoder)...
Shape after initial preprocessing (sparse) - X_train: (2262300, 51251), X_test: (565576, 51251)

==================== TESTING MODEL: estimators=2, depth=2, svd=200 ====================

Applying TruncatedSVD to reduce feature count from 51251 to 200...
Shape after SVD reduction (dense) - X_train: (2262300, 200), X_test: (565576, 200)
Final training data shape: (2262300, 200)
Final testing data shape: (565576, 200)
Record 1/1000 | Predicted: [0] | True: 0 | Time: 0.0018s
Record 2/1000 | Predicted: [0] | True: 0 | Time: 0.0016s
Record 3/1000 | Predicted: [0] | True: 0 | Time: 0.0015s
Record 4/1000 | Predicted: [0] | True: 0 | Time: 0.0016s
Record 5/1000 | Predicted: [0] | True: 0 | Time: 0.0015s
Record 6/1000 | Predicted: [0] | True: 0 | Time: 0.0015s
Record 7/1000 | Predicted: [0] | True: 0 | Time: 0.0015s
Record 8/1000 | Predicted: [0] | True: 1 | Time: 0.0016s
Record 9/1000 | Predicted: [0] | True: 1 | Time: 0.0015s
Record 10/1000 | Predicted: [0] | True: 0 | Time: 0.0015s
Record 11/1000 | Predicted: [0] | True: 1 | Time: 0.0015s
Record 12/1000 | Predicted: [0] | True: 0 | Time: 0.0015s
Record 13/1000 | Predicted: [0] | True: 0 | Time: 0.0015s
Record 14/1000 | Predicted: [0] | True: 0 | Time: 0.0015s
Record 15/1000 | Predicted: [0] | True: 0 | Time: 0.0015s
Record 16/1000 | Predicted: [0] | True: 1 | Time: 0.0015s
Record 17/1000 | Predicted: [0] | True: 1 | Time: 0.0015s
Record 18/1000 | Predicted: [0] | True: 0 | Time: 0.0015s
Record 19/1000 | Predicted: [0] | True: 0 | Time: 0.0015s
Record 20/1000 | Predicted: [0] | True: 1 | Time: 0.0015s
Record 21/1000 | Predicted: [0] | True: 0 | Time: 0.0015s
Record 22/1000 | Predicted: [0] | True: 0 | Time: 0.0015s
Record 23/1000 | Predicted: [0] | True: 0 | Time: 0.0015s
Record 24/1000 | Predicted: [0] | True: 1 | Time: 0.0015s
Record 25/1000 | Predicted: [0] | True: 0 | Time: 0.0016s
Record 26/1000 | Predicted: [0] | True: 0 | Time: 0.0015s
Record 27/1000 | Predicted: [0] | True: 0 | Time: 0.0015s
Record 28/1000 | Predicted: [0] | True: 0 | Time: 0.0015s
Record 29/1000 | Predicted: [0] | True: 1 | Time: 0.0015s
Record 30/1000 | Predicted: [1] | True: 1 | Time: 0.0015s
Record 31/1000 | Predicted: [0] | True: 0 | Time: 0.0015s
Record 32/1000 | Predicted: [0] | True: 0 | Time: 0.0015s
Record 33/1000 | Predicted: [0] | True: 0 | Time: 0.0015s
Record 34/1000 | Predicted: [0] | True: 0 | Time: 0.0015s
Record 35/1000 | Predicted: [0] | True: 0 | Time: 0.0015s
Record 36/1000 | Predicted: [0] | True: 0 | Time: 0.0015s
Record 37/1000 | Predicted: [1] | True: 0 | Time: 0.0015s
Record 38/1000 | Predicted: [0] | True: 0 | Time: 0.0015s
Record 39/1000 | Predicted: [0] | True: 0 | Time: 0.0015s
Record 40/1000 | Predicted: [0] | True: 0 | Time: 0.0015s
Record 41/1000 | Predicted: [0] | True: 0 | Time: 0.0015s
Record 42/1000 | Predicted: [0] | True: 0 | Time: 0.0015s
Record 43/1000 | Predicted: [0] | True: 1 | Time: 0.0015s
Record 44/1000 | Predicted: [0] | True: 0 | Time: 0.0015s
Record 45/1000 | Predicted: [0] | True: 0 | Time: 0.0015s
Record 46/1000 | Predicted: [0] | True: 0 | Time: 0.0015s
Record 47/1000 | Predicted: [0] | True: 0 | Time: 0.0015s
Record 48/1000 | Predicted: [0] | True: 0 | Time: 0.0015s
Record 49/1000 | Predicted: [0] | True: 0 | Time: 0.0015s
Record 50/1000 | Predicted: [0] | True: 0 | Time: 0.0015s
Record 51/1000 | Predicted: [0] | True: 0 | Time: 0.0015s
Record 52/1000 | Predicted: [0] | True: 0 | Time: 0.0015s
Record 53/1000 | Predicted: [0] | True: 0 | Time: 0.0015s
Record 54/1000 | Predicted: [0] | True: 0 | Time: 0.0015s
Record 55/1000 | Predicted: [0] | True: 0 | Time: 0.0015s
Record 56/1000 | Predicted: [0] | True: 0 | Time: 0.0015s
Record 57/1000 | Predicted: [0] | True: 1 | Time: 0.0015s
Record 58/1000 | Predicted: [0] | True: 0 | Time: 0.0015s
Record 59/1000 | Predicted: [0] | True: 0 | Time: 0.0015s
Record 60/1000 | Predicted: [0] | True: 0 | Time: 0.0015s
Record 61/1000 | Predicted: [0] | True: 0 | Time: 0.0015s
Record 62/1000 | Predicted: [0] | True: 0 | Time: 0.0015s
Record 63/1000 | Predicted: [0] | True: 1 | Time: 0.0015s
Record 64/1000 | Predicted: [0] | True: 0 | Time: 0.0015s
Record 65/1000 | Predicted: [0] | True: 0 | Time: 0.0015s
Record 66/1000 | Predicted: [0] | True: 0 | Time: 0.0015s
Record 67/1000 | Predicted: [0] | True: 1 | Time: 0.0015s
Record 68/1000 | Predicted: [0] | True: 0 | Time: 0.0015s
Record 69/1000 | Predicted: [0] | True: 0 | Time: 0.0015s
Record 70/1000 | Predicted: [0] | True: 0 | Time: 0.0015s
Record 71/1000 | Predicted: [0] | True: 0 | Time: 0.0015s
Record 72/1000 | Predicted: [0] | True: 0 | Time: 0.0015s
Record 73/1000 | Predicted: [0] | True: 0 | Time: 0.0015s
Record 74/1000 | Predicted: [1] | True: 0 | Time: 0.0015s
Record 75/1000 | Predicted: [0] | True: 0 | Time: 0.0015s
Record 76/1000 | Predicted: [0] | True: 0 | Time: 0.0016s
Record 77/1000 | Predicted: [0] | True: 0 | Time: 0.0015s
Record 78/1000 | Predicted: [0] | True: 0 | Time: 0.0015s
Record 79/1000 | Predicted: [0] | True: 0 | Time: 0.0015s
Record 80/1000 | Predicted: [0] | True: 0 | Time: 0.0015s
Record 81/1000 | Predicted: [0] | True: 0 | Time: 0.0015s
Record 82/1000 | Predicted: [0] | True: 0 | Time: 0.0015s
Record 83/1000 | Predicted: [0] | True: 0 | Time: 0.0015s
Record 84/1000 | Predicted: [0] | True: 0 | Time: 0.0015s
Record 85/1000 | Predicted: [0] | True: 0 | Time: 0.0014s
Record 86/1000 | Predicted: [0] | True: 0 | Time: 0.0015s
Record 87/1000 | Predicted: [0] | True: 1 | Time: 0.0015s
Record 88/1000 | Predicted: [0] | True: 0 | Time: 0.0015s
Record 89/1000 | Predicted: [0] | True: 0 | Time: 0.0015s
Record 90/1000 | Predicted: [0] | True: 1 | Time: 0.0015s
Record 91/1000 | Predicted: [0] | True: 0 | Time: 0.0015s
Record 92/1000 | Predicted: [1] | True: 1 | Time: 0.0015s
Record 93/1000 | Predicted: [0] | True: 0 | Time: 0.0015s
Record 94/1000 | Predicted: [0] | True: 0 | Time: 0.0015s
Record 95/1000 | Predicted: [1] | True: 1 | Time: 0.0016s
Record 96/1000 | Predicted: [0] | True: 0 | Time: 0.0015s
Record 97/1000 | Predicted: [0] | True: 0 | Time: 0.0015s
Record 98/1000 | Predicted: [0] | True: 0 | Time: 0.0015s
Record 99/1000 | Predicted: [0] | True: 1 | Time: 0.0015s
Record 100/1000 | Predicted: [0] | True: 0 | Time: 0.0015s
Record 101/1000 | Predicted: [1] | True: 1 | Time: 0.0015s
Record 102/1000 | Predicted: [0] | True: 0 | Time: 0.0015s
Record 103/1000 | Predicted: [0] | True: 0 | Time: 0.0015s
Record 104/1000 | Predicted: [0] | True: 0 | Time: 0.0015s
Record 105/1000 | Predicted: [0] | True: 0 | Time: 0.0015s
Record 106/1000 | Predicted: [0] | True: 0 | Time: 0.0015s
Record 107/1000 | Predicted: [0] | True: 0 | Time: 0.0016s
Record 108/1000 | Predicted: [0] | True: 0 | Time: 0.0015s
Record 109/1000 | Predicted: [0] | True: 0 | Time: 0.0015s
Record 110/1000 | Predicted: [0] | True: 0 | Time: 0.0015s
Record 111/1000 | Predicted: [0] | True: 0 | Time: 0.0015s
Record 112/1000 | Predicted: [0] | True: 0 | Time: 0.0015s
Record 113/1000 | Predicted: [0] | True: 0 | Time: 0.0016s
Record 114/1000 | Predicted: [0] | True: 0 | Time: 0.0015s
Record 115/1000 | Predicted: [0] | True: 1 | Time: 0.0015s
Record 116/1000 | Predicted: [0] | True: 0 | Time: 0.0015s
Record 117/1000 | Predicted: [0] | True: 0 | Time: 0.0015s
Record 118/1000 | Predicted: [0] | True: 0 | Time: 0.0015s
Record 119/1000 | Predicted: [1] | True: 1 | Time: 0.0015s
Record 120/1000 | Predicted: [1] | True: 1 | Time: 0.0015s
Record 121/1000 | Predicted: [0] | True: 0 | Time: 0.0015s
Record 122/1000 | Predicted: [0] | True: 0 | Time: 0.0015s
Record 123/1000 | Predicted: [0] | True: 0 | Time: 0.0015s
Record 124/1000 | Predicted: [0] | True: 0 | Time: 0.0015s
Record 125/1000 | Predicted: [0] | True: 0 | Time: 0.0015s
Record 126/1000 | Predicted: [0] | True: 0 | Time: 0.0015s
Record 127/1000 | Predicted: [0] | True: 0 | Time: 0.0015s
Record 128/1000 | Predicted: [0] | True: 0 | Time: 0.0015s
Record 129/1000 | Predicted: [0] | True: 0 | Time: 0.0015s
Record 130/1000 | Predicted: [0] | True: 1 | Time: 0.0015s
Record 131/1000 | Predicted: [0] | True: 0 | Time: 0.0015s
Record 132/1000 | Predicted: [0] | True: 0 | Time: 0.0015s
Record 133/1000 | Predicted: [0] | True: 0 | Time: 0.0015s
Record 134/1000 | Predicted: [0] | True: 0 | Time: 0.0015s
Record 135/1000 | Predicted: [0] | True: 0 | Time: 0.0016s
Record 136/1000 | Predicted: [0] | True: 1 | Time: 0.0016s
Record 137/1000 | Predicted: [0] | True: 1 | Time: 0.0016s
Record 138/1000 | Predicted: [0] | True: 1 | Time: 0.0015s
Record 139/1000 | Predicted: [0] | True: 0 | Time: 0.0015s
Record 140/1000 | Predicted: [0] | True: 1 | Time: 0.0015s
Record 141/1000 | Predicted: [0] | True: 0 | Time: 0.0016s
Record 142/1000 | Predicted: [0] | True: 0 | Time: 0.0016s
Record 143/1000 | Predicted: [0] | True: 0 | Time: 0.0015s
Record 144/1000 | Predicted: [0] | True: 1 | Time: 0.0015s
Record 145/1000 | Predicted: [1] | True: 0 | Time: 0.0015s
Record 146/1000 | Predicted: [0] | True: 0 | Time: 0.0015s
Record 147/1000 | Predicted: [0] | True: 0 | Time: 0.0015s
Record 148/1000 | Predicted: [0] | True: 0 | Time: 0.0016s
Record 149/1000 | Predicted: [0] | True: 0 | Time: 0.0015s
Record 150/1000 | Predicted: [0] | True: 0 | Time: 0.0015s
Record 151/1000 | Predicted: [0] | True: 0 | Time: 0.0016s
Record 152/1000 | Predicted: [0] | True: 0 | Time: 0.0015s
Record 153/1000 | Predicted: [0] | True: 1 | Time: 0.0015s
Record 154/1000 | Predicted: [0] | True: 0 | Time: 0.0015s
Record 155/1000 | Predicted: [0] | True: 0 | Time: 0.0015s
Record 156/1000 | Predicted: [0] | True: 1 | Time: 0.0015s
Record 157/1000 | Predicted: [0] | True: 0 | Time: 0.0015s
Record 158/1000 | Predicted: [0] | True: 0 | Time: 0.0015s
Record 159/1000 | Predicted: [0] | True: 1 | Time: 0.0015s
Record 160/1000 | Predicted: [0] | True: 0 | Time: 0.0015s
Record 161/1000 | Predicted: [0] | True: 0 | Time: 0.0015s
Record 162/1000 | Predicted: [0] | True: 0 | Time: 0.0015s
Record 163/1000 | Predicted: [1] | True: 0 | Time: 0.0015s
Record 164/1000 | Predicted: [0] | True: 0 | Time: 0.0015s
Record 165/1000 | Predicted: [0] | True: 0 | Time: 0.0016s
Record 166/1000 | Predicted: [0] | True: 0 | Time: 0.0015s
Record 167/1000 | Predicted: [0] | True: 0 | Time: 0.0015s
Record 168/1000 | Predicted: [0] | True: 0 | Time: 0.0015s
Record 169/1000 | Predicted: [0] | True: 0 | Time: 0.0015s
Record 170/1000 | Predicted: [0] | True: 0 | Time: 0.0015s
Record 171/1000 | Predicted: [0] | True: 0 | Time: 0.0015s
Record 172/1000 | Predicted: [0] | True: 0 | Time: 0.0015s
Record 173/1000 | Predicted: [0] | True: 0 | Time: 0.0015s
Record 174/1000 | Predicted: [0] | True: 0 | Time: 0.0015s
Record 175/1000 | Predicted: [0] | True: 0 | Time: 0.0015s
Record 176/1000 | Predicted: [0] | True: 0 | Time: 0.0015s
Record 177/1000 | Predicted: [0] | True: 0 | Time: 0.0015s
Record 178/1000 | Predicted: [0] | True: 1 | Time: 0.0015s
Record 179/1000 | Predicted: [0] | True: 0 | Time: 0.0015s
Record 180/1000 | Predicted: [0] | True: 1 | Time: 0.0015s
Record 181/1000 | Predicted: [0] | True: 0 | Time: 0.0015s
Record 182/1000 | Predicted: [0] | True: 1 | Time: 0.0015s
Record 183/1000 | Predicted: [0] | True: 0 | Time: 0.0015s
Record 184/1000 | Predicted: [0] | True: 0 | Time: 0.0016s
Record 185/1000 | Predicted: [0] | True: 0 | Time: 0.0015s
Record 186/1000 | Predicted: [0] | True: 0 | Time: 0.0015s
Record 187/1000 | Predicted: [0] | True: 0 | Time: 0.0015s
Record 188/1000 | Predicted: [0] | True: 0 | Time: 0.0016s
Record 189/1000 | Predicted: [0] | True: 1 | Time: 0.0015s
Record 190/1000 | Predicted: [0] | True: 0 | Time: 0.0015s
Record 191/1000 | Predicted: [1] | True: 0 | Time: 0.0015s
Record 192/1000 | Predicted: [0] | True: 0 | Time: 0.0015s
Record 193/1000 | Predicted: [0] | True: 1 | Time: 0.0015s
Record 194/1000 | Predicted: [0] | True: 1 | Time: 0.0015s
Record 195/1000 | Predicted: [0] | True: 0 | Time: 0.0016s
Record 196/1000 | Predicted: [0] | True: 0 | Time: 0.0015s
Record 197/1000 | Predicted: [0] | True: 0 | Time: 0.0015s
Record 198/1000 | Predicted: [0] | True: 0 | Time: 0.0015s
Record 199/1000 | Predicted: [0] | True: 1 | Time: 0.0015s
Record 200/1000 | Predicted: [0] | True: 0 | Time: 0.0016s
Record 201/1000 | Predicted: [0] | True: 0 | Time: 0.0015s
Record 202/1000 | Predicted: [0] | True: 0 | Time: 0.0015s
Record 203/1000 | Predicted: [0] | True: 0 | Time: 0.0015s
Record 204/1000 | Predicted: [0] | True: 0 | Time: 0.0015s
Record 205/1000 | Predicted: [0] | True: 0 | Time: 0.0015s
Record 206/1000 | Predicted: [0] | True: 0 | Time: 0.0016s
Record 207/1000 | Predicted: [0] | True: 1 | Time: 0.0015s
Record 208/1000 | Predicted: [0] | True: 0 | Time: 0.0015s
Record 209/1000 | Predicted: [0] | True: 0 | Time: 0.0016s
Record 210/1000 | Predicted: [0] | True: 1 | Time: 0.0015s
Record 211/1000 | Predicted: [0] | True: 0 | Time: 0.0015s
Record 212/1000 | Predicted: [0] | True: 1 | Time: 0.0015s
Record 213/1000 | Predicted: [0] | True: 0 | Time: 0.0016s
Record 214/1000 | Predicted: [0] | True: 0 | Time: 0.0015s
Record 215/1000 | Predicted: [0] | True: 0 | Time: 0.0018s
Record 216/1000 | Predicted: [0] | True: 0 | Time: 0.0017s
Record 217/1000 | Predicted: [0] | True: 0 | Time: 0.0016s
Record 218/1000 | Predicted: [0] | True: 1 | Time: 0.0016s
Record 219/1000 | Predicted: [0] | True: 0 | Time: 0.0016s
Record 220/1000 | Predicted: [0] | True: 0 | Time: 0.0016s
Record 221/1000 | Predicted: [0] | True: 0 | Time: 0.0015s
Record 222/1000 | Predicted: [0] | True: 0 | Time: 0.0016s
Record 223/1000 | Predicted: [0] | True: 0 | Time: 0.0015s
Record 224/1000 | Predicted: [0] | True: 1 | Time: 0.0015s
Record 225/1000 | Predicted: [0] | True: 0 | Time: 0.0015s
Record 226/1000 | Predicted: [0] | True: 1 | Time: 0.0015s
Record 227/1000 | Predicted: [0] | True: 1 | Time: 0.0015s
Record 228/1000 | Predicted: [0] | True: 1 | Time: 0.0016s
Record 229/1000 | Predicted: [0] | True: 0 | Time: 0.0016s
Record 230/1000 | Predicted: [0] | True: 0 | Time: 0.0015s
Record 231/1000 | Predicted: [0] | True: 0 | Time: 0.0015s
Record 232/1000 | Predicted: [0] | True: 0 | Time: 0.0016s
Record 233/1000 | Predicted: [0] | True: 0 | Time: 0.0015s
Record 234/1000 | Predicted: [0] | True: 0 | Time: 0.0015s
Record 235/1000 | Predicted: [0] | True: 1 | Time: 0.0015s
Record 236/1000 | Predicted: [0] | True: 0 | Time: 0.0016s
Record 237/1000 | Predicted: [0] | True: 0 | Time: 0.0015s
Record 238/1000 | Predicted: [0] | True: 0 | Time: 0.0015s
Record 239/1000 | Predicted: [0] | True: 1 | Time: 0.0016s
Record 240/1000 | Predicted: [0] | True: 0 | Time: 0.0016s
Record 241/1000 | Predicted: [0] | True: 1 | Time: 0.0016s
Record 242/1000 | Predicted: [0] | True: 0 | Time: 0.0015s
Record 243/1000 | Predicted: [0] | True: 0 | Time: 0.0015s
Record 244/1000 | Predicted: [0] | True: 0 | Time: 0.0015s
Record 245/1000 | Predicted: [0] | True: 0 | Time: 0.0015s
Record 246/1000 | Predicted: [0] | True: 1 | Time: 0.0015s
Record 247/1000 | Predicted: [0] | True: 0 | Time: 0.0015s
Record 248/1000 | Predicted: [0] | True: 0 | Time: 0.0016s
Record 249/1000 | Predicted: [0] | True: 0 | Time: 0.0015s
Record 250/1000 | Predicted: [0] | True: 0 | Time: 0.0016s
Record 251/1000 | Predicted: [0] | True: 0 | Time: 0.0016s
Record 252/1000 | Predicted: [0] | True: 1 | Time: 0.0015s
Record 253/1000 | Predicted: [0] | True: 0 | Time: 0.0016s
Record 254/1000 | Predicted: [0] | True: 0 | Time: 0.0015s
Record 255/1000 | Predicted: [0] | True: 0 | Time: 0.0016s
Record 256/1000 | Predicted: [0] | True: 0 | Time: 0.0015s
Record 257/1000 | Predicted: [0] | True: 0 | Time: 0.0016s
Record 258/1000 | Predicted: [0] | True: 1 | Time: 0.0015s
Record 259/1000 | Predicted: [0] | True: 1 | Time: 0.0016s
Record 260/1000 | Predicted: [0] | True: 0 | Time: 0.0016s
Record 261/1000 | Predicted: [0] | True: 0 | Time: 0.0015s
Record 262/1000 | Predicted: [0] | True: 0 | Time: 0.0015s
Record 263/1000 | Predicted: [0] | True: 0 | Time: 0.0015s
Record 264/1000 | Predicted: [0] | True: 0 | Time: 0.0015s
Record 265/1000 | Predicted: [0] | True: 0 | Time: 0.0015s
Record 266/1000 | Predicted: [0] | True: 0 | Time: 0.0015s
Record 267/1000 | Predicted: [0] | True: 1 | Time: 0.0015s
Record 268/1000 | Predicted: [0] | True: 0 | Time: 0.0015s
Record 269/1000 | Predicted: [0] | True: 0 | Time: 0.0015s
Record 270/1000 | Predicted: [0] | True: 1 | Time: 0.0015s
Record 271/1000 | Predicted: [0] | True: 0 | Time: 0.0015s
Record 272/1000 | Predicted: [0] | True: 0 | Time: 0.0015s
Record 273/1000 | Predicted: [0] | True: 1 | Time: 0.0016s
Record 274/1000 | Predicted: [0] | True: 1 | Time: 0.0015s
Record 275/1000 | Predicted: [0] | True: 0 | Time: 0.0015s
Record 276/1000 | Predicted: [0] | True: 1 | Time: 0.0015s
Record 277/1000 | Predicted: [0] | True: 0 | Time: 0.0015s
Record 278/1000 | Predicted: [0] | True: 0 | Time: 0.0015s
Record 279/1000 | Predicted: [0] | True: 0 | Time: 0.0015s
Record 280/1000 | Predicted: [0] | True: 0 | Time: 0.0015s
Record 281/1000 | Predicted: [0] | True: 0 | Time: 0.0015s
Record 282/1000 | Predicted: [0] | True: 0 | Time: 0.0015s
Record 283/1000 | Predicted: [0] | True: 0 | Time: 0.0015s
Record 284/1000 | Predicted: [0] | True: 0 | Time: 0.0015s
Record 285/1000 | Predicted: [1] | True: 0 | Time: 0.0015s
Record 286/1000 | Predicted: [0] | True: 0 | Time: 0.0015s
Record 287/1000 | Predicted: [0] | True: 0 | Time: 0.0015s
Record 288/1000 | Predicted: [0] | True: 0 | Time: 0.0015s
Record 289/1000 | Predicted: [0] | True: 1 | Time: 0.0017s
Record 290/1000 | Predicted: [0] | True: 0 | Time: 0.0015s
Record 291/1000 | Predicted: [0] | True: 0 | Time: 0.0015s
Record 292/1000 | Predicted: [0] | True: 0 | Time: 0.0015s
Record 293/1000 | Predicted: [0] | True: 1 | Time: 0.0014s
Record 294/1000 | Predicted: [0] | True: 0 | Time: 0.0015s
Record 295/1000 | Predicted: [0] | True: 0 | Time: 0.0015s
Record 296/1000 | Predicted: [0] | True: 0 | Time: 0.0015s
Record 297/1000 | Predicted: [0] | True: 0 | Time: 0.0015s
Record 298/1000 | Predicted: [0] | True: 1 | Time: 0.0015s
Record 299/1000 | Predicted: [0] | True: 0 | Time: 0.0015s
Record 300/1000 | Predicted: [1] | True: 0 | Time: 0.0015s
Record 301/1000 | Predicted: [0] | True: 0 | Time: 0.0014s
Record 302/1000 | Predicted: [0] | True: 0 | Time: 0.0015s
Record 303/1000 | Predicted: [0] | True: 0 | Time: 0.0015s
Record 304/1000 | Predicted: [0] | True: 0 | Time: 0.0015s
Record 305/1000 | Predicted: [0] | True: 0 | Time: 0.0014s
Record 306/1000 | Predicted: [0] | True: 0 | Time: 0.0014s
Record 307/1000 | Predicted: [0] | True: 0 | Time: 0.0015s
Record 308/1000 | Predicted: [0] | True: 0 | Time: 0.0014s
Record 309/1000 | Predicted: [0] | True: 0 | Time: 0.0015s
Record 310/1000 | Predicted: [0] | True: 0 | Time: 0.0015s
Record 311/1000 | Predicted: [0] | True: 0 | Time: 0.0015s
Record 312/1000 | Predicted: [0] | True: 0 | Time: 0.0015s
Record 313/1000 | Predicted: [0] | True: 0 | Time: 0.0014s
Record 314/1000 | Predicted: [0] | True: 1 | Time: 0.0015s
Record 315/1000 | Predicted: [0] | True: 0 | Time: 0.0014s
Record 316/1000 | Predicted: [0] | True: 1 | Time: 0.0015s
Record 317/1000 | Predicted: [0] | True: 1 | Time: 0.0015s
Record 318/1000 | Predicted: [0] | True: 0 | Time: 0.0015s
Record 319/1000 | Predicted: [0] | True: 0 | Time: 0.0015s
Record 320/1000 | Predicted: [0] | True: 0 | Time: 0.0015s
Record 321/1000 | Predicted: [0] | True: 0 | Time: 0.0015s
Record 322/1000 | Predicted: [0] | True: 0 | Time: 0.0015s
Record 323/1000 | Predicted: [0] | True: 0 | Time: 0.0015s
Record 324/1000 | Predicted: [0] | True: 0 | Time: 0.0015s
Record 325/1000 | Predicted: [0] | True: 0 | Time: 0.0015s
Record 326/1000 | Predicted: [0] | True: 0 | Time: 0.0015s
Record 327/1000 | Predicted: [0] | True: 0 | Time: 0.0014s
Record 328/1000 | Predicted: [0] | True: 1 | Time: 0.0014s
Record 329/1000 | Predicted: [0] | True: 0 | Time: 0.0015s
Record 330/1000 | Predicted: [0] | True: 0 | Time: 0.0015s
Record 331/1000 | Predicted: [0] | True: 0 | Time: 0.0015s
Record 332/1000 | Predicted: [0] | True: 0 | Time: 0.0015s
Record 333/1000 | Predicted: [0] | True: 0 | Time: 0.0015s
Record 334/1000 | Predicted: [0] | True: 0 | Time: 0.0015s
Record 335/1000 | Predicted: [0] | True: 1 | Time: 0.0015s
Record 336/1000 | Predicted: [0] | True: 0 | Time: 0.0015s
Record 337/1000 | Predicted: [0] | True: 0 | Time: 0.0015s
Record 338/1000 | Predicted: [0] | True: 0 | Time: 0.0014s
Record 339/1000 | Predicted: [0] | True: 0 | Time: 0.0014s
Record 340/1000 | Predicted: [0] | True: 0 | Time: 0.0014s
Record 341/1000 | Predicted: [0] | True: 1 | Time: 0.0015s
Record 342/1000 | Predicted: [0] | True: 0 | Time: 0.0015s
Record 343/1000 | Predicted: [0] | True: 0 | Time: 0.0015s
Record 344/1000 | Predicted: [0] | True: 0 | Time: 0.0015s
Record 345/1000 | Predicted: [0] | True: 0 | Time: 0.0014s
Record 346/1000 | Predicted: [0] | True: 0 | Time: 0.0015s
Record 347/1000 | Predicted: [0] | True: 0 | Time: 0.0015s
Record 348/1000 | Predicted: [0] | True: 0 | Time: 0.0015s
Record 349/1000 | Predicted: [0] | True: 0 | Time: 0.0015s
Record 350/1000 | Predicted: [0] | True: 0 | Time: 0.0015s
Record 351/1000 | Predicted: [0] | True: 0 | Time: 0.0015s
Record 352/1000 | Predicted: [0] | True: 0 | Time: 0.0015s
Record 353/1000 | Predicted: [0] | True: 0 | Time: 0.0015s
Record 354/1000 | Predicted: [0] | True: 0 | Time: 0.0015s
Record 355/1000 | Predicted: [0] | True: 1 | Time: 0.0015s
Record 356/1000 | Predicted: [0] | True: 0 | Time: 0.0015s
Record 357/1000 | Predicted: [0] | True: 0 | Time: 0.0015s
Record 358/1000 | Predicted: [0] | True: 0 | Time: 0.0015s
Record 359/1000 | Predicted: [0] | True: 0 | Time: 0.0015s
Record 360/1000 | Predicted: [0] | True: 1 | Time: 0.0015s
Record 361/1000 | Predicted: [0] | True: 0 | Time: 0.0014s
Record 362/1000 | Predicted: [0] | True: 0 | Time: 0.0014s
Record 363/1000 | Predicted: [0] | True: 0 | Time: 0.0015s
Record 364/1000 | Predicted: [0] | True: 0 | Time: 0.0015s
Record 365/1000 | Predicted: [0] | True: 0 | Time: 0.0014s
Record 366/1000 | Predicted: [0] | True: 0 | Time: 0.0014s
Record 367/1000 | Predicted: [0] | True: 0 | Time: 0.0014s
Record 368/1000 | Predicted: [0] | True: 1 | Time: 0.0015s
Record 369/1000 | Predicted: [0] | True: 0 | Time: 0.0014s
Record 370/1000 | Predicted: [0] | True: 0 | Time: 0.0015s
Record 371/1000 | Predicted: [0] | True: 0 | Time: 0.0015s
Record 372/1000 | Predicted: [0] | True: 0 | Time: 0.0015s
Record 373/1000 | Predicted: [0] | True: 1 | Time: 0.0015s
Record 374/1000 | Predicted: [0] | True: 0 | Time: 0.0014s
Record 375/1000 | Predicted: [0] | True: 0 | Time: 0.0015s
Record 376/1000 | Predicted: [0] | True: 0 | Time: 0.0015s
Record 377/1000 | Predicted: [0] | True: 1 | Time: 0.0015s
Record 378/1000 | Predicted: [0] | True: 0 | Time: 0.0015s
Record 379/1000 | Predicted: [0] | True: 0 | Time: 0.0015s
Record 380/1000 | Predicted: [0] | True: 1 | Time: 0.0015s
Record 381/1000 | Predicted: [0] | True: 0 | Time: 0.0015s
Record 382/1000 | Predicted: [0] | True: 0 | Time: 0.0015s
Record 383/1000 | Predicted: [0] | True: 1 | Time: 0.0015s
Record 384/1000 | Predicted: [0] | True: 0 | Time: 0.0015s
Record 385/1000 | Predicted: [0] | True: 0 | Time: 0.0015s
Record 386/1000 | Predicted: [0] | True: 1 | Time: 0.0015s
Record 387/1000 | Predicted: [0] | True: 0 | Time: 0.0015s
Record 388/1000 | Predicted: [0] | True: 1 | Time: 0.0014s
Record 389/1000 | Predicted: [0] | True: 0 | Time: 0.0015s
Record 390/1000 | Predicted: [0] | True: 0 | Time: 0.0015s
Record 391/1000 | Predicted: [0] | True: 0 | Time: 0.0014s
Record 392/1000 | Predicted: [0] | True: 0 | Time: 0.0015s
Record 393/1000 | Predicted: [1] | True: 1 | Time: 0.0015s
Record 394/1000 | Predicted: [0] | True: 0 | Time: 0.0015s
Record 395/1000 | Predicted: [0] | True: 0 | Time: 0.0015s
Record 396/1000 | Predicted: [0] | True: 0 | Time: 0.0015s
Record 397/1000 | Predicted: [0] | True: 1 | Time: 0.0015s
Record 398/1000 | Predicted: [0] | True: 0 | Time: 0.0014s
Record 399/1000 | Predicted: [0] | True: 0 | Time: 0.0014s
Record 400/1000 | Predicted: [0] | True: 0 | Time: 0.0015s
Record 401/1000 | Predicted: [0] | True: 0 | Time: 0.0015s
Record 402/1000 | Predicted: [0] | True: 0 | Time: 0.0015s
Record 403/1000 | Predicted: [0] | True: 0 | Time: 0.0014s
Record 404/1000 | Predicted: [0] | True: 0 | Time: 0.0014s
Record 405/1000 | Predicted: [0] | True: 0 | Time: 0.0014s
Record 406/1000 | Predicted: [0] | True: 0 | Time: 0.0015s
Record 407/1000 | Predicted: [0] | True: 0 | Time: 0.0015s
Record 408/1000 | Predicted: [0] | True: 0 | Time: 0.0015s
Record 409/1000 | Predicted: [0] | True: 0 | Time: 0.0015s
Record 410/1000 | Predicted: [0] | True: 0 | Time: 0.0015s
Record 411/1000 | Predicted: [0] | True: 1 | Time: 0.0015s
Record 412/1000 | Predicted: [0] | True: 0 | Time: 0.0015s
Record 413/1000 | Predicted: [0] | True: 0 | Time: 0.0015s
Record 414/1000 | Predicted: [0] | True: 0 | Time: 0.0015s
Record 415/1000 | Predicted: [0] | True: 0 | Time: 0.0015s
Record 416/1000 | Predicted: [0] | True: 0 | Time: 0.0014s
Record 417/1000 | Predicted: [0] | True: 0 | Time: 0.0014s
Record 418/1000 | Predicted: [0] | True: 0 | Time: 0.0015s
Record 419/1000 | Predicted: [0] | True: 1 | Time: 0.0015s
Record 420/1000 | Predicted: [0] | True: 0 | Time: 0.0015s
Record 421/1000 | Predicted: [0] | True: 1 | Time: 0.0015s
Record 422/1000 | Predicted: [0] | True: 0 | Time: 0.0015s
Record 423/1000 | Predicted: [0] | True: 0 | Time: 0.0014s
Record 424/1000 | Predicted: [0] | True: 0 | Time: 0.0014s
Record 425/1000 | Predicted: [0] | True: 1 | Time: 0.0014s
Record 426/1000 | Predicted: [0] | True: 0 | Time: 0.0014s
Record 427/1000 | Predicted: [0] | True: 0 | Time: 0.0015s
Record 428/1000 | Predicted: [0] | True: 0 | Time: 0.0014s
Record 429/1000 | Predicted: [1] | True: 1 | Time: 0.0015s
Record 430/1000 | Predicted: [0] | True: 0 | Time: 0.0014s
Record 431/1000 | Predicted: [0] | True: 0 | Time: 0.0014s
Record 432/1000 | Predicted: [0] | True: 0 | Time: 0.0015s
Record 433/1000 | Predicted: [0] | True: 0 | Time: 0.0015s
Record 434/1000 | Predicted: [0] | True: 1 | Time: 0.0015s
Record 435/1000 | Predicted: [0] | True: 0 | Time: 0.0014s
Record 436/1000 | Predicted: [0] | True: 0 | Time: 0.0014s
Record 437/1000 | Predicted: [0] | True: 0 | Time: 0.0014s
Record 438/1000 | Predicted: [0] | True: 0 | Time: 0.0014s
Record 439/1000 | Predicted: [0] | True: 1 | Time: 0.0015s
Record 440/1000 | Predicted: [0] | True: 1 | Time: 0.0014s
Record 441/1000 | Predicted: [0] | True: 0 | Time: 0.0014s
Record 442/1000 | Predicted: [0] | True: 1 | Time: 0.0015s
Record 443/1000 | Predicted: [0] | True: 0 | Time: 0.0014s
Record 444/1000 | Predicted: [0] | True: 0 | Time: 0.0015s
Record 445/1000 | Predicted: [0] | True: 0 | Time: 0.0015s
Record 446/1000 | Predicted: [0] | True: 1 | Time: 0.0015s
Record 447/1000 | Predicted: [0] | True: 0 | Time: 0.0015s
Record 448/1000 | Predicted: [0] | True: 0 | Time: 0.0015s
Record 449/1000 | Predicted: [0] | True: 0 | Time: 0.0015s
Record 450/1000 | Predicted: [0] | True: 1 | Time: 0.0015s
Record 451/1000 | Predicted: [0] | True: 0 | Time: 0.0015s
Record 452/1000 | Predicted: [0] | True: 0 | Time: 0.0015s
Record 453/1000 | Predicted: [0] | True: 0 | Time: 0.0015s
Record 454/1000 | Predicted: [0] | True: 1 | Time: 0.0015s
Record 455/1000 | Predicted: [0] | True: 0 | Time: 0.0015s
Record 456/1000 | Predicted: [0] | True: 0 | Time: 0.0015s
Record 457/1000 | Predicted: [0] | True: 0 | Time: 0.0014s
Record 458/1000 | Predicted: [0] | True: 0 | Time: 0.0015s
Record 459/1000 | Predicted: [0] | True: 0 | Time: 0.0015s
Record 460/1000 | Predicted: [0] | True: 0 | Time: 0.0014s
Record 461/1000 | Predicted: [0] | True: 0 | Time: 0.0015s
Record 462/1000 | Predicted: [0] | True: 0 | Time: 0.0014s
Record 463/1000 | Predicted: [0] | True: 0 | Time: 0.0014s
Record 464/1000 | Predicted: [0] | True: 0 | Time: 0.0015s
Record 465/1000 | Predicted: [0] | True: 1 | Time: 0.0015s
Record 466/1000 | Predicted: [0] | True: 0 | Time: 0.0015s
Record 467/1000 | Predicted: [0] | True: 0 | Time: 0.0015s
Record 468/1000 | Predicted: [0] | True: 0 | Time: 0.0015s
Record 469/1000 | Predicted: [0] | True: 0 | Time: 0.0015s
Record 470/1000 | Predicted: [0] | True: 0 | Time: 0.0015s
Record 471/1000 | Predicted: [0] | True: 0 | Time: 0.0015s
Record 472/1000 | Predicted: [0] | True: 0 | Time: 0.0014s
Record 473/1000 | Predicted: [0] | True: 0 | Time: 0.0015s
Record 474/1000 | Predicted: [0] | True: 0 | Time: 0.0015s
Record 475/1000 | Predicted: [0] | True: 0 | Time: 0.0014s
Record 476/1000 | Predicted: [0] | True: 0 | Time: 0.0015s
Record 477/1000 | Predicted: [0] | True: 0 | Time: 0.0014s
Record 478/1000 | Predicted: [0] | True: 0 | Time: 0.0014s
Record 479/1000 | Predicted: [0] | True: 0 | Time: 0.0014s
Record 480/1000 | Predicted: [0] | True: 0 | Time: 0.0014s
Record 481/1000 | Predicted: [0] | True: 0 | Time: 0.0015s
Record 482/1000 | Predicted: [0] | True: 0 | Time: 0.0015s
Record 483/1000 | Predicted: [0] | True: 0 | Time: 0.0015s
Record 484/1000 | Predicted: [0] | True: 0 | Time: 0.0015s
Record 485/1000 | Predicted: [0] | True: 0 | Time: 0.0014s
Record 486/1000 | Predicted: [0] | True: 0 | Time: 0.0015s
Record 487/1000 | Predicted: [0] | True: 1 | Time: 0.0014s
Record 488/1000 | Predicted: [0] | True: 0 | Time: 0.0015s
Record 489/1000 | Predicted: [0] | True: 0 | Time: 0.0014s
Record 490/1000 | Predicted: [0] | True: 0 | Time: 0.0014s
Record 491/1000 | Predicted: [0] | True: 0 | Time: 0.0015s
Record 492/1000 | Predicted: [0] | True: 1 | Time: 0.0015s
Record 493/1000 | Predicted: [0] | True: 0 | Time: 0.0015s
Record 494/1000 | Predicted: [0] | True: 0 | Time: 0.0014s
Record 495/1000 | Predicted: [0] | True: 0 | Time: 0.0015s
Record 496/1000 | Predicted: [0] | True: 0 | Time: 0.0015s
Record 497/1000 | Predicted: [0] | True: 0 | Time: 0.0015s
Record 498/1000 | Predicted: [0] | True: 1 | Time: 0.0015s
Record 499/1000 | Predicted: [0] | True: 0 | Time: 0.0014s
Record 500/1000 | Predicted: [0] | True: 0 | Time: 0.0015s
Record 501/1000 | Predicted: [0] | True: 0 | Time: 0.0015s
Record 502/1000 | Predicted: [0] | True: 0 | Time: 0.0014s
Record 503/1000 | Predicted: [0] | True: 0 | Time: 0.0015s
Record 504/1000 | Predicted: [0] | True: 1 | Time: 0.0015s
Record 505/1000 | Predicted: [0] | True: 1 | Time: 0.0015s
Record 506/1000 | Predicted: [0] | True: 0 | Time: 0.0014s
Record 507/1000 | Predicted: [0] | True: 1 | Time: 0.0015s
Record 508/1000 | Predicted: [0] | True: 0 | Time: 0.0015s
Record 509/1000 | Predicted: [0] | True: 0 | Time: 0.0014s
Record 510/1000 | Predicted: [0] | True: 0 | Time: 0.0015s
Record 511/1000 | Predicted: [0] | True: 1 | Time: 0.0014s
Record 512/1000 | Predicted: [0] | True: 0 | Time: 0.0014s
Record 513/1000 | Predicted: [0] | True: 0 | Time: 0.0015s
Record 514/1000 | Predicted: [0] | True: 0 | Time: 0.0015s
Record 515/1000 | Predicted: [0] | True: 0 | Time: 0.0015s
Record 516/1000 | Predicted: [0] | True: 0 | Time: 0.0015s
Record 517/1000 | Predicted: [0] | True: 0 | Time: 0.0014s
Record 518/1000 | Predicted: [0] | True: 1 | Time: 0.0015s
Record 519/1000 | Predicted: [0] | True: 0 | Time: 0.0015s
Record 520/1000 | Predicted: [0] | True: 0 | Time: 0.0015s
Record 521/1000 | Predicted: [0] | True: 1 | Time: 0.0015s
Record 522/1000 | Predicted: [0] | True: 0 | Time: 0.0015s
Record 523/1000 | Predicted: [0] | True: 0 | Time: 0.0015s
Record 524/1000 | Predicted: [0] | True: 0 | Time: 0.0014s
Record 525/1000 | Predicted: [0] | True: 0 | Time: 0.0015s
Record 526/1000 | Predicted: [0] | True: 0 | Time: 0.0015s
Record 527/1000 | Predicted: [0] | True: 0 | Time: 0.0014s
Record 528/1000 | Predicted: [0] | True: 0 | Time: 0.0015s
Record 529/1000 | Predicted: [0] | True: 0 | Time: 0.0014s
Record 530/1000 | Predicted: [0] | True: 0 | Time: 0.0015s
Record 531/1000 | Predicted: [0] | True: 0 | Time: 0.0014s
Record 532/1000 | Predicted: [0] | True: 0 | Time: 0.0015s
Record 533/1000 | Predicted: [0] | True: 0 | Time: 0.0015s
Record 534/1000 | Predicted: [0] | True: 1 | Time: 0.0015s
Record 535/1000 | Predicted: [1] | True: 1 | Time: 0.0015s
Record 536/1000 | Predicted: [0] | True: 0 | Time: 0.0014s
Record 537/1000 | Predicted: [0] | True: 0 | Time: 0.0014s
Record 538/1000 | Predicted: [0] | True: 0 | Time: 0.0015s
Record 539/1000 | Predicted: [0] | True: 0 | Time: 0.0014s
Record 540/1000 | Predicted: [0] | True: 0 | Time: 0.0015s
Record 541/1000 | Predicted: [0] | True: 0 | Time: 0.0014s
Record 542/1000 | Predicted: [0] | True: 1 | Time: 0.0015s
Record 543/1000 | Predicted: [0] | True: 0 | Time: 0.0015s
Record 544/1000 | Predicted: [0] | True: 0 | Time: 0.0015s
Record 545/1000 | Predicted: [0] | True: 0 | Time: 0.0015s
Record 546/1000 | Predicted: [0] | True: 1 | Time: 0.0014s
Record 547/1000 | Predicted: [0] | True: 0 | Time: 0.0015s
Record 548/1000 | Predicted: [0] | True: 1 | Time: 0.0014s
Record 549/1000 | Predicted: [0] | True: 0 | Time: 0.0014s
Record 550/1000 | Predicted: [0] | True: 0 | Time: 0.0015s
Record 551/1000 | Predicted: [0] | True: 1 | Time: 0.0015s
Record 552/1000 | Predicted: [0] | True: 0 | Time: 0.0015s
Record 553/1000 | Predicted: [0] | True: 0 | Time: 0.0014s
Record 554/1000 | Predicted: [0] | True: 0 | Time: 0.0014s
Record 555/1000 | Predicted: [0] | True: 1 | Time: 0.0015s
Record 556/1000 | Predicted: [1] | True: 0 | Time: 0.0015s
Record 557/1000 | Predicted: [0] | True: 1 | Time: 0.0015s
Record 558/1000 | Predicted: [0] | True: 0 | Time: 0.0014s
Record 559/1000 | Predicted: [0] | True: 0 | Time: 0.0014s
Record 560/1000 | Predicted: [0] | True: 0 | Time: 0.0014s
Record 561/1000 | Predicted: [0] | True: 1 | Time: 0.0014s
Record 562/1000 | Predicted: [0] | True: 0 | Time: 0.0014s
Record 563/1000 | Predicted: [1] | True: 1 | Time: 0.0014s
Record 564/1000 | Predicted: [0] | True: 0 | Time: 0.0014s
Record 565/1000 | Predicted: [0] | True: 0 | Time: 0.0015s
Record 566/1000 | Predicted: [0] | True: 0 | Time: 0.0014s
Record 567/1000 | Predicted: [0] | True: 0 | Time: 0.0014s
Record 568/1000 | Predicted: [0] | True: 0 | Time: 0.0014s
Record 569/1000 | Predicted: [0] | True: 1 | Time: 0.0015s
Record 570/1000 | Predicted: [0] | True: 0 | Time: 0.0014s
Record 571/1000 | Predicted: [0] | True: 0 | Time: 0.0014s
Record 572/1000 | Predicted: [0] | True: 1 | Time: 0.0014s
Record 573/1000 | Predicted: [0] | True: 0 | Time: 0.0014s
Record 574/1000 | Predicted: [0] | True: 1 | Time: 0.0014s
Record 575/1000 | Predicted: [0] | True: 0 | Time: 0.0015s
Record 576/1000 | Predicted: [0] | True: 0 | Time: 0.0014s
Record 577/1000 | Predicted: [0] | True: 0 | Time: 0.0014s
Record 578/1000 | Predicted: [0] | True: 0 | Time: 0.0014s
Record 579/1000 | Predicted: [0] | True: 0 | Time: 0.0014s
Record 580/1000 | Predicted: [0] | True: 0 | Time: 0.0015s
Record 581/1000 | Predicted: [0] | True: 0 | Time: 0.0015s
Record 582/1000 | Predicted: [0] | True: 0 | Time: 0.0015s
Record 583/1000 | Predicted: [0] | True: 0 | Time: 0.0014s
Record 584/1000 | Predicted: [0] | True: 0 | Time: 0.0014s
Record 585/1000 | Predicted: [0] | True: 0 | Time: 0.0014s
Record 586/1000 | Predicted: [0] | True: 0 | Time: 0.0014s
Record 587/1000 | Predicted: [0] | True: 0 | Time: 0.0015s
Record 588/1000 | Predicted: [0] | True: 1 | Time: 0.0014s
Record 589/1000 | Predicted: [0] | True: 0 | Time: 0.0014s
Record 590/1000 | Predicted: [0] | True: 0 | Time: 0.0015s
Record 591/1000 | Predicted: [0] | True: 1 | Time: 0.0014s
Record 592/1000 | Predicted: [0] | True: 0 | Time: 0.0015s
Record 593/1000 | Predicted: [0] | True: 0 | Time: 0.0014s
Record 594/1000 | Predicted: [0] | True: 0 | Time: 0.0015s
Record 595/1000 | Predicted: [0] | True: 1 | Time: 0.0014s
Record 596/1000 | Predicted: [0] | True: 0 | Time: 0.0014s
Record 597/1000 | Predicted: [0] | True: 0 | Time: 0.0015s
Record 598/1000 | Predicted: [0] | True: 0 | Time: 0.0014s
Record 599/1000 | Predicted: [0] | True: 0 | Time: 0.0014s
Record 600/1000 | Predicted: [0] | True: 0 | Time: 0.0015s
Record 601/1000 | Predicted: [0] | True: 1 | Time: 0.0014s
Record 602/1000 | Predicted: [0] | True: 0 | Time: 0.0015s
Record 603/1000 | Predicted: [0] | True: 1 | Time: 0.0014s
Record 604/1000 | Predicted: [0] | True: 1 | Time: 0.0014s
Record 605/1000 | Predicted: [0] | True: 0 | Time: 0.0014s
Record 606/1000 | Predicted: [0] | True: 0 | Time: 0.0015s
Record 607/1000 | Predicted: [0] | True: 0 | Time: 0.0015s
Record 608/1000 | Predicted: [0] | True: 0 | Time: 0.0015s
Record 609/1000 | Predicted: [0] | True: 0 | Time: 0.0014s
Record 610/1000 | Predicted: [0] | True: 0 | Time: 0.0015s
Record 611/1000 | Predicted: [0] | True: 0 | Time: 0.0014s
Record 612/1000 | Predicted: [1] | True: 1 | Time: 0.0015s
Record 613/1000 | Predicted: [0] | True: 0 | Time: 0.0015s
Record 614/1000 | Predicted: [0] | True: 0 | Time: 0.0014s
Record 615/1000 | Predicted: [0] | True: 0 | Time: 0.0015s
Record 616/1000 | Predicted: [0] | True: 1 | Time: 0.0014s
Record 617/1000 | Predicted: [0] | True: 0 | Time: 0.0015s
Record 618/1000 | Predicted: [0] | True: 0 | Time: 0.0014s
Record 619/1000 | Predicted: [0] | True: 0 | Time: 0.0015s
Record 620/1000 | Predicted: [0] | True: 0 | Time: 0.0015s
Record 621/1000 | Predicted: [0] | True: 0 | Time: 0.0014s
Record 622/1000 | Predicted: [0] | True: 0 | Time: 0.0014s
Record 623/1000 | Predicted: [0] | True: 0 | Time: 0.0014s
Record 624/1000 | Predicted: [0] | True: 0 | Time: 0.0015s
Record 625/1000 | Predicted: [0] | True: 0 | Time: 0.0015s
Record 626/1000 | Predicted: [0] | True: 0 | Time: 0.0014s
Record 627/1000 | Predicted: [0] | True: 0 | Time: 0.0014s
Record 628/1000 | Predicted: [0] | True: 0 | Time: 0.0014s
Record 629/1000 | Predicted: [0] | True: 0 | Time: 0.0014s
Record 630/1000 | Predicted: [0] | True: 0 | Time: 0.0015s
Record 631/1000 | Predicted: [0] | True: 0 | Time: 0.0015s
Record 632/1000 | Predicted: [0] | True: 1 | Time: 0.0015s
Record 633/1000 | Predicted: [0] | True: 0 | Time: 0.0014s
Record 634/1000 | Predicted: [0] | True: 0 | Time: 0.0014s
Record 635/1000 | Predicted: [0] | True: 1 | Time: 0.0015s
Record 636/1000 | Predicted: [0] | True: 0 | Time: 0.0014s
Record 637/1000 | Predicted: [0] | True: 0 | Time: 0.0015s
Record 638/1000 | Predicted: [0] | True: 0 | Time: 0.0014s
Record 639/1000 | Predicted: [0] | True: 0 | Time: 0.0014s
Record 640/1000 | Predicted: [0] | True: 0 | Time: 0.0015s
Record 641/1000 | Predicted: [0] | True: 1 | Time: 0.0014s
Record 642/1000 | Predicted: [0] | True: 0 | Time: 0.0014s
Record 643/1000 | Predicted: [0] | True: 0 | Time: 0.0014s
Record 644/1000 | Predicted: [0] | True: 1 | Time: 0.0015s
Record 645/1000 | Predicted: [0] | True: 0 | Time: 0.0015s
Record 646/1000 | Predicted: [0] | True: 0 | Time: 0.0015s
Record 647/1000 | Predicted: [0] | True: 0 | Time: 0.0015s
Record 648/1000 | Predicted: [0] | True: 0 | Time: 0.0014s
Record 649/1000 | Predicted: [0] | True: 0 | Time: 0.0014s
Record 650/1000 | Predicted: [0] | True: 0 | Time: 0.0015s
Record 651/1000 | Predicted: [0] | True: 0 | Time: 0.0015s
Record 652/1000 | Predicted: [0] | True: 0 | Time: 0.0015s
Record 653/1000 | Predicted: [0] | True: 0 | Time: 0.0014s
Record 654/1000 | Predicted: [0] | True: 0 | Time: 0.0014s
Record 655/1000 | Predicted: [0] | True: 0 | Time: 0.0015s
Record 656/1000 | Predicted: [0] | True: 0 | Time: 0.0015s
Record 657/1000 | Predicted: [0] | True: 0 | Time: 0.0015s
Record 658/1000 | Predicted: [0] | True: 0 | Time: 0.0014s
Record 659/1000 | Predicted: [0] | True: 0 | Time: 0.0014s
Record 660/1000 | Predicted: [0] | True: 0 | Time: 0.0015s
Record 661/1000 | Predicted: [0] | True: 0 | Time: 0.0014s
Record 662/1000 | Predicted: [0] | True: 0 | Time: 0.0014s
Record 663/1000 | Predicted: [0] | True: 1 | Time: 0.0014s
Record 664/1000 | Predicted: [0] | True: 0 | Time: 0.0014s
Record 665/1000 | Predicted: [0] | True: 0 | Time: 0.0014s
Record 666/1000 | Predicted: [0] | True: 1 | Time: 0.0014s
Record 667/1000 | Predicted: [0] | True: 0 | Time: 0.0014s
Record 668/1000 | Predicted: [1] | True: 1 | Time: 0.0014s
Record 669/1000 | Predicted: [0] | True: 0 | Time: 0.0015s
Record 670/1000 | Predicted: [0] | True: 0 | Time: 0.0015s
Record 671/1000 | Predicted: [0] | True: 0 | Time: 0.0014s
Record 672/1000 | Predicted: [0] | True: 0 | Time: 0.0014s
Record 673/1000 | Predicted: [0] | True: 0 | Time: 0.0014s
Record 674/1000 | Predicted: [0] | True: 0 | Time: 0.0014s
Record 675/1000 | Predicted: [0] | True: 0 | Time: 0.0015s
Record 676/1000 | Predicted: [0] | True: 0 | Time: 0.0014s
Record 677/1000 | Predicted: [0] | True: 0 | Time: 0.0014s
Record 678/1000 | Predicted: [0] | True: 0 | Time: 0.0015s
Record 679/1000 | Predicted: [0] | True: 0 | Time: 0.0014s
Record 680/1000 | Predicted: [0] | True: 0 | Time: 0.0015s
Record 681/1000 | Predicted: [0] | True: 0 | Time: 0.0014s
Record 682/1000 | Predicted: [0] | True: 0 | Time: 0.0015s
Record 683/1000 | Predicted: [0] | True: 0 | Time: 0.0015s
Record 684/1000 | Predicted: [0] | True: 0 | Time: 0.0014s
Record 685/1000 | Predicted: [0] | True: 1 | Time: 0.0015s
Record 686/1000 | Predicted: [0] | True: 0 | Time: 0.0014s
Record 687/1000 | Predicted: [0] | True: 1 | Time: 0.0014s
Record 688/1000 | Predicted: [0] | True: 0 | Time: 0.0014s
Record 689/1000 | Predicted: [0] | True: 0 | Time: 0.0014s
Record 690/1000 | Predicted: [0] | True: 0 | Time: 0.0014s
Record 691/1000 | Predicted: [0] | True: 0 | Time: 0.0014s
Record 692/1000 | Predicted: [0] | True: 0 | Time: 0.0015s
Record 693/1000 | Predicted: [0] | True: 0 | Time: 0.0014s
Record 694/1000 | Predicted: [0] | True: 1 | Time: 0.0015s
Record 695/1000 | Predicted: [0] | True: 0 | Time: 0.0014s
Record 696/1000 | Predicted: [0] | True: 0 | Time: 0.0014s
Record 697/1000 | Predicted: [0] | True: 0 | Time: 0.0014s
Record 698/1000 | Predicted: [0] | True: 1 | Time: 0.0014s
Record 699/1000 | Predicted: [0] | True: 0 | Time: 0.0014s
Record 700/1000 | Predicted: [1] | True: 1 | Time: 0.0014s
Record 701/1000 | Predicted: [0] | True: 0 | Time: 0.0014s
Record 702/1000 | Predicted: [1] | True: 1 | Time: 0.0014s
Record 703/1000 | Predicted: [0] | True: 0 | Time: 0.0014s
Record 704/1000 | Predicted: [0] | True: 1 | Time: 0.0014s
Record 705/1000 | Predicted: [0] | True: 0 | Time: 0.0014s
Record 706/1000 | Predicted: [1] | True: 1 | Time: 0.0014s
Record 707/1000 | Predicted: [0] | True: 1 | Time: 0.0014s
Record 708/1000 | Predicted: [0] | True: 0 | Time: 0.0014s
Record 709/1000 | Predicted: [0] | True: 0 | Time: 0.0014s
Record 710/1000 | Predicted: [0] | True: 0 | Time: 0.0014s
Record 711/1000 | Predicted: [0] | True: 1 | Time: 0.0014s
Record 712/1000 | Predicted: [0] | True: 0 | Time: 0.0014s
Record 713/1000 | Predicted: [0] | True: 0 | Time: 0.0014s
Record 714/1000 | Predicted: [0] | True: 0 | Time: 0.0014s
Record 715/1000 | Predicted: [0] | True: 1 | Time: 0.0015s
Record 716/1000 | Predicted: [0] | True: 0 | Time: 0.0014s
Record 717/1000 | Predicted: [0] | True: 0 | Time: 0.0014s
Record 718/1000 | Predicted: [0] | True: 1 | Time: 0.0015s
Record 719/1000 | Predicted: [0] | True: 0 | Time: 0.0014s
Record 720/1000 | Predicted: [0] | True: 1 | Time: 0.0015s
Record 721/1000 | Predicted: [0] | True: 0 | Time: 0.0014s
Record 722/1000 | Predicted: [0] | True: 0 | Time: 0.0014s
Record 723/1000 | Predicted: [0] | True: 1 | Time: 0.0014s
Record 724/1000 | Predicted: [0] | True: 1 | Time: 0.0014s
Record 725/1000 | Predicted: [0] | True: 0 | Time: 0.0015s
Record 726/1000 | Predicted: [0] | True: 1 | Time: 0.0014s
Record 727/1000 | Predicted: [0] | True: 0 | Time: 0.0015s
Record 728/1000 | Predicted: [0] | True: 0 | Time: 0.0014s
Record 729/1000 | Predicted: [0] | True: 0 | Time: 0.0014s
Record 730/1000 | Predicted: [0] | True: 0 | Time: 0.0015s
Record 731/1000 | Predicted: [0] | True: 0 | Time: 0.0015s
Record 732/1000 | Predicted: [0] | True: 0 | Time: 0.0015s
Record 733/1000 | Predicted: [0] | True: 0 | Time: 0.0015s
Record 734/1000 | Predicted: [0] | True: 0 | Time: 0.0014s
Record 735/1000 | Predicted: [0] | True: 0 | Time: 0.0015s
Record 736/1000 | Predicted: [0] | True: 0 | Time: 0.0014s
Record 737/1000 | Predicted: [0] | True: 0 | Time: 0.0014s
Record 738/1000 | Predicted: [0] | True: 0 | Time: 0.0014s
Record 739/1000 | Predicted: [1] | True: 1 | Time: 0.0014s
Record 740/1000 | Predicted: [0] | True: 0 | Time: 0.0015s
Record 741/1000 | Predicted: [0] | True: 0 | Time: 0.0015s
Record 742/1000 | Predicted: [0] | True: 0 | Time: 0.0014s
Record 743/1000 | Predicted: [0] | True: 0 | Time: 0.0014s
Record 744/1000 | Predicted: [0] | True: 0 | Time: 0.0015s
Record 745/1000 | Predicted: [0] | True: 0 | Time: 0.0014s
Record 746/1000 | Predicted: [0] | True: 0 | Time: 0.0014s
Record 747/1000 | Predicted: [0] | True: 0 | Time: 0.0014s
Record 748/1000 | Predicted: [0] | True: 1 | Time: 0.0014s
Record 749/1000 | Predicted: [1] | True: 0 | Time: 0.0014s
Record 750/1000 | Predicted: [0] | True: 1 | Time: 0.0015s
Record 751/1000 | Predicted: [0] | True: 0 | Time: 0.0015s
Record 752/1000 | Predicted: [0] | True: 1 | Time: 0.0015s
Record 753/1000 | Predicted: [0] | True: 0 | Time: 0.0015s
Record 754/1000 | Predicted: [0] | True: 0 | Time: 0.0014s
Record 755/1000 | Predicted: [0] | True: 0 | Time: 0.0015s
Record 756/1000 | Predicted: [0] | True: 0 | Time: 0.0015s
Record 757/1000 | Predicted: [0] | True: 1 | Time: 0.0015s
Record 758/1000 | Predicted: [0] | True: 1 | Time: 0.0014s
Record 759/1000 | Predicted: [0] | True: 1 | Time: 0.0014s
Record 760/1000 | Predicted: [0] | True: 0 | Time: 0.0015s
Record 761/1000 | Predicted: [0] | True: 0 | Time: 0.0015s
Record 762/1000 | Predicted: [0] | True: 0 | Time: 0.0015s
Record 763/1000 | Predicted: [0] | True: 0 | Time: 0.0015s
Record 764/1000 | Predicted: [1] | True: 0 | Time: 0.0014s
Record 765/1000 | Predicted: [0] | True: 0 | Time: 0.0015s
Record 766/1000 | Predicted: [0] | True: 1 | Time: 0.0014s
Record 767/1000 | Predicted: [0] | True: 0 | Time: 0.0014s
Record 768/1000 | Predicted: [0] | True: 0 | Time: 0.0014s
Record 769/1000 | Predicted: [0] | True: 0 | Time: 0.0016s
Record 770/1000 | Predicted: [0] | True: 1 | Time: 0.0014s
Record 771/1000 | Predicted: [1] | True: 0 | Time: 0.0014s
Record 772/1000 | Predicted: [0] | True: 0 | Time: 0.0015s
Record 773/1000 | Predicted: [0] | True: 0 | Time: 0.0014s
Record 774/1000 | Predicted: [0] | True: 1 | Time: 0.0015s
Record 775/1000 | Predicted: [0] | True: 0 | Time: 0.0014s
Record 776/1000 | Predicted: [0] | True: 0 | Time: 0.0014s
Record 777/1000 | Predicted: [0] | True: 0 | Time: 0.0015s
Record 778/1000 | Predicted: [0] | True: 0 | Time: 0.0015s
Record 779/1000 | Predicted: [0] | True: 0 | Time: 0.0015s
Record 780/1000 | Predicted: [0] | True: 1 | Time: 0.0014s
Record 781/1000 | Predicted: [0] | True: 0 | Time: 0.0015s
Record 782/1000 | Predicted: [0] | True: 0 | Time: 0.0015s
Record 783/1000 | Predicted: [0] | True: 0 | Time: 0.0014s
Record 784/1000 | Predicted: [0] | True: 0 | Time: 0.0015s
Record 785/1000 | Predicted: [0] | True: 0 | Time: 0.0014s
Record 786/1000 | Predicted: [0] | True: 0 | Time: 0.0014s
Record 787/1000 | Predicted: [0] | True: 0 | Time: 0.0015s
Record 788/1000 | Predicted: [0] | True: 0 | Time: 0.0014s
Record 789/1000 | Predicted: [0] | True: 0 | Time: 0.0015s
Record 790/1000 | Predicted: [0] | True: 0 | Time: 0.0014s
Record 791/1000 | Predicted: [0] | True: 0 | Time: 0.0014s
Record 792/1000 | Predicted: [0] | True: 0 | Time: 0.0015s
Record 793/1000 | Predicted: [0] | True: 0 | Time: 0.0014s
Record 794/1000 | Predicted: [0] | True: 0 | Time: 0.0014s
Record 795/1000 | Predicted: [0] | True: 1 | Time: 0.0014s
Record 796/1000 | Predicted: [0] | True: 0 | Time: 0.0014s
Record 797/1000 | Predicted: [0] | True: 0 | Time: 0.0014s
Record 798/1000 | Predicted: [0] | True: 0 | Time: 0.0015s
Record 799/1000 | Predicted: [0] | True: 0 | Time: 0.0014s
Record 800/1000 | Predicted: [0] | True: 1 | Time: 0.0014s
Record 801/1000 | Predicted: [0] | True: 0 | Time: 0.0014s
Record 802/1000 | Predicted: [0] | True: 0 | Time: 0.0014s
Record 803/1000 | Predicted: [0] | True: 0 | Time: 0.0014s
Record 804/1000 | Predicted: [0] | True: 0 | Time: 0.0015s
Record 805/1000 | Predicted: [0] | True: 0 | Time: 0.0015s
Record 806/1000 | Predicted: [0] | True: 0 | Time: 0.0015s
Record 807/1000 | Predicted: [1] | True: 1 | Time: 0.0015s
Record 808/1000 | Predicted: [0] | True: 0 | Time: 0.0014s
Record 809/1000 | Predicted: [0] | True: 0 | Time: 0.0015s
Record 810/1000 | Predicted: [0] | True: 0 | Time: 0.0014s
Record 811/1000 | Predicted: [0] | True: 0 | Time: 0.0014s
Record 812/1000 | Predicted: [0] | True: 0 | Time: 0.0015s
Record 813/1000 | Predicted: [0] | True: 0 | Time: 0.0014s
Record 814/1000 | Predicted: [0] | True: 0 | Time: 0.0014s
Record 815/1000 | Predicted: [0] | True: 0 | Time: 0.0014s
Record 816/1000 | Predicted: [0] | True: 0 | Time: 0.0014s
Record 817/1000 | Predicted: [0] | True: 1 | Time: 0.0014s
Record 818/1000 | Predicted: [0] | True: 0 | Time: 0.0014s
Record 819/1000 | Predicted: [0] | True: 1 | Time: 0.0015s
Record 820/1000 | Predicted: [0] | True: 0 | Time: 0.0014s
Record 821/1000 | Predicted: [0] | True: 0 | Time: 0.0014s
Record 822/1000 | Predicted: [0] | True: 0 | Time: 0.0015s
Record 823/1000 | Predicted: [0] | True: 0 | Time: 0.0014s
Record 824/1000 | Predicted: [0] | True: 0 | Time: 0.0015s
Record 825/1000 | Predicted: [0] | True: 0 | Time: 0.0014s
Record 826/1000 | Predicted: [0] | True: 0 | Time: 0.0014s
Record 827/1000 | Predicted: [0] | True: 0 | Time: 0.0015s
Record 828/1000 | Predicted: [0] | True: 0 | Time: 0.0014s
Record 829/1000 | Predicted: [1] | True: 1 | Time: 0.0015s
Record 830/1000 | Predicted: [0] | True: 1 | Time: 0.0014s
Record 831/1000 | Predicted: [0] | True: 0 | Time: 0.0015s
Record 832/1000 | Predicted: [0] | True: 0 | Time: 0.0015s
Record 833/1000 | Predicted: [1] | True: 1 | Time: 0.0014s
Record 834/1000 | Predicted: [0] | True: 0 | Time: 0.0015s
Record 835/1000 | Predicted: [0] | True: 0 | Time: 0.0014s
Record 836/1000 | Predicted: [0] | True: 0 | Time: 0.0014s
Record 837/1000 | Predicted: [0] | True: 0 | Time: 0.0015s
Record 838/1000 | Predicted: [0] | True: 0 | Time: 0.0014s
Record 839/1000 | Predicted: [0] | True: 0 | Time: 0.0015s
Record 840/1000 | Predicted: [0] | True: 0 | Time: 0.0015s
Record 841/1000 | Predicted: [0] | True: 0 | Time: 0.0014s
Record 842/1000 | Predicted: [0] | True: 1 | Time: 0.0015s
Record 843/1000 | Predicted: [0] | True: 1 | Time: 0.0016s
Record 844/1000 | Predicted: [0] | True: 0 | Time: 0.0015s
Record 845/1000 | Predicted: [0] | True: 0 | Time: 0.0014s
Record 846/1000 | Predicted: [0] | True: 1 | Time: 0.0015s
Record 847/1000 | Predicted: [0] | True: 0 | Time: 0.0015s
Record 848/1000 | Predicted: [0] | True: 0 | Time: 0.0015s
Record 849/1000 | Predicted: [0] | True: 0 | Time: 0.0015s
Record 850/1000 | Predicted: [0] | True: 0 | Time: 0.0015s
Record 851/1000 | Predicted: [0] | True: 0 | Time: 0.0015s
Record 852/1000 | Predicted: [0] | True: 0 | Time: 0.0014s
Record 853/1000 | Predicted: [0] | True: 0 | Time: 0.0014s
Record 854/1000 | Predicted: [0] | True: 0 | Time: 0.0015s
Record 855/1000 | Predicted: [0] | True: 0 | Time: 0.0015s
Record 856/1000 | Predicted: [0] | True: 0 | Time: 0.0015s
Record 857/1000 | Predicted: [0] | True: 0 | Time: 0.0014s
Record 858/1000 | Predicted: [0] | True: 0 | Time: 0.0014s
Record 859/1000 | Predicted: [0] | True: 0 | Time: 0.0015s
Record 860/1000 | Predicted: [0] | True: 0 | Time: 0.0014s
Record 861/1000 | Predicted: [0] | True: 0 | Time: 0.0015s
Record 862/1000 | Predicted: [0] | True: 0 | Time: 0.0015s
Record 863/1000 | Predicted: [0] | True: 0 | Time: 0.0014s
Record 864/1000 | Predicted: [0] | True: 0 | Time: 0.0015s
Record 865/1000 | Predicted: [0] | True: 0 | Time: 0.0014s
Record 866/1000 | Predicted: [0] | True: 0 | Time: 0.0015s
Record 867/1000 | Predicted: [0] | True: 1 | Time: 0.0015s
Record 868/1000 | Predicted: [0] | True: 0 | Time: 0.0015s
Record 869/1000 | Predicted: [0] | True: 0 | Time: 0.0014s
Record 870/1000 | Predicted: [0] | True: 0 | Time: 0.0014s
Record 871/1000 | Predicted: [0] | True: 0 | Time: 0.0014s
Record 872/1000 | Predicted: [0] | True: 0 | Time: 0.0015s
Record 873/1000 | Predicted: [0] | True: 0 | Time: 0.0014s
Record 874/1000 | Predicted: [0] | True: 0 | Time: 0.0015s
Record 875/1000 | Predicted: [0] | True: 0 | Time: 0.0015s
Record 876/1000 | Predicted: [0] | True: 0 | Time: 0.0014s
Record 877/1000 | Predicted: [0] | True: 1 | Time: 0.0014s
Record 878/1000 | Predicted: [0] | True: 0 | Time: 0.0014s
Record 879/1000 | Predicted: [0] | True: 0 | Time: 0.0014s
Record 880/1000 | Predicted: [0] | True: 0 | Time: 0.0015s
Record 881/1000 | Predicted: [0] | True: 0 | Time: 0.0015s
Record 882/1000 | Predicted: [0] | True: 0 | Time: 0.0014s
Record 883/1000 | Predicted: [0] | True: 1 | Time: 0.0014s
Record 884/1000 | Predicted: [0] | True: 0 | Time: 0.0015s
Record 885/1000 | Predicted: [0] | True: 0 | Time: 0.0014s
Record 886/1000 | Predicted: [0] | True: 0 | Time: 0.0015s
Record 887/1000 | Predicted: [0] | True: 0 | Time: 0.0014s
Record 888/1000 | Predicted: [0] | True: 0 | Time: 0.0014s
Record 889/1000 | Predicted: [0] | True: 0 | Time: 0.0015s
Record 890/1000 | Predicted: [0] | True: 0 | Time: 0.0014s
Record 891/1000 | Predicted: [0] | True: 0 | Time: 0.0015s
Record 892/1000 | Predicted: [0] | True: 0 | Time: 0.0015s
Record 893/1000 | Predicted: [0] | True: 0 | Time: 0.0015s
Record 894/1000 | Predicted: [0] | True: 1 | Time: 0.0015s
Record 895/1000 | Predicted: [0] | True: 1 | Time: 0.0015s
Record 896/1000 | Predicted: [0] | True: 0 | Time: 0.0015s
Record 897/1000 | Predicted: [0] | True: 1 | Time: 0.0015s
Record 898/1000 | Predicted: [0] | True: 1 | Time: 0.0015s
Record 899/1000 | Predicted: [0] | True: 0 | Time: 0.0015s
Record 900/1000 | Predicted: [0] | True: 0 | Time: 0.0015s
Record 901/1000 | Predicted: [0] | True: 0 | Time: 0.0015s
Record 902/1000 | Predicted: [0] | True: 0 | Time: 0.0014s
Record 903/1000 | Predicted: [0] | True: 0 | Time: 0.0015s
Record 904/1000 | Predicted: [0] | True: 0 | Time: 0.0014s
Record 905/1000 | Predicted: [0] | True: 1 | Time: 0.0015s
Record 906/1000 | Predicted: [0] | True: 0 | Time: 0.0015s
Record 907/1000 | Predicted: [0] | True: 0 | Time: 0.0014s
Record 908/1000 | Predicted: [1] | True: 1 | Time: 0.0015s
Record 909/1000 | Predicted: [0] | True: 0 | Time: 0.0014s
Record 910/1000 | Predicted: [0] | True: 0 | Time: 0.0014s
Record 911/1000 | Predicted: [0] | True: 0 | Time: 0.0015s
Record 912/1000 | Predicted: [0] | True: 0 | Time: 0.0015s
Record 913/1000 | Predicted: [0] | True: 0 | Time: 0.0014s
Record 914/1000 | Predicted: [0] | True: 1 | Time: 0.0014s
Record 915/1000 | Predicted: [0] | True: 1 | Time: 0.0014s
Record 916/1000 | Predicted: [0] | True: 1 | Time: 0.0014s
Record 917/1000 | Predicted: [0] | True: 1 | Time: 0.0015s
Record 918/1000 | Predicted: [0] | True: 0 | Time: 0.0014s
Record 919/1000 | Predicted: [0] | True: 0 | Time: 0.0014s
Record 920/1000 | Predicted: [0] | True: 0 | Time: 0.0014s
Record 921/1000 | Predicted: [0] | True: 1 | Time: 0.0015s
Record 922/1000 | Predicted: [0] | True: 0 | Time: 0.0015s
Record 923/1000 | Predicted: [0] | True: 0 | Time: 0.0015s
Record 924/1000 | Predicted: [0] | True: 0 | Time: 0.0015s
Record 925/1000 | Predicted: [0] | True: 0 | Time: 0.0015s
Record 926/1000 | Predicted: [0] | True: 0 | Time: 0.0015s
Record 927/1000 | Predicted: [0] | True: 0 | Time: 0.0014s
Record 928/1000 | Predicted: [0] | True: 1 | Time: 0.0015s
Record 929/1000 | Predicted: [0] | True: 0 | Time: 0.0015s
Record 930/1000 | Predicted: [0] | True: 0 | Time: 0.0015s
Record 931/1000 | Predicted: [0] | True: 0 | Time: 0.0015s
Record 932/1000 | Predicted: [0] | True: 1 | Time: 0.0014s
Record 933/1000 | Predicted: [0] | True: 0 | Time: 0.0015s
Record 934/1000 | Predicted: [0] | True: 0 | Time: 0.0014s
Record 935/1000 | Predicted: [0] | True: 0 | Time: 0.0015s
Record 936/1000 | Predicted: [0] | True: 0 | Time: 0.0015s
Record 937/1000 | Predicted: [1] | True: 1 | Time: 0.0014s
Record 938/1000 | Predicted: [0] | True: 0 | Time: 0.0014s
Record 939/1000 | Predicted: [0] | True: 1 | Time: 0.0014s
Record 940/1000 | Predicted: [0] | True: 0 | Time: 0.0014s
Record 941/1000 | Predicted: [0] | True: 0 | Time: 0.0015s
Record 942/1000 | Predicted: [0] | True: 0 | Time: 0.0015s
Record 943/1000 | Predicted: [1] | True: 1 | Time: 0.0015s
Record 944/1000 | Predicted: [0] | True: 0 | Time: 0.0015s
Record 945/1000 | Predicted: [0] | True: 0 | Time: 0.0014s
Record 946/1000 | Predicted: [0] | True: 0 | Time: 0.0014s
Record 947/1000 | Predicted: [0] | True: 1 | Time: 0.0015s
Record 948/1000 | Predicted: [0] | True: 0 | Time: 0.0014s
Record 949/1000 | Predicted: [0] | True: 0 | Time: 0.0014s
Record 950/1000 | Predicted: [0] | True: 1 | Time: 0.0014s
Record 951/1000 | Predicted: [0] | True: 0 | Time: 0.0015s
Record 952/1000 | Predicted: [0] | True: 0 | Time: 0.0015s
Record 953/1000 | Predicted: [0] | True: 0 | Time: 0.0015s
Record 954/1000 | Predicted: [0] | True: 0 | Time: 0.0014s
Record 955/1000 | Predicted: [0] | True: 0 | Time: 0.0014s
Record 956/1000 | Predicted: [0] | True: 0 | Time: 0.0014s
Record 957/1000 | Predicted: [0] | True: 0 | Time: 0.0014s
Record 958/1000 | Predicted: [0] | True: 0 | Time: 0.0015s
Record 959/1000 | Predicted: [1] | True: 1 | Time: 0.0014s
Record 960/1000 | Predicted: [0] | True: 0 | Time: 0.0014s
Record 961/1000 | Predicted: [0] | True: 0 | Time: 0.0014s
Record 962/1000 | Predicted: [0] | True: 0 | Time: 0.0014s
Record 963/1000 | Predicted: [0] | True: 0 | Time: 0.0014s
Record 964/1000 | Predicted: [0] | True: 0 | Time: 0.0014s
Record 965/1000 | Predicted: [0] | True: 0 | Time: 0.0014s
Record 966/1000 | Predicted: [0] | True: 0 | Time: 0.0014s
Record 967/1000 | Predicted: [0] | True: 0 | Time: 0.0015s
Record 968/1000 | Predicted: [0] | True: 0 | Time: 0.0014s
Record 969/1000 | Predicted: [0] | True: 0 | Time: 0.0014s
Record 970/1000 | Predicted: [0] | True: 0 | Time: 0.0014s
Record 971/1000 | Predicted: [0] | True: 0 | Time: 0.0014s
Record 972/1000 | Predicted: [0] | True: 0 | Time: 0.0014s
Record 973/1000 | Predicted: [0] | True: 0 | Time: 0.0015s
Record 974/1000 | Predicted: [0] | True: 0 | Time: 0.0014s
Record 975/1000 | Predicted: [0] | True: 0 | Time: 0.0014s
Record 976/1000 | Predicted: [1] | True: 1 | Time: 0.0015s
Record 977/1000 | Predicted: [0] | True: 1 | Time: 0.0015s
Record 978/1000 | Predicted: [0] | True: 0 | Time: 0.0014s
Record 979/1000 | Predicted: [0] | True: 0 | Time: 0.0014s
Record 980/1000 | Predicted: [0] | True: 0 | Time: 0.0015s
Record 981/1000 | Predicted: [0] | True: 0 | Time: 0.0015s
Record 982/1000 | Predicted: [0] | True: 1 | Time: 0.0015s
Record 983/1000 | Predicted: [0] | True: 0 | Time: 0.0014s
Record 984/1000 | Predicted: [0] | True: 0 | Time: 0.0014s
Record 985/1000 | Predicted: [0] | True: 0 | Time: 0.0014s
Record 986/1000 | Predicted: [0] | True: 0 | Time: 0.0014s
Record 987/1000 | Predicted: [0] | True: 0 | Time: 0.0014s
Record 988/1000 | Predicted: [0] | True: 0 | Time: 0.0015s
Record 989/1000 | Predicted: [0] | True: 0 | Time: 0.0014s
Record 990/1000 | Predicted: [1] | True: 0 | Time: 0.0015s
Record 991/1000 | Predicted: [0] | True: 0 | Time: 0.0015s
Record 992/1000 | Predicted: [0] | True: 0 | Time: 0.0015s
Record 993/1000 | Predicted: [0] | True: 0 | Time: 0.0014s
Record 994/1000 | Predicted: [0] | True: 0 | Time: 0.0014s
Record 995/1000 | Predicted: [0] | True: 0 | Time: 0.0015s
Record 996/1000 | Predicted: [0] | True: 0 | Time: 0.0015s
Record 997/1000 | Predicted: [0] | True: 0 | Time: 0.0014s
Record 998/1000 | Predicted: [0] | True: 0 | Time: 0.0014s
Record 999/1000 | Predicted: [0] | True: 0 | Time: 0.0014s
Record 1000/1000 | Predicted: [0] | True: 0 | Time: 0.0014s

[STEP 4] Calculating final statistics...
[LOG] Current time: 2025-08-15 18:34:41 -03-0300

==================== INFERENCE SUMMARY ====================
Total records processed: 1000
   Total inference time: 1.4769 seconds
Mean inference time/record: 0.0015 seconds
=============================================================

[LOG] Current time: 2025-08-15 18:34:41 -03-0300
--- FHE Prediction with Before & After Comparison ---

[STEP 1] Loading pre-compiled FHE circuit and preprocessor...

[STEP 2] Preparing and inspecting data on the CLIENT-SIDE before encryption...

[STEP 3] Processing all records...
Record 1/1000 | Predicted: 0 | True: 0 | Time: 1.2155s
Record 2/1000 | Predicted: 0 | True: 0 | Time: 0.7984s
Record 3/1000 | Predicted: 0 | True: 0 | Time: 0.7780s
Record 4/1000 | Predicted: 0 | True: 0 | Time: 0.7768s
Record 5/1000 | Predicted: 0 | True: 0 | Time: 0.7769s
Record 6/1000 | Predicted: 0 | True: 0 | Time: 0.7806s
Record 7/1000 | Predicted: 0 | True: 0 | Time: 0.7793s
Record 8/1000 | Predicted: 0 | True: 1 | Time: 0.7763s
Record 9/1000 | Predicted: 0 | True: 1 | Time: 0.7670s
Record 10/1000 | Predicted: 0 | True: 0 | Time: 0.7667s
Record 11/1000 | Predicted: 0 | True: 1 | Time: 0.8387s
Record 12/1000 | Predicted: 0 | True: 0 | Time: 0.7816s
Record 13/1000 | Predicted: 0 | True: 0 | Time: 0.7557s
Record 14/1000 | Predicted: 0 | True: 0 | Time: 0.7860s
Record 15/1000 | Predicted: 0 | True: 0 | Time: 0.7889s
Record 16/1000 | Predicted: 0 | True: 1 | Time: 0.8341s
Record 17/1000 | Predicted: 0 | True: 1 | Time: 0.7983s
Record 18/1000 | Predicted: 0 | True: 0 | Time: 0.7668s
Record 19/1000 | Predicted: 0 | True: 0 | Time: 0.7782s
Record 20/1000 | Predicted: 0 | True: 1 | Time: 0.7759s
Record 21/1000 | Predicted: 0 | True: 0 | Time: 0.8078s
Record 22/1000 | Predicted: 0 | True: 0 | Time: 0.8143s
Record 23/1000 | Predicted: 0 | True: 0 | Time: 0.7501s
Record 24/1000 | Predicted: 0 | True: 1 | Time: 0.8070s
Record 25/1000 | Predicted: 0 | True: 0 | Time: 0.7807s
Record 26/1000 | Predicted: 0 | True: 0 | Time: 0.8077s
Record 27/1000 | Predicted: 0 | True: 0 | Time: 0.7939s
Record 28/1000 | Predicted: 0 | True: 0 | Time: 0.8086s
Record 29/1000 | Predicted: 0 | True: 1 | Time: 0.7837s
Record 30/1000 | Predicted: 1 | True: 1 | Time: 0.7915s
Record 31/1000 | Predicted: 0 | True: 0 | Time: 0.7922s
Record 32/1000 | Predicted: 0 | True: 0 | Time: 0.8359s
Record 33/1000 | Predicted: 0 | True: 0 | Time: 0.8007s
Record 34/1000 | Predicted: 0 | True: 0 | Time: 0.7492s
Record 35/1000 | Predicted: 0 | True: 0 | Time: 0.7768s
Record 36/1000 | Predicted: 0 | True: 0 | Time: 0.7702s
Record 37/1000 | Predicted: 1 | True: 0 | Time: 0.8059s
Record 38/1000 | Predicted: 0 | True: 0 | Time: 0.7630s
Record 39/1000 | Predicted: 0 | True: 0 | Time: 0.7711s
Record 40/1000 | Predicted: 0 | True: 0 | Time: 0.7824s
Record 41/1000 | Predicted: 0 | True: 0 | Time: 0.7672s
Record 42/1000 | Predicted: 0 | True: 0 | Time: 0.8056s
Record 43/1000 | Predicted: 0 | True: 1 | Time: 0.7396s
Record 44/1000 | Predicted: 0 | True: 0 | Time: 0.7430s
Record 45/1000 | Predicted: 0 | True: 0 | Time: 0.7610s
Record 46/1000 | Predicted: 0 | True: 0 | Time: 0.7717s
Record 47/1000 | Predicted: 0 | True: 0 | Time: 0.7749s
Record 48/1000 | Predicted: 0 | True: 0 | Time: 0.7556s
Record 49/1000 | Predicted: 0 | True: 0 | Time: 0.7599s
Record 50/1000 | Predicted: 0 | True: 0 | Time: 0.7657s
Record 51/1000 | Predicted: 0 | True: 0 | Time: 0.7921s
Record 52/1000 | Predicted: 0 | True: 0 | Time: 0.7461s
Record 53/1000 | Predicted: 0 | True: 0 | Time: 0.7718s
Record 54/1000 | Predicted: 0 | True: 0 | Time: 0.7879s
Record 55/1000 | Predicted: 0 | True: 0 | Time: 0.7494s
Record 56/1000 | Predicted: 0 | True: 0 | Time: 0.7838s
Record 57/1000 | Predicted: 0 | True: 1 | Time: 0.7564s
Record 58/1000 | Predicted: 0 | True: 0 | Time: 0.7539s
Record 59/1000 | Predicted: 0 | True: 0 | Time: 0.7933s
Record 60/1000 | Predicted: 0 | True: 0 | Time: 0.7697s
Record 61/1000 | Predicted: 0 | True: 0 | Time: 0.7867s
Record 62/1000 | Predicted: 0 | True: 0 | Time: 0.7637s
Record 63/1000 | Predicted: 0 | True: 1 | Time: 0.7613s
Record 64/1000 | Predicted: 0 | True: 0 | Time: 0.7826s
Record 65/1000 | Predicted: 0 | True: 0 | Time: 0.8357s
Record 66/1000 | Predicted: 0 | True: 0 | Time: 0.7939s
Record 67/1000 | Predicted: 0 | True: 1 | Time: 0.8091s
Record 68/1000 | Predicted: 0 | True: 0 | Time: 0.7558s
Record 69/1000 | Predicted: 0 | True: 0 | Time: 0.7685s
Record 70/1000 | Predicted: 0 | True: 0 | Time: 0.8067s
Record 71/1000 | Predicted: 0 | True: 0 | Time: 0.7951s
Record 72/1000 | Predicted: 0 | True: 0 | Time: 0.7568s
Record 73/1000 | Predicted: 0 | True: 0 | Time: 0.7804s
Record 74/1000 | Predicted: 1 | True: 0 | Time: 0.7994s
Record 75/1000 | Predicted: 0 | True: 0 | Time: 0.7995s
Record 76/1000 | Predicted: 0 | True: 0 | Time: 0.8115s
Record 77/1000 | Predicted: 0 | True: 0 | Time: 0.7740s
Record 78/1000 | Predicted: 0 | True: 0 | Time: 0.7734s
Record 79/1000 | Predicted: 0 | True: 0 | Time: 0.7810s
Record 80/1000 | Predicted: 0 | True: 0 | Time: 0.8153s
Record 81/1000 | Predicted: 0 | True: 0 | Time: 0.7665s
Record 82/1000 | Predicted: 0 | True: 0 | Time: 0.7608s
Record 83/1000 | Predicted: 0 | True: 0 | Time: 0.7832s
Record 84/1000 | Predicted: 0 | True: 0 | Time: 0.7722s
Record 85/1000 | Predicted: 0 | True: 0 | Time: 0.8045s
Record 86/1000 | Predicted: 0 | True: 0 | Time: 0.7926s
Record 87/1000 | Predicted: 0 | True: 1 | Time: 0.7560s
Record 88/1000 | Predicted: 0 | True: 0 | Time: 0.7625s
Record 89/1000 | Predicted: 0 | True: 0 | Time: 0.7579s
Record 90/1000 | Predicted: 0 | True: 1 | Time: 0.8192s
Record 91/1000 | Predicted: 0 | True: 0 | Time: 0.8226s
Record 92/1000 | Predicted: 1 | True: 1 | Time: 0.7633s
Record 93/1000 | Predicted: 0 | True: 0 | Time: 0.7508s
Record 94/1000 | Predicted: 0 | True: 0 | Time: 0.7537s
Record 95/1000 | Predicted: 1 | True: 1 | Time: 0.7685s
Record 96/1000 | Predicted: 0 | True: 0 | Time: 0.7829s
Record 97/1000 | Predicted: 0 | True: 0 | Time: 0.7669s
Record 98/1000 | Predicted: 0 | True: 0 | Time: 0.7593s
Record 99/1000 | Predicted: 0 | True: 1 | Time: 0.7647s
Record 100/1000 | Predicted: 0 | True: 0 | Time: 0.7877s
Record 101/1000 | Predicted: 1 | True: 1 | Time: 0.7565s
Record 102/1000 | Predicted: 0 | True: 0 | Time: 0.7608s
Record 103/1000 | Predicted: 0 | True: 0 | Time: 0.7544s
Record 104/1000 | Predicted: 0 | True: 0 | Time: 0.7655s
Record 105/1000 | Predicted: 0 | True: 0 | Time: 0.7617s
Record 106/1000 | Predicted: 0 | True: 0 | Time: 0.7575s
Record 107/1000 | Predicted: 0 | True: 0 | Time: 0.7631s
Record 108/1000 | Predicted: 0 | True: 0 | Time: 0.7756s
Record 109/1000 | Predicted: 0 | True: 0 | Time: 0.7870s
Record 110/1000 | Predicted: 0 | True: 0 | Time: 0.7772s
Record 111/1000 | Predicted: 0 | True: 0 | Time: 0.7549s
Record 112/1000 | Predicted: 0 | True: 0 | Time: 0.7792s
Record 113/1000 | Predicted: 0 | True: 0 | Time: 0.8166s
Record 114/1000 | Predicted: 0 | True: 0 | Time: 0.7611s
Record 115/1000 | Predicted: 0 | True: 1 | Time: 0.7626s
Record 116/1000 | Predicted: 0 | True: 0 | Time: 0.7730s
Record 117/1000 | Predicted: 0 | True: 0 | Time: 0.7574s
Record 118/1000 | Predicted: 0 | True: 0 | Time: 0.8042s
Record 119/1000 | Predicted: 1 | True: 1 | Time: 0.7864s
Record 120/1000 | Predicted: 1 | True: 1 | Time: 0.7785s
Record 121/1000 | Predicted: 0 | True: 0 | Time: 0.7907s
Record 122/1000 | Predicted: 0 | True: 0 | Time: 0.7907s
Record 123/1000 | Predicted: 0 | True: 0 | Time: 0.7965s
Record 124/1000 | Predicted: 0 | True: 0 | Time: 0.8375s
Record 125/1000 | Predicted: 0 | True: 0 | Time: 0.7899s
Record 126/1000 | Predicted: 0 | True: 0 | Time: 0.7996s
Record 127/1000 | Predicted: 0 | True: 0 | Time: 0.7651s
Record 128/1000 | Predicted: 0 | True: 0 | Time: 0.7688s
Record 129/1000 | Predicted: 0 | True: 0 | Time: 0.7752s
Record 130/1000 | Predicted: 0 | True: 1 | Time: 0.7950s
Record 131/1000 | Predicted: 0 | True: 0 | Time: 0.7563s
Record 132/1000 | Predicted: 0 | True: 0 | Time: 0.7818s
Record 133/1000 | Predicted: 0 | True: 0 | Time: 0.7861s
Record 134/1000 | Predicted: 0 | True: 0 | Time: 0.7975s
Record 135/1000 | Predicted: 0 | True: 0 | Time: 0.7897s
Record 136/1000 | Predicted: 0 | True: 1 | Time: 0.7701s
Record 137/1000 | Predicted: 0 | True: 1 | Time: 0.7714s
Record 138/1000 | Predicted: 0 | True: 1 | Time: 0.8072s
Record 139/1000 | Predicted: 0 | True: 0 | Time: 0.7983s
Record 140/1000 | Predicted: 0 | True: 1 | Time: 0.7935s
Record 141/1000 | Predicted: 0 | True: 0 | Time: 0.7578s
Record 142/1000 | Predicted: 0 | True: 0 | Time: 0.7638s
Record 143/1000 | Predicted: 0 | True: 0 | Time: 0.7865s
Record 144/1000 | Predicted: 0 | True: 1 | Time: 0.7958s
Record 145/1000 | Predicted: 1 | True: 0 | Time: 0.7713s
Record 146/1000 | Predicted: 0 | True: 0 | Time: 0.7541s
Record 147/1000 | Predicted: 0 | True: 0 | Time: 0.7656s
Record 148/1000 | Predicted: 0 | True: 0 | Time: 0.7926s
Record 149/1000 | Predicted: 0 | True: 0 | Time: 0.8160s
Record 150/1000 | Predicted: 0 | True: 0 | Time: 0.7784s
Record 151/1000 | Predicted: 0 | True: 0 | Time: 0.7475s
Record 152/1000 | Predicted: 0 | True: 0 | Time: 0.7776s
Record 153/1000 | Predicted: 0 | True: 1 | Time: 0.7978s
Record 154/1000 | Predicted: 0 | True: 0 | Time: 0.7738s
Record 155/1000 | Predicted: 0 | True: 0 | Time: 0.7578s
Record 156/1000 | Predicted: 0 | True: 1 | Time: 0.7985s
Record 157/1000 | Predicted: 0 | True: 0 | Time: 0.7708s
Record 158/1000 | Predicted: 0 | True: 0 | Time: 0.8204s
Record 159/1000 | Predicted: 0 | True: 1 | Time: 0.8083s
Record 160/1000 | Predicted: 0 | True: 0 | Time: 0.7748s
Record 161/1000 | Predicted: 0 | True: 0 | Time: 0.7652s
Record 162/1000 | Predicted: 0 | True: 0 | Time: 0.7789s
Record 163/1000 | Predicted: 1 | True: 0 | Time: 0.8157s
Record 164/1000 | Predicted: 0 | True: 0 | Time: 0.8010s
Record 165/1000 | Predicted: 0 | True: 0 | Time: 0.7902s
Record 166/1000 | Predicted: 0 | True: 0 | Time: 0.7562s
Record 167/1000 | Predicted: 0 | True: 0 | Time: 0.7464s
Record 168/1000 | Predicted: 0 | True: 0 | Time: 0.7893s
Record 169/1000 | Predicted: 0 | True: 0 | Time: 0.7708s
Record 170/1000 | Predicted: 0 | True: 0 | Time: 0.7959s
Record 171/1000 | Predicted: 0 | True: 0 | Time: 0.7569s
Record 172/1000 | Predicted: 0 | True: 0 | Time: 0.7549s
Record 173/1000 | Predicted: 0 | True: 0 | Time: 0.7607s
Record 174/1000 | Predicted: 0 | True: 0 | Time: 0.7714s
Record 175/1000 | Predicted: 0 | True: 0 | Time: 0.7399s
Record 176/1000 | Predicted: 0 | True: 0 | Time: 0.7483s
Record 177/1000 | Predicted: 0 | True: 0 | Time: 0.7769s
Record 178/1000 | Predicted: 0 | True: 1 | Time: 0.7850s
Record 179/1000 | Predicted: 0 | True: 0 | Time: 0.8011s
Record 180/1000 | Predicted: 0 | True: 1 | Time: 0.7768s
Record 181/1000 | Predicted: 0 | True: 0 | Time: 0.7879s
Record 182/1000 | Predicted: 0 | True: 1 | Time: 0.7721s
Record 183/1000 | Predicted: 0 | True: 0 | Time: 0.7889s
Record 184/1000 | Predicted: 0 | True: 0 | Time: 0.7996s
Record 185/1000 | Predicted: 0 | True: 0 | Time: 0.8146s
Record 186/1000 | Predicted: 0 | True: 0 | Time: 0.7661s
Record 187/1000 | Predicted: 0 | True: 0 | Time: 0.7730s
Record 188/1000 | Predicted: 0 | True: 0 | Time: 0.7800s
Record 189/1000 | Predicted: 0 | True: 1 | Time: 0.7867s
Record 190/1000 | Predicted: 0 | True: 0 | Time: 0.7897s
Record 191/1000 | Predicted: 1 | True: 0 | Time: 0.7790s
Record 192/1000 | Predicted: 0 | True: 0 | Time: 0.7957s
Record 193/1000 | Predicted: 0 | True: 1 | Time: 0.7827s
Record 194/1000 | Predicted: 0 | True: 1 | Time: 0.7930s
Record 195/1000 | Predicted: 0 | True: 0 | Time: 0.7592s
Record 196/1000 | Predicted: 0 | True: 0 | Time: 0.7552s
Record 197/1000 | Predicted: 0 | True: 0 | Time: 0.7792s
Record 198/1000 | Predicted: 0 | True: 0 | Time: 0.7974s
Record 199/1000 | Predicted: 0 | True: 1 | Time: 0.7787s
Record 200/1000 | Predicted: 0 | True: 0 | Time: 0.7532s
Record 201/1000 | Predicted: 0 | True: 0 | Time: 0.7618s
Record 202/1000 | Predicted: 0 | True: 0 | Time: 0.7860s
Record 203/1000 | Predicted: 0 | True: 0 | Time: 0.7620s
Record 204/1000 | Predicted: 0 | True: 0 | Time: 0.7781s
Record 205/1000 | Predicted: 0 | True: 0 | Time: 0.7514s
Record 206/1000 | Predicted: 0 | True: 0 | Time: 0.7637s
Record 207/1000 | Predicted: 0 | True: 1 | Time: 0.8259s
Record 208/1000 | Predicted: 0 | True: 0 | Time: 0.7729s
Record 209/1000 | Predicted: 0 | True: 0 | Time: 0.7709s
Record 210/1000 | Predicted: 0 | True: 1 | Time: 0.7463s
Record 211/1000 | Predicted: 0 | True: 0 | Time: 0.7685s
Record 212/1000 | Predicted: 0 | True: 1 | Time: 0.7657s
Record 213/1000 | Predicted: 0 | True: 0 | Time: 0.8126s
Record 214/1000 | Predicted: 0 | True: 0 | Time: 0.7978s
Record 215/1000 | Predicted: 0 | True: 0 | Time: 0.7527s
Record 216/1000 | Predicted: 0 | True: 0 | Time: 0.7909s
Record 217/1000 | Predicted: 0 | True: 0 | Time: 0.8053s
Record 218/1000 | Predicted: 0 | True: 1 | Time: 0.8093s
Record 219/1000 | Predicted: 0 | True: 0 | Time: 0.7775s
Record 220/1000 | Predicted: 0 | True: 0 | Time: 0.7784s
Record 221/1000 | Predicted: 0 | True: 0 | Time: 0.7934s
Record 222/1000 | Predicted: 0 | True: 0 | Time: 0.7753s
Record 223/1000 | Predicted: 0 | True: 0 | Time: 0.7730s
Record 224/1000 | Predicted: 0 | True: 1 | Time: 0.7863s
Record 225/1000 | Predicted: 0 | True: 0 | Time: 0.7846s
Record 226/1000 | Predicted: 0 | True: 1 | Time: 0.7810s
Record 227/1000 | Predicted: 0 | True: 1 | Time: 0.7987s
Record 228/1000 | Predicted: 0 | True: 1 | Time: 0.8241s
Record 229/1000 | Predicted: 0 | True: 0 | Time: 0.7574s
Record 230/1000 | Predicted: 0 | True: 0 | Time: 0.7495s
Record 231/1000 | Predicted: 0 | True: 0 | Time: 0.7750s
Record 232/1000 | Predicted: 0 | True: 0 | Time: 0.7805s
Record 233/1000 | Predicted: 0 | True: 0 | Time: 0.7875s
Record 234/1000 | Predicted: 0 | True: 0 | Time: 0.7987s
Record 235/1000 | Predicted: 0 | True: 1 | Time: 0.7794s
Record 236/1000 | Predicted: 0 | True: 0 | Time: 0.8018s
Record 237/1000 | Predicted: 0 | True: 0 | Time: 0.7888s
Record 238/1000 | Predicted: 0 | True: 0 | Time: 0.7550s
Record 239/1000 | Predicted: 0 | True: 1 | Time: 0.7737s
Record 240/1000 | Predicted: 0 | True: 0 | Time: 0.7629s
Record 241/1000 | Predicted: 0 | True: 1 | Time: 0.7761s
Record 242/1000 | Predicted: 0 | True: 0 | Time: 0.7671s
Record 243/1000 | Predicted: 0 | True: 0 | Time: 0.7713s
Record 244/1000 | Predicted: 0 | True: 0 | Time: 0.7583s
Record 245/1000 | Predicted: 0 | True: 0 | Time: 0.7791s
Record 246/1000 | Predicted: 0 | True: 1 | Time: 0.7723s
Record 247/1000 | Predicted: 0 | True: 0 | Time: 0.8013s
Record 248/1000 | Predicted: 0 | True: 0 | Time: 0.8003s
Record 249/1000 | Predicted: 0 | True: 0 | Time: 0.7937s
Record 250/1000 | Predicted: 0 | True: 0 | Time: 0.7724s
Record 251/1000 | Predicted: 0 | True: 0 | Time: 0.7690s
Record 252/1000 | Predicted: 0 | True: 1 | Time: 0.7967s
Record 253/1000 | Predicted: 0 | True: 0 | Time: 0.7697s
Record 254/1000 | Predicted: 0 | True: 0 | Time: 0.7595s
Record 255/1000 | Predicted: 0 | True: 0 | Time: 0.7832s
Record 256/1000 | Predicted: 0 | True: 0 | Time: 0.8033s
Record 257/1000 | Predicted: 0 | True: 0 | Time: 0.8193s
Record 258/1000 | Predicted: 0 | True: 1 | Time: 0.8099s
Record 259/1000 | Predicted: 0 | True: 1 | Time: 0.7703s
Record 260/1000 | Predicted: 0 | True: 0 | Time: 0.7878s
Record 261/1000 | Predicted: 0 | True: 0 | Time: 0.7706s
Record 262/1000 | Predicted: 0 | True: 0 | Time: 0.8076s
Record 263/1000 | Predicted: 0 | True: 0 | Time: 0.7959s
Record 264/1000 | Predicted: 0 | True: 0 | Time: 0.7766s
Record 265/1000 | Predicted: 0 | True: 0 | Time: 0.7851s
Record 266/1000 | Predicted: 0 | True: 0 | Time: 0.7825s
Record 267/1000 | Predicted: 0 | True: 1 | Time: 0.7991s
Record 268/1000 | Predicted: 0 | True: 0 | Time: 0.7818s
Record 269/1000 | Predicted: 0 | True: 0 | Time: 0.7540s
Record 270/1000 | Predicted: 0 | True: 1 | Time: 0.7547s
Record 271/1000 | Predicted: 0 | True: 0 | Time: 0.7571s
Record 272/1000 | Predicted: 0 | True: 0 | Time: 0.7962s
Record 273/1000 | Predicted: 0 | True: 1 | Time: 0.8114s
Record 274/1000 | Predicted: 0 | True: 1 | Time: 0.7995s
Record 275/1000 | Predicted: 0 | True: 0 | Time: 0.8205s
Record 276/1000 | Predicted: 0 | True: 1 | Time: 0.7965s
Record 277/1000 | Predicted: 0 | True: 0 | Time: 0.7936s
Record 278/1000 | Predicted: 0 | True: 0 | Time: 0.7880s
Record 279/1000 | Predicted: 0 | True: 0 | Time: 0.7624s
Record 280/1000 | Predicted: 0 | True: 0 | Time: 0.8006s
Record 281/1000 | Predicted: 0 | True: 0 | Time: 0.7526s
Record 282/1000 | Predicted: 0 | True: 0 | Time: 0.7812s
Record 283/1000 | Predicted: 0 | True: 0 | Time: 0.7507s
Record 284/1000 | Predicted: 0 | True: 0 | Time: 0.7822s
Record 285/1000 | Predicted: 1 | True: 0 | Time: 0.7941s
Record 286/1000 | Predicted: 0 | True: 0 | Time: 0.7719s
Record 287/1000 | Predicted: 0 | True: 0 | Time: 0.7695s
Record 288/1000 | Predicted: 0 | True: 0 | Time: 0.7704s
Record 289/1000 | Predicted: 0 | True: 1 | Time: 0.7741s
Record 290/1000 | Predicted: 0 | True: 0 | Time: 0.8871s
Record 291/1000 | Predicted: 0 | True: 0 | Time: 0.9368s
Record 292/1000 | Predicted: 0 | True: 0 | Time: 0.9724s
Record 293/1000 | Predicted: 0 | True: 1 | Time: 0.7739s
Record 294/1000 | Predicted: 0 | True: 0 | Time: 0.7903s
Record 295/1000 | Predicted: 0 | True: 0 | Time: 0.7728s
Record 296/1000 | Predicted: 0 | True: 0 | Time: 0.7905s
Record 297/1000 | Predicted: 0 | True: 0 | Time: 0.8051s
Record 298/1000 | Predicted: 0 | True: 1 | Time: 0.7882s
Record 299/1000 | Predicted: 0 | True: 0 | Time: 0.7762s
Record 300/1000 | Predicted: 1 | True: 0 | Time: 0.8090s
Record 301/1000 | Predicted: 0 | True: 0 | Time: 0.7977s
Record 302/1000 | Predicted: 0 | True: 0 | Time: 0.7893s
Record 303/1000 | Predicted: 0 | True: 0 | Time: 0.7834s
Record 304/1000 | Predicted: 0 | True: 0 | Time: 0.7659s
Record 305/1000 | Predicted: 0 | True: 0 | Time: 0.7978s
Record 306/1000 | Predicted: 0 | True: 0 | Time: 0.7747s
Record 307/1000 | Predicted: 0 | True: 0 | Time: 0.7909s
Record 308/1000 | Predicted: 0 | True: 0 | Time: 0.7814s
Record 309/1000 | Predicted: 0 | True: 0 | Time: 0.8020s
Record 310/1000 | Predicted: 0 | True: 0 | Time: 0.7779s
Record 311/1000 | Predicted: 0 | True: 0 | Time: 0.7982s
Record 312/1000 | Predicted: 0 | True: 0 | Time: 0.7762s
Record 313/1000 | Predicted: 0 | True: 0 | Time: 0.7861s
Record 314/1000 | Predicted: 0 | True: 1 | Time: 0.7851s
Record 315/1000 | Predicted: 0 | True: 0 | Time: 0.7858s
Record 316/1000 | Predicted: 0 | True: 1 | Time: 0.7839s
Record 317/1000 | Predicted: 0 | True: 1 | Time: 0.7963s
Record 318/1000 | Predicted: 0 | True: 0 | Time: 0.7907s
Record 319/1000 | Predicted: 0 | True: 0 | Time: 0.7796s
Record 320/1000 | Predicted: 0 | True: 0 | Time: 0.8008s
Record 321/1000 | Predicted: 0 | True: 0 | Time: 0.8144s
Record 322/1000 | Predicted: 0 | True: 0 | Time: 0.7824s
Record 323/1000 | Predicted: 0 | True: 0 | Time: 0.8352s
Record 324/1000 | Predicted: 0 | True: 0 | Time: 0.8263s
Record 325/1000 | Predicted: 0 | True: 0 | Time: 0.8293s
Record 326/1000 | Predicted: 0 | True: 0 | Time: 0.8196s
Record 327/1000 | Predicted: 0 | True: 0 | Time: 0.7909s
Record 328/1000 | Predicted: 0 | True: 1 | Time: 0.7558s
Record 329/1000 | Predicted: 0 | True: 0 | Time: 0.8224s
Record 330/1000 | Predicted: 0 | True: 0 | Time: 0.7740s
Record 331/1000 | Predicted: 0 | True: 0 | Time: 0.7692s
Record 332/1000 | Predicted: 0 | True: 0 | Time: 0.7786s
Record 333/1000 | Predicted: 0 | True: 0 | Time: 0.7565s
Record 334/1000 | Predicted: 0 | True: 0 | Time: 0.7687s
Record 335/1000 | Predicted: 0 | True: 1 | Time: 0.7868s
Record 336/1000 | Predicted: 0 | True: 0 | Time: 0.7639s
Record 337/1000 | Predicted: 0 | True: 0 | Time: 0.7538s
Record 338/1000 | Predicted: 0 | True: 0 | Time: 0.7836s
Record 339/1000 | Predicted: 0 | True: 0 | Time: 0.7668s
Record 340/1000 | Predicted: 0 | True: 0 | Time: 0.8101s
Record 341/1000 | Predicted: 0 | True: 1 | Time: 0.7647s
Record 342/1000 | Predicted: 0 | True: 0 | Time: 0.7676s
Record 343/1000 | Predicted: 0 | True: 0 | Time: 0.7787s
Record 344/1000 | Predicted: 0 | True: 0 | Time: 0.7560s
Record 345/1000 | Predicted: 0 | True: 0 | Time: 0.7718s
Record 346/1000 | Predicted: 0 | True: 0 | Time: 0.7684s
Record 347/1000 | Predicted: 0 | True: 0 | Time: 0.7891s
Record 348/1000 | Predicted: 0 | True: 0 | Time: 0.7715s
Record 349/1000 | Predicted: 0 | True: 0 | Time: 0.7694s
Record 350/1000 | Predicted: 0 | True: 0 | Time: 0.7875s
Record 351/1000 | Predicted: 0 | True: 0 | Time: 0.7851s
Record 352/1000 | Predicted: 0 | True: 0 | Time: 0.8036s
Record 353/1000 | Predicted: 0 | True: 0 | Time: 0.7891s
Record 354/1000 | Predicted: 0 | True: 0 | Time: 0.7627s
Record 355/1000 | Predicted: 0 | True: 1 | Time: 0.7795s
Record 356/1000 | Predicted: 0 | True: 0 | Time: 0.7742s
Record 357/1000 | Predicted: 0 | True: 0 | Time: 0.7732s
Record 358/1000 | Predicted: 0 | True: 0 | Time: 0.8213s
Record 359/1000 | Predicted: 0 | True: 0 | Time: 0.7704s
Record 360/1000 | Predicted: 0 | True: 1 | Time: 0.7695s
Record 361/1000 | Predicted: 0 | True: 0 | Time: 0.7647s
Record 362/1000 | Predicted: 0 | True: 0 | Time: 0.7789s
Record 363/1000 | Predicted: 0 | True: 0 | Time: 0.7754s
Record 364/1000 | Predicted: 0 | True: 0 | Time: 0.7938s
Record 365/1000 | Predicted: 0 | True: 0 | Time: 0.7695s
Record 366/1000 | Predicted: 0 | True: 0 | Time: 0.7712s
Record 367/1000 | Predicted: 0 | True: 0 | Time: 0.7946s
Record 368/1000 | Predicted: 0 | True: 1 | Time: 0.7539s
Record 369/1000 | Predicted: 0 | True: 0 | Time: 0.7771s
Record 370/1000 | Predicted: 0 | True: 0 | Time: 0.7567s
Record 371/1000 | Predicted: 0 | True: 0 | Time: 0.7577s
Record 372/1000 | Predicted: 0 | True: 0 | Time: 0.7750s
Record 373/1000 | Predicted: 0 | True: 1 | Time: 0.7677s
Record 374/1000 | Predicted: 0 | True: 0 | Time: 0.7897s
Record 375/1000 | Predicted: 0 | True: 0 | Time: 0.7688s
Record 376/1000 | Predicted: 0 | True: 0 | Time: 0.7710s
Record 377/1000 | Predicted: 0 | True: 1 | Time: 0.7792s
Record 378/1000 | Predicted: 0 | True: 0 | Time: 0.7835s
Record 379/1000 | Predicted: 0 | True: 0 | Time: 0.7591s
Record 380/1000 | Predicted: 0 | True: 1 | Time: 0.7567s
Record 381/1000 | Predicted: 0 | True: 0 | Time: 0.7857s
Record 382/1000 | Predicted: 0 | True: 0 | Time: 0.7599s
Record 383/1000 | Predicted: 0 | True: 1 | Time: 0.8268s
Record 384/1000 | Predicted: 0 | True: 0 | Time: 0.8069s
Record 385/1000 | Predicted: 0 | True: 0 | Time: 0.7739s
Record 386/1000 | Predicted: 0 | True: 1 | Time: 0.8149s
Record 387/1000 | Predicted: 0 | True: 0 | Time: 0.7552s
Record 388/1000 | Predicted: 0 | True: 1 | Time: 0.7769s
Record 389/1000 | Predicted: 0 | True: 0 | Time: 0.7910s
Record 390/1000 | Predicted: 0 | True: 0 | Time: 0.7893s
Record 391/1000 | Predicted: 0 | True: 0 | Time: 0.8400s
Record 392/1000 | Predicted: 0 | True: 0 | Time: 0.7658s
Record 393/1000 | Predicted: 1 | True: 1 | Time: 0.8008s
Record 394/1000 | Predicted: 0 | True: 0 | Time: 0.7951s
Record 395/1000 | Predicted: 0 | True: 0 | Time: 0.7881s
Record 396/1000 | Predicted: 0 | True: 0 | Time: 0.7969s
Record 397/1000 | Predicted: 0 | True: 1 | Time: 0.7838s
Record 398/1000 | Predicted: 0 | True: 0 | Time: 0.7676s
Record 399/1000 | Predicted: 0 | True: 0 | Time: 0.7672s
Record 400/1000 | Predicted: 0 | True: 0 | Time: 0.8076s
Record 401/1000 | Predicted: 0 | True: 0 | Time: 0.8143s
Record 402/1000 | Predicted: 0 | True: 0 | Time: 0.8028s
Record 403/1000 | Predicted: 0 | True: 0 | Time: 0.7971s
Record 404/1000 | Predicted: 0 | True: 0 | Time: 0.8377s
Record 405/1000 | Predicted: 0 | True: 0 | Time: 0.7686s
Record 406/1000 | Predicted: 0 | True: 0 | Time: 0.7713s
Record 407/1000 | Predicted: 0 | True: 0 | Time: 0.7803s
Record 408/1000 | Predicted: 0 | True: 0 | Time: 0.7611s
Record 409/1000 | Predicted: 0 | True: 0 | Time: 0.8173s
Record 410/1000 | Predicted: 0 | True: 0 | Time: 0.7832s
Record 411/1000 | Predicted: 0 | True: 1 | Time: 0.7852s
Record 412/1000 | Predicted: 0 | True: 0 | Time: 0.7974s
Record 413/1000 | Predicted: 0 | True: 0 | Time: 0.7643s
Record 414/1000 | Predicted: 0 | True: 0 | Time: 0.7938s
Record 415/1000 | Predicted: 0 | True: 0 | Time: 0.7743s
Record 416/1000 | Predicted: 0 | True: 0 | Time: 0.7800s
Record 417/1000 | Predicted: 0 | True: 0 | Time: 0.7748s
Record 418/1000 | Predicted: 0 | True: 0 | Time: 0.7606s
Record 419/1000 | Predicted: 0 | True: 1 | Time: 0.8114s
Record 420/1000 | Predicted: 0 | True: 0 | Time: 0.7540s
Record 421/1000 | Predicted: 0 | True: 1 | Time: 0.8032s
Record 422/1000 | Predicted: 0 | True: 0 | Time: 0.7864s
Record 423/1000 | Predicted: 0 | True: 0 | Time: 0.7922s
Record 424/1000 | Predicted: 0 | True: 0 | Time: 0.8024s
Record 425/1000 | Predicted: 0 | True: 1 | Time: 0.7731s
Record 426/1000 | Predicted: 0 | True: 0 | Time: 0.7832s
Record 427/1000 | Predicted: 0 | True: 0 | Time: 0.7697s
Record 428/1000 | Predicted: 0 | True: 0 | Time: 0.7639s
Record 429/1000 | Predicted: 1 | True: 1 | Time: 0.7718s
Record 430/1000 | Predicted: 0 | True: 0 | Time: 0.7827s
Record 431/1000 | Predicted: 0 | True: 0 | Time: 0.7895s
Record 432/1000 | Predicted: 0 | True: 0 | Time: 0.7764s
Record 433/1000 | Predicted: 0 | True: 0 | Time: 0.7815s
Record 434/1000 | Predicted: 0 | True: 1 | Time: 0.7999s
Record 435/1000 | Predicted: 0 | True: 0 | Time: 0.7598s
Record 436/1000 | Predicted: 0 | True: 0 | Time: 0.7640s
Record 437/1000 | Predicted: 0 | True: 0 | Time: 0.7587s
Record 438/1000 | Predicted: 0 | True: 0 | Time: 0.7665s
Record 439/1000 | Predicted: 0 | True: 1 | Time: 0.8283s
Record 440/1000 | Predicted: 0 | True: 1 | Time: 0.8002s
Record 441/1000 | Predicted: 0 | True: 0 | Time: 0.7978s
Record 442/1000 | Predicted: 0 | True: 1 | Time: 0.7982s
Record 443/1000 | Predicted: 0 | True: 0 | Time: 0.7657s
Record 444/1000 | Predicted: 0 | True: 0 | Time: 0.8032s
Record 445/1000 | Predicted: 0 | True: 0 | Time: 0.7762s
Record 446/1000 | Predicted: 0 | True: 1 | Time: 0.7776s
Record 447/1000 | Predicted: 0 | True: 0 | Time: 0.7672s
Record 448/1000 | Predicted: 0 | True: 0 | Time: 0.7536s
Record 449/1000 | Predicted: 0 | True: 0 | Time: 0.7945s
Record 450/1000 | Predicted: 0 | True: 1 | Time: 0.7555s
Record 451/1000 | Predicted: 0 | True: 0 | Time: 0.7975s
Record 452/1000 | Predicted: 0 | True: 0 | Time: 0.7458s
Record 453/1000 | Predicted: 0 | True: 0 | Time: 0.7637s
Record 454/1000 | Predicted: 0 | True: 1 | Time: 0.7711s
Record 455/1000 | Predicted: 0 | True: 0 | Time: 0.7675s
Record 456/1000 | Predicted: 0 | True: 0 | Time: 0.7651s
Record 457/1000 | Predicted: 0 | True: 0 | Time: 0.7819s
Record 458/1000 | Predicted: 0 | True: 0 | Time: 0.7932s
Record 459/1000 | Predicted: 0 | True: 0 | Time: 0.7975s
Record 460/1000 | Predicted: 0 | True: 0 | Time: 0.7765s
Record 461/1000 | Predicted: 0 | True: 0 | Time: 0.7836s
Record 462/1000 | Predicted: 0 | True: 0 | Time: 0.7662s
Record 463/1000 | Predicted: 0 | True: 0 | Time: 0.7797s
Record 464/1000 | Predicted: 0 | True: 0 | Time: 0.7845s
Record 465/1000 | Predicted: 0 | True: 1 | Time: 0.7710s
Record 466/1000 | Predicted: 0 | True: 0 | Time: 0.7578s
Record 467/1000 | Predicted: 0 | True: 0 | Time: 0.7598s
Record 468/1000 | Predicted: 0 | True: 0 | Time: 0.7957s
Record 469/1000 | Predicted: 0 | True: 0 | Time: 0.8028s
Record 470/1000 | Predicted: 0 | True: 0 | Time: 0.7846s
Record 471/1000 | Predicted: 0 | True: 0 | Time: 0.8164s
Record 472/1000 | Predicted: 0 | True: 0 | Time: 0.7540s
Record 473/1000 | Predicted: 0 | True: 0 | Time: 0.7934s
Record 474/1000 | Predicted: 0 | True: 0 | Time: 0.7825s
Record 475/1000 | Predicted: 0 | True: 0 | Time: 0.7929s
Record 476/1000 | Predicted: 0 | True: 0 | Time: 0.7841s
Record 477/1000 | Predicted: 0 | True: 0 | Time: 0.7649s
Record 478/1000 | Predicted: 0 | True: 0 | Time: 0.7699s
Record 479/1000 | Predicted: 0 | True: 0 | Time: 0.7928s
Record 480/1000 | Predicted: 0 | True: 0 | Time: 0.8058s
Record 481/1000 | Predicted: 0 | True: 0 | Time: 0.7697s
Record 482/1000 | Predicted: 0 | True: 0 | Time: 0.7725s
Record 483/1000 | Predicted: 0 | True: 0 | Time: 0.7851s
Record 484/1000 | Predicted: 0 | True: 0 | Time: 0.7874s
Record 485/1000 | Predicted: 0 | True: 0 | Time: 0.7826s
Record 486/1000 | Predicted: 0 | True: 0 | Time: 0.7816s
Record 487/1000 | Predicted: 0 | True: 1 | Time: 0.8020s
Record 488/1000 | Predicted: 0 | True: 0 | Time: 0.7821s
Record 489/1000 | Predicted: 0 | True: 0 | Time: 0.7883s
Record 490/1000 | Predicted: 0 | True: 0 | Time: 0.8051s
Record 491/1000 | Predicted: 0 | True: 0 | Time: 0.7846s
Record 492/1000 | Predicted: 0 | True: 1 | Time: 0.7541s
Record 493/1000 | Predicted: 0 | True: 0 | Time: 0.7755s
Record 494/1000 | Predicted: 0 | True: 0 | Time: 0.7961s
Record 495/1000 | Predicted: 0 | True: 0 | Time: 0.8039s
Record 496/1000 | Predicted: 0 | True: 0 | Time: 0.7815s
Record 497/1000 | Predicted: 0 | True: 0 | Time: 0.7600s
Record 498/1000 | Predicted: 0 | True: 1 | Time: 0.7576s
Record 499/1000 | Predicted: 0 | True: 0 | Time: 0.8308s
Record 500/1000 | Predicted: 0 | True: 0 | Time: 0.8002s
Record 501/1000 | Predicted: 0 | True: 0 | Time: 0.7751s
Record 502/1000 | Predicted: 0 | True: 0 | Time: 0.7594s
Record 503/1000 | Predicted: 0 | True: 0 | Time: 0.7692s
Record 504/1000 | Predicted: 0 | True: 1 | Time: 0.7781s
Record 505/1000 | Predicted: 0 | True: 1 | Time: 0.7852s
Record 506/1000 | Predicted: 0 | True: 0 | Time: 0.7775s
Record 507/1000 | Predicted: 0 | True: 1 | Time: 0.7772s
Record 508/1000 | Predicted: 0 | True: 0 | Time: 0.8011s
Record 509/1000 | Predicted: 0 | True: 0 | Time: 0.7674s
Record 510/1000 | Predicted: 0 | True: 0 | Time: 0.7599s
Record 511/1000 | Predicted: 0 | True: 1 | Time: 0.7529s
Record 512/1000 | Predicted: 0 | True: 0 | Time: 0.7759s
Record 513/1000 | Predicted: 0 | True: 0 | Time: 0.8202s
Record 514/1000 | Predicted: 0 | True: 0 | Time: 0.8282s
Record 515/1000 | Predicted: 0 | True: 0 | Time: 0.8003s
Record 516/1000 | Predicted: 0 | True: 0 | Time: 0.7843s
Record 517/1000 | Predicted: 0 | True: 0 | Time: 0.7918s
Record 518/1000 | Predicted: 0 | True: 1 | Time: 0.8158s
Record 519/1000 | Predicted: 0 | True: 0 | Time: 0.7733s
Record 520/1000 | Predicted: 0 | True: 0 | Time: 0.7899s
Record 521/1000 | Predicted: 0 | True: 1 | Time: 0.7741s
Record 522/1000 | Predicted: 0 | True: 0 | Time: 0.7802s
Record 523/1000 | Predicted: 0 | True: 0 | Time: 0.8188s
Record 524/1000 | Predicted: 0 | True: 0 | Time: 0.7727s
Record 525/1000 | Predicted: 0 | True: 0 | Time: 0.7820s
Record 526/1000 | Predicted: 0 | True: 0 | Time: 0.7978s
Record 527/1000 | Predicted: 0 | True: 0 | Time: 0.7751s
Record 528/1000 | Predicted: 0 | True: 0 | Time: 0.7894s
Record 529/1000 | Predicted: 0 | True: 0 | Time: 0.8291s
Record 530/1000 | Predicted: 0 | True: 0 | Time: 0.7678s
Record 531/1000 | Predicted: 0 | True: 0 | Time: 0.7972s
Record 532/1000 | Predicted: 0 | True: 0 | Time: 0.7555s
Record 533/1000 | Predicted: 0 | True: 0 | Time: 0.7530s
Record 534/1000 | Predicted: 0 | True: 1 | Time: 0.8137s
Record 535/1000 | Predicted: 1 | True: 1 | Time: 0.7893s
Record 536/1000 | Predicted: 0 | True: 0 | Time: 0.8090s
Record 537/1000 | Predicted: 0 | True: 0 | Time: 0.8259s
Record 538/1000 | Predicted: 0 | True: 0 | Time: 0.7676s
Record 539/1000 | Predicted: 0 | True: 0 | Time: 0.7745s
Record 540/1000 | Predicted: 0 | True: 0 | Time: 0.7734s
Record 541/1000 | Predicted: 0 | True: 0 | Time: 0.7806s
Record 542/1000 | Predicted: 0 | True: 1 | Time: 0.7792s
Record 543/1000 | Predicted: 0 | True: 0 | Time: 0.7675s
Record 544/1000 | Predicted: 0 | True: 0 | Time: 0.8429s
Record 545/1000 | Predicted: 0 | True: 0 | Time: 0.8166s
Record 546/1000 | Predicted: 0 | True: 1 | Time: 0.7755s
Record 547/1000 | Predicted: 0 | True: 0 | Time: 0.7701s
Record 548/1000 | Predicted: 0 | True: 1 | Time: 0.7663s
Record 549/1000 | Predicted: 0 | True: 0 | Time: 0.7780s
Record 550/1000 | Predicted: 0 | True: 0 | Time: 0.7704s
Record 551/1000 | Predicted: 0 | True: 1 | Time: 0.7908s
Record 552/1000 | Predicted: 0 | True: 0 | Time: 0.8211s
Record 553/1000 | Predicted: 0 | True: 0 | Time: 0.7647s
Record 554/1000 | Predicted: 0 | True: 0 | Time: 0.7901s
Record 555/1000 | Predicted: 0 | True: 1 | Time: 0.7926s
Record 556/1000 | Predicted: 1 | True: 0 | Time: 0.7901s
Record 557/1000 | Predicted: 0 | True: 1 | Time: 0.8008s
Record 558/1000 | Predicted: 0 | True: 0 | Time: 0.7542s
Record 559/1000 | Predicted: 0 | True: 0 | Time: 0.8155s
Record 560/1000 | Predicted: 0 | True: 0 | Time: 0.7991s
Record 561/1000 | Predicted: 0 | True: 1 | Time: 0.8106s
Record 562/1000 | Predicted: 0 | True: 0 | Time: 0.7939s
Record 563/1000 | Predicted: 1 | True: 1 | Time: 0.7642s
Record 564/1000 | Predicted: 0 | True: 0 | Time: 0.7764s
Record 565/1000 | Predicted: 0 | True: 0 | Time: 0.7993s
Record 566/1000 | Predicted: 0 | True: 0 | Time: 0.7796s
Record 567/1000 | Predicted: 0 | True: 0 | Time: 0.7987s
Record 568/1000 | Predicted: 0 | True: 0 | Time: 0.7821s
Record 569/1000 | Predicted: 0 | True: 1 | Time: 0.7653s
Record 570/1000 | Predicted: 0 | True: 0 | Time: 0.8004s
Record 571/1000 | Predicted: 0 | True: 0 | Time: 0.8040s
Record 572/1000 | Predicted: 0 | True: 1 | Time: 0.8032s
Record 573/1000 | Predicted: 0 | True: 0 | Time: 0.7978s
Record 574/1000 | Predicted: 0 | True: 1 | Time: 0.7748s
Record 575/1000 | Predicted: 0 | True: 0 | Time: 0.8087s
Record 576/1000 | Predicted: 0 | True: 0 | Time: 0.7989s
Record 577/1000 | Predicted: 0 | True: 0 | Time: 0.8102s
Record 578/1000 | Predicted: 0 | True: 0 | Time: 0.7932s
Record 579/1000 | Predicted: 0 | True: 0 | Time: 0.7979s
Record 580/1000 | Predicted: 0 | True: 0 | Time: 0.7798s
Record 581/1000 | Predicted: 0 | True: 0 | Time: 0.7864s
Record 582/1000 | Predicted: 0 | True: 0 | Time: 0.7558s
Record 583/1000 | Predicted: 0 | True: 0 | Time: 0.8017s
Record 584/1000 | Predicted: 0 | True: 0 | Time: 0.7635s
Record 585/1000 | Predicted: 0 | True: 0 | Time: 0.8384s
Record 586/1000 | Predicted: 0 | True: 0 | Time: 0.8372s
Record 587/1000 | Predicted: 0 | True: 0 | Time: 0.8221s
Record 588/1000 | Predicted: 0 | True: 1 | Time: 0.7624s
Record 589/1000 | Predicted: 0 | True: 0 | Time: 0.7745s
Record 590/1000 | Predicted: 0 | True: 0 | Time: 0.7611s
Record 591/1000 | Predicted: 0 | True: 1 | Time: 0.8192s
Record 592/1000 | Predicted: 0 | True: 0 | Time: 0.7623s
Record 593/1000 | Predicted: 0 | True: 0 | Time: 0.7942s
Record 594/1000 | Predicted: 0 | True: 0 | Time: 0.7673s
Record 595/1000 | Predicted: 0 | True: 1 | Time: 0.7654s
Record 596/1000 | Predicted: 0 | True: 0 | Time: 0.7626s
Record 597/1000 | Predicted: 0 | True: 0 | Time: 0.7788s
Record 598/1000 | Predicted: 0 | True: 0 | Time: 0.7545s
Record 599/1000 | Predicted: 0 | True: 0 | Time: 0.7692s
Record 600/1000 | Predicted: 0 | True: 0 | Time: 0.7878s
Record 601/1000 | Predicted: 0 | True: 1 | Time: 0.7637s
Record 602/1000 | Predicted: 0 | True: 0 | Time: 0.7805s
Record 603/1000 | Predicted: 0 | True: 1 | Time: 0.7532s
Record 604/1000 | Predicted: 0 | True: 1 | Time: 0.7560s
Record 605/1000 | Predicted: 0 | True: 0 | Time: 0.7796s
Record 606/1000 | Predicted: 0 | True: 0 | Time: 0.7706s
Record 607/1000 | Predicted: 0 | True: 0 | Time: 0.7735s
Record 608/1000 | Predicted: 0 | True: 0 | Time: 0.7749s
Record 609/1000 | Predicted: 0 | True: 0 | Time: 0.7688s
Record 610/1000 | Predicted: 0 | True: 0 | Time: 0.8123s
Record 611/1000 | Predicted: 0 | True: 0 | Time: 0.7645s
Record 612/1000 | Predicted: 1 | True: 1 | Time: 0.7928s
Record 613/1000 | Predicted: 0 | True: 0 | Time: 0.7845s
Record 614/1000 | Predicted: 0 | True: 0 | Time: 0.7966s
Record 615/1000 | Predicted: 0 | True: 0 | Time: 0.7853s
Record 616/1000 | Predicted: 0 | True: 1 | Time: 0.8010s
Record 617/1000 | Predicted: 0 | True: 0 | Time: 0.7764s
Record 618/1000 | Predicted: 0 | True: 0 | Time: 0.7803s
Record 619/1000 | Predicted: 0 | True: 0 | Time: 0.7486s
Record 620/1000 | Predicted: 0 | True: 0 | Time: 0.7621s
Record 621/1000 | Predicted: 0 | True: 0 | Time: 0.7830s
Record 622/1000 | Predicted: 0 | True: 0 | Time: 0.8031s
Record 623/1000 | Predicted: 0 | True: 0 | Time: 0.8043s
Record 624/1000 | Predicted: 0 | True: 0 | Time: 0.8160s
Record 625/1000 | Predicted: 0 | True: 0 | Time: 0.7759s
Record 626/1000 | Predicted: 0 | True: 0 | Time: 0.7962s
Record 627/1000 | Predicted: 0 | True: 0 | Time: 0.7963s
Record 628/1000 | Predicted: 0 | True: 0 | Time: 0.7806s
Record 629/1000 | Predicted: 0 | True: 0 | Time: 0.7655s
Record 630/1000 | Predicted: 0 | True: 0 | Time: 0.7781s
Record 631/1000 | Predicted: 0 | True: 0 | Time: 0.7655s
Record 632/1000 | Predicted: 0 | True: 1 | Time: 0.7857s
Record 633/1000 | Predicted: 0 | True: 0 | Time: 0.7710s
Record 634/1000 | Predicted: 0 | True: 0 | Time: 0.7764s
Record 635/1000 | Predicted: 0 | True: 1 | Time: 0.7705s
Record 636/1000 | Predicted: 0 | True: 0 | Time: 0.7966s
Record 637/1000 | Predicted: 0 | True: 0 | Time: 0.7728s
Record 638/1000 | Predicted: 0 | True: 0 | Time: 0.7815s
Record 639/1000 | Predicted: 0 | True: 0 | Time: 0.7543s
Record 640/1000 | Predicted: 0 | True: 0 | Time: 0.7881s
Record 641/1000 | Predicted: 0 | True: 1 | Time: 0.7675s
Record 642/1000 | Predicted: 0 | True: 0 | Time: 0.7704s
Record 643/1000 | Predicted: 0 | True: 0 | Time: 0.7585s
Record 644/1000 | Predicted: 0 | True: 1 | Time: 0.7866s
Record 645/1000 | Predicted: 0 | True: 0 | Time: 0.7817s
Record 646/1000 | Predicted: 0 | True: 0 | Time: 0.8088s
Record 647/1000 | Predicted: 0 | True: 0 | Time: 0.7607s
Record 648/1000 | Predicted: 0 | True: 0 | Time: 0.7629s
Record 649/1000 | Predicted: 0 | True: 0 | Time: 0.7887s
Record 650/1000 | Predicted: 0 | True: 0 | Time: 0.7957s
Record 651/1000 | Predicted: 0 | True: 0 | Time: 0.7626s
Record 652/1000 | Predicted: 0 | True: 0 | Time: 0.7644s
Record 653/1000 | Predicted: 0 | True: 0 | Time: 0.7757s
Record 654/1000 | Predicted: 0 | True: 0 | Time: 0.7982s
Record 655/1000 | Predicted: 0 | True: 0 | Time: 0.8250s
Record 656/1000 | Predicted: 0 | True: 0 | Time: 0.7798s
Record 657/1000 | Predicted: 0 | True: 0 | Time: 0.8254s
Record 658/1000 | Predicted: 0 | True: 0 | Time: 0.7743s
Record 659/1000 | Predicted: 0 | True: 0 | Time: 0.7782s
Record 660/1000 | Predicted: 0 | True: 0 | Time: 0.8044s
Record 661/1000 | Predicted: 0 | True: 0 | Time: 0.8136s
Record 662/1000 | Predicted: 0 | True: 0 | Time: 0.7947s
Record 663/1000 | Predicted: 0 | True: 1 | Time: 0.7735s
Record 664/1000 | Predicted: 0 | True: 0 | Time: 0.8136s
Record 665/1000 | Predicted: 0 | True: 0 | Time: 0.8145s
Record 666/1000 | Predicted: 0 | True: 1 | Time: 0.7767s
Record 667/1000 | Predicted: 0 | True: 0 | Time: 0.7832s
Record 668/1000 | Predicted: 1 | True: 1 | Time: 0.7709s
Record 669/1000 | Predicted: 0 | True: 0 | Time: 0.7631s
Record 670/1000 | Predicted: 0 | True: 0 | Time: 0.7863s
Record 671/1000 | Predicted: 0 | True: 0 | Time: 0.7860s
Record 672/1000 | Predicted: 0 | True: 0 | Time: 0.8037s
Record 673/1000 | Predicted: 0 | True: 0 | Time: 0.7907s
Record 674/1000 | Predicted: 0 | True: 0 | Time: 0.7580s
Record 675/1000 | Predicted: 0 | True: 0 | Time: 0.8215s
Record 676/1000 | Predicted: 0 | True: 0 | Time: 0.8112s
Record 677/1000 | Predicted: 0 | True: 0 | Time: 0.8268s
Record 678/1000 | Predicted: 0 | True: 0 | Time: 0.8282s
Record 679/1000 | Predicted: 0 | True: 0 | Time: 0.7757s
Record 680/1000 | Predicted: 0 | True: 0 | Time: 0.7756s
Record 681/1000 | Predicted: 0 | True: 0 | Time: 0.7901s
Record 682/1000 | Predicted: 0 | True: 0 | Time: 0.7883s
Record 683/1000 | Predicted: 0 | True: 0 | Time: 0.7740s
Record 684/1000 | Predicted: 0 | True: 0 | Time: 0.7531s
Record 685/1000 | Predicted: 0 | True: 1 | Time: 0.7726s
Record 686/1000 | Predicted: 0 | True: 0 | Time: 0.8183s
Record 687/1000 | Predicted: 0 | True: 1 | Time: 0.8203s
Record 688/1000 | Predicted: 0 | True: 0 | Time: 0.7909s
Record 689/1000 | Predicted: 0 | True: 0 | Time: 0.7789s
Record 690/1000 | Predicted: 0 | True: 0 | Time: 0.7745s
Record 691/1000 | Predicted: 0 | True: 0 | Time: 0.7972s
Record 692/1000 | Predicted: 0 | True: 0 | Time: 0.7964s
Record 693/1000 | Predicted: 0 | True: 0 | Time: 0.7845s
Record 694/1000 | Predicted: 0 | True: 1 | Time: 0.7602s
Record 695/1000 | Predicted: 0 | True: 0 | Time: 0.7642s
Record 696/1000 | Predicted: 0 | True: 0 | Time: 0.7766s
Record 697/1000 | Predicted: 0 | True: 0 | Time: 0.7833s
Record 698/1000 | Predicted: 0 | True: 1 | Time: 0.7713s
Record 699/1000 | Predicted: 0 | True: 0 | Time: 0.7596s
Record 700/1000 | Predicted: 1 | True: 1 | Time: 0.7623s
Record 701/1000 | Predicted: 0 | True: 0 | Time: 0.7811s
Record 702/1000 | Predicted: 1 | True: 1 | Time: 0.7537s
Record 703/1000 | Predicted: 0 | True: 0 | Time: 0.7550s
Record 704/1000 | Predicted: 0 | True: 1 | Time: 0.7589s
Record 705/1000 | Predicted: 0 | True: 0 | Time: 0.7856s
Record 706/1000 | Predicted: 1 | True: 1 | Time: 0.7950s
Record 707/1000 | Predicted: 0 | True: 1 | Time: 0.7840s
Record 708/1000 | Predicted: 0 | True: 0 | Time: 0.7766s
Record 709/1000 | Predicted: 0 | True: 0 | Time: 0.7624s
Record 710/1000 | Predicted: 0 | True: 0 | Time: 0.7917s
Record 711/1000 | Predicted: 0 | True: 1 | Time: 0.7747s
Record 712/1000 | Predicted: 0 | True: 0 | Time: 0.7873s
Record 713/1000 | Predicted: 0 | True: 0 | Time: 0.8293s
Record 714/1000 | Predicted: 0 | True: 0 | Time: 0.7603s
Record 715/1000 | Predicted: 0 | True: 1 | Time: 0.8102s
Record 716/1000 | Predicted: 0 | True: 0 | Time: 0.8001s
Record 717/1000 | Predicted: 0 | True: 0 | Time: 0.7882s
Record 718/1000 | Predicted: 0 | True: 1 | Time: 0.7466s
Record 719/1000 | Predicted: 0 | True: 0 | Time: 0.7502s
Record 720/1000 | Predicted: 0 | True: 1 | Time: 0.7916s
Record 721/1000 | Predicted: 0 | True: 0 | Time: 0.8090s
Record 722/1000 | Predicted: 0 | True: 0 | Time: 0.7933s
Record 723/1000 | Predicted: 0 | True: 1 | Time: 0.7599s
Record 724/1000 | Predicted: 0 | True: 1 | Time: 0.7815s
Record 725/1000 | Predicted: 0 | True: 0 | Time: 0.7912s
Record 726/1000 | Predicted: 0 | True: 1 | Time: 0.7585s
Record 727/1000 | Predicted: 0 | True: 0 | Time: 0.7972s
Record 728/1000 | Predicted: 0 | True: 0 | Time: 0.7541s
Record 729/1000 | Predicted: 0 | True: 0 | Time: 0.7870s
Record 730/1000 | Predicted: 0 | True: 0 | Time: 0.8095s
Record 731/1000 | Predicted: 0 | True: 0 | Time: 0.8098s
Record 732/1000 | Predicted: 0 | True: 0 | Time: 0.8088s
Record 733/1000 | Predicted: 0 | True: 0 | Time: 0.7835s
Record 734/1000 | Predicted: 0 | True: 0 | Time: 0.7739s
Record 735/1000 | Predicted: 0 | True: 0 | Time: 0.8175s
Record 736/1000 | Predicted: 0 | True: 0 | Time: 0.8111s
Record 737/1000 | Predicted: 0 | True: 0 | Time: 0.7824s
Record 738/1000 | Predicted: 0 | True: 0 | Time: 0.8238s
Record 739/1000 | Predicted: 1 | True: 1 | Time: 0.7980s
Record 740/1000 | Predicted: 0 | True: 0 | Time: 0.7825s
Record 741/1000 | Predicted: 0 | True: 0 | Time: 0.7853s
Record 742/1000 | Predicted: 0 | True: 0 | Time: 0.8276s
Record 743/1000 | Predicted: 0 | True: 0 | Time: 0.8048s
Record 744/1000 | Predicted: 0 | True: 0 | Time: 0.7544s
Record 745/1000 | Predicted: 0 | True: 0 | Time: 0.7707s
Record 746/1000 | Predicted: 0 | True: 0 | Time: 0.7669s
Record 747/1000 | Predicted: 0 | True: 0 | Time: 0.7627s
Record 748/1000 | Predicted: 0 | True: 1 | Time: 0.7845s
Record 749/1000 | Predicted: 1 | True: 0 | Time: 0.7671s
Record 750/1000 | Predicted: 0 | True: 1 | Time: 0.7703s
Record 751/1000 | Predicted: 0 | True: 0 | Time: 0.7956s
Record 752/1000 | Predicted: 0 | True: 1 | Time: 0.7945s
Record 753/1000 | Predicted: 0 | True: 0 | Time: 0.7853s
Record 754/1000 | Predicted: 0 | True: 0 | Time: 0.7724s
Record 755/1000 | Predicted: 0 | True: 0 | Time: 0.7884s
Record 756/1000 | Predicted: 0 | True: 0 | Time: 0.8070s
Record 757/1000 | Predicted: 0 | True: 1 | Time: 0.7995s
Record 758/1000 | Predicted: 0 | True: 1 | Time: 0.7712s
Record 759/1000 | Predicted: 0 | True: 1 | Time: 0.7555s
Record 760/1000 | Predicted: 0 | True: 0 | Time: 0.7776s
Record 761/1000 | Predicted: 0 | True: 0 | Time: 0.8094s
Record 762/1000 | Predicted: 0 | True: 0 | Time: 0.7667s
Record 763/1000 | Predicted: 0 | True: 0 | Time: 0.7887s
Record 764/1000 | Predicted: 1 | True: 0 | Time: 0.7665s
Record 765/1000 | Predicted: 0 | True: 0 | Time: 0.7727s
Record 766/1000 | Predicted: 0 | True: 1 | Time: 0.7964s
Record 767/1000 | Predicted: 0 | True: 0 | Time: 0.7548s
Record 768/1000 | Predicted: 0 | True: 0 | Time: 0.7822s
Record 769/1000 | Predicted: 0 | True: 0 | Time: 0.7597s
Record 770/1000 | Predicted: 0 | True: 1 | Time: 0.7967s
Record 771/1000 | Predicted: 1 | True: 0 | Time: 0.8168s
Record 772/1000 | Predicted: 0 | True: 0 | Time: 0.7834s
Record 773/1000 | Predicted: 0 | True: 0 | Time: 0.7613s
Record 774/1000 | Predicted: 0 | True: 1 | Time: 0.7426s
Record 775/1000 | Predicted: 0 | True: 0 | Time: 0.7949s
Record 776/1000 | Predicted: 0 | True: 0 | Time: 0.8060s
Record 777/1000 | Predicted: 0 | True: 0 | Time: 0.7858s
Record 778/1000 | Predicted: 0 | True: 0 | Time: 0.8029s
Record 779/1000 | Predicted: 0 | True: 0 | Time: 0.7966s
Record 780/1000 | Predicted: 0 | True: 1 | Time: 0.7861s
Record 781/1000 | Predicted: 0 | True: 0 | Time: 0.7764s
Record 782/1000 | Predicted: 0 | True: 0 | Time: 0.7805s
Record 783/1000 | Predicted: 0 | True: 0 | Time: 0.7700s
Record 784/1000 | Predicted: 0 | True: 0 | Time: 0.7761s
Record 785/1000 | Predicted: 0 | True: 0 | Time: 0.7553s
Record 786/1000 | Predicted: 0 | True: 0 | Time: 0.8185s
Record 787/1000 | Predicted: 0 | True: 0 | Time: 0.7679s
Record 788/1000 | Predicted: 0 | True: 0 | Time: 0.7952s
Record 789/1000 | Predicted: 0 | True: 0 | Time: 0.7738s
Record 790/1000 | Predicted: 0 | True: 0 | Time: 0.7610s
Record 791/1000 | Predicted: 0 | True: 0 | Time: 0.8167s
Record 792/1000 | Predicted: 0 | True: 0 | Time: 0.7643s
Record 793/1000 | Predicted: 0 | True: 0 | Time: 0.7928s
Record 794/1000 | Predicted: 0 | True: 0 | Time: 0.7726s
Record 795/1000 | Predicted: 0 | True: 1 | Time: 0.7691s
Record 796/1000 | Predicted: 0 | True: 0 | Time: 0.8154s
Record 797/1000 | Predicted: 0 | True: 0 | Time: 0.8113s
Record 798/1000 | Predicted: 0 | True: 0 | Time: 0.7919s
Record 799/1000 | Predicted: 0 | True: 0 | Time: 0.7741s
Record 800/1000 | Predicted: 0 | True: 1 | Time: 0.7589s
Record 801/1000 | Predicted: 0 | True: 0 | Time: 0.8197s
Record 802/1000 | Predicted: 0 | True: 0 | Time: 0.7714s
Record 803/1000 | Predicted: 0 | True: 0 | Time: 0.8088s
Record 804/1000 | Predicted: 0 | True: 0 | Time: 0.7951s
Record 805/1000 | Predicted: 0 | True: 0 | Time: 0.7682s
Record 806/1000 | Predicted: 0 | True: 0 | Time: 0.7948s
Record 807/1000 | Predicted: 1 | True: 1 | Time: 0.7951s
Record 808/1000 | Predicted: 0 | True: 0 | Time: 0.8199s
Record 809/1000 | Predicted: 0 | True: 0 | Time: 0.7964s
Record 810/1000 | Predicted: 0 | True: 0 | Time: 0.7946s
Record 811/1000 | Predicted: 0 | True: 0 | Time: 0.8070s
Record 812/1000 | Predicted: 0 | True: 0 | Time: 0.8492s
Record 813/1000 | Predicted: 0 | True: 0 | Time: 0.7708s
Record 814/1000 | Predicted: 0 | True: 0 | Time: 0.7912s
Record 815/1000 | Predicted: 0 | True: 0 | Time: 0.7561s
Record 816/1000 | Predicted: 0 | True: 0 | Time: 0.7936s
Record 817/1000 | Predicted: 0 | True: 1 | Time: 0.8281s
Record 818/1000 | Predicted: 0 | True: 0 | Time: 0.8036s
Record 819/1000 | Predicted: 0 | True: 1 | Time: 0.7690s
Record 820/1000 | Predicted: 0 | True: 0 | Time: 0.7816s
Record 821/1000 | Predicted: 0 | True: 0 | Time: 0.7723s
Record 822/1000 | Predicted: 0 | True: 0 | Time: 0.8340s
Record 823/1000 | Predicted: 0 | True: 0 | Time: 0.7969s
Record 824/1000 | Predicted: 0 | True: 0 | Time: 0.7714s
Record 825/1000 | Predicted: 0 | True: 0 | Time: 0.7914s
Record 826/1000 | Predicted: 0 | True: 0 | Time: 0.7722s
Record 827/1000 | Predicted: 0 | True: 0 | Time: 0.8046s
Record 828/1000 | Predicted: 0 | True: 0 | Time: 0.7959s
Record 829/1000 | Predicted: 1 | True: 1 | Time: 0.7877s
Record 830/1000 | Predicted: 0 | True: 1 | Time: 0.7641s
Record 831/1000 | Predicted: 0 | True: 0 | Time: 0.7610s
Record 832/1000 | Predicted: 0 | True: 0 | Time: 0.7889s
Record 833/1000 | Predicted: 1 | True: 1 | Time: 0.8200s
Record 834/1000 | Predicted: 0 | True: 0 | Time: 0.7909s
Record 835/1000 | Predicted: 0 | True: 0 | Time: 0.7944s
Record 836/1000 | Predicted: 0 | True: 0 | Time: 0.7864s
Record 837/1000 | Predicted: 0 | True: 0 | Time: 0.8273s
Record 838/1000 | Predicted: 0 | True: 0 | Time: 0.7861s
Record 839/1000 | Predicted: 0 | True: 0 | Time: 0.7610s
Record 840/1000 | Predicted: 0 | True: 0 | Time: 0.7773s
Record 841/1000 | Predicted: 0 | True: 0 | Time: 0.7665s
Record 842/1000 | Predicted: 0 | True: 1 | Time: 0.7997s
Record 843/1000 | Predicted: 0 | True: 1 | Time: 0.8041s
Record 844/1000 | Predicted: 0 | True: 0 | Time: 0.8004s
Record 845/1000 | Predicted: 0 | True: 0 | Time: 0.7953s
Record 846/1000 | Predicted: 0 | True: 1 | Time: 0.7688s
Record 847/1000 | Predicted: 0 | True: 0 | Time: 0.8127s
Record 848/1000 | Predicted: 0 | True: 0 | Time: 0.7779s
Record 849/1000 | Predicted: 0 | True: 0 | Time: 0.7927s
Record 850/1000 | Predicted: 0 | True: 0 | Time: 0.7896s
Record 851/1000 | Predicted: 0 | True: 0 | Time: 0.8156s
Record 852/1000 | Predicted: 0 | True: 0 | Time: 0.8090s
Record 853/1000 | Predicted: 0 | True: 0 | Time: 0.8387s
Record 854/1000 | Predicted: 0 | True: 0 | Time: 0.8146s
Record 855/1000 | Predicted: 0 | True: 0 | Time: 0.8280s
Record 856/1000 | Predicted: 0 | True: 0 | Time: 0.7722s
Record 857/1000 | Predicted: 0 | True: 0 | Time: 0.7690s
Record 858/1000 | Predicted: 0 | True: 0 | Time: 0.7959s
Record 859/1000 | Predicted: 0 | True: 0 | Time: 0.7746s
Record 860/1000 | Predicted: 0 | True: 0 | Time: 0.7700s
Record 861/1000 | Predicted: 0 | True: 0 | Time: 0.7895s
Record 862/1000 | Predicted: 0 | True: 0 | Time: 0.7605s
Record 863/1000 | Predicted: 0 | True: 0 | Time: 0.7841s
Record 864/1000 | Predicted: 0 | True: 0 | Time: 0.7870s
Record 865/1000 | Predicted: 0 | True: 0 | Time: 0.7869s
Record 866/1000 | Predicted: 0 | True: 0 | Time: 0.7667s
Record 867/1000 | Predicted: 0 | True: 1 | Time: 0.7527s
Record 868/1000 | Predicted: 0 | True: 0 | Time: 0.8004s
Record 869/1000 | Predicted: 0 | True: 0 | Time: 0.7774s
Record 870/1000 | Predicted: 0 | True: 0 | Time: 0.7793s
Record 871/1000 | Predicted: 0 | True: 0 | Time: 0.7420s
Record 872/1000 | Predicted: 0 | True: 0 | Time: 0.7706s
Record 873/1000 | Predicted: 0 | True: 0 | Time: 0.8024s
Record 874/1000 | Predicted: 0 | True: 0 | Time: 0.7838s
Record 875/1000 | Predicted: 0 | True: 0 | Time: 0.7757s
Record 876/1000 | Predicted: 0 | True: 0 | Time: 0.7720s
Record 877/1000 | Predicted: 0 | True: 1 | Time: 0.7525s
Record 878/1000 | Predicted: 0 | True: 0 | Time: 0.7918s
Record 879/1000 | Predicted: 0 | True: 0 | Time: 0.7661s
Record 880/1000 | Predicted: 0 | True: 0 | Time: 0.7888s
Record 881/1000 | Predicted: 0 | True: 0 | Time: 0.7860s
Record 882/1000 | Predicted: 0 | True: 0 | Time: 0.8059s
Record 883/1000 | Predicted: 0 | True: 1 | Time: 0.7837s
Record 884/1000 | Predicted: 0 | True: 0 | Time: 0.7901s
Record 885/1000 | Predicted: 0 | True: 0 | Time: 0.8024s
Record 886/1000 | Predicted: 0 | True: 0 | Time: 0.7498s
Record 887/1000 | Predicted: 0 | True: 0 | Time: 0.7728s
Record 888/1000 | Predicted: 0 | True: 0 | Time: 0.7882s
Record 889/1000 | Predicted: 0 | True: 0 | Time: 0.7773s
Record 890/1000 | Predicted: 0 | True: 0 | Time: 0.7798s
Record 891/1000 | Predicted: 0 | True: 0 | Time: 0.7843s
Record 892/1000 | Predicted: 0 | True: 0 | Time: 0.7577s
Record 893/1000 | Predicted: 0 | True: 0 | Time: 0.8489s
Record 894/1000 | Predicted: 0 | True: 1 | Time: 0.7956s
Record 895/1000 | Predicted: 0 | True: 1 | Time: 0.7731s
Record 896/1000 | Predicted: 0 | True: 0 | Time: 0.7824s
Record 897/1000 | Predicted: 0 | True: 1 | Time: 0.7755s
Record 898/1000 | Predicted: 0 | True: 1 | Time: 0.7781s
Record 899/1000 | Predicted: 0 | True: 0 | Time: 0.7690s
Record 900/1000 | Predicted: 0 | True: 0 | Time: 0.7929s
Record 901/1000 | Predicted: 0 | True: 0 | Time: 0.7589s
Record 902/1000 | Predicted: 0 | True: 0 | Time: 0.7656s
Record 903/1000 | Predicted: 0 | True: 0 | Time: 0.7867s
Record 904/1000 | Predicted: 0 | True: 0 | Time: 0.7640s
Record 905/1000 | Predicted: 0 | True: 1 | Time: 0.7464s
Record 906/1000 | Predicted: 0 | True: 0 | Time: 0.7573s
Record 907/1000 | Predicted: 0 | True: 0 | Time: 0.8036s
Record 908/1000 | Predicted: 1 | True: 1 | Time: 0.8085s
Record 909/1000 | Predicted: 0 | True: 0 | Time: 0.7675s
Record 910/1000 | Predicted: 0 | True: 0 | Time: 0.7749s
Record 911/1000 | Predicted: 0 | True: 0 | Time: 0.7908s
Record 912/1000 | Predicted: 0 | True: 0 | Time: 0.7947s
Record 913/1000 | Predicted: 0 | True: 0 | Time: 0.8106s
Record 914/1000 | Predicted: 0 | True: 1 | Time: 0.7947s
Record 915/1000 | Predicted: 0 | True: 1 | Time: 0.7649s
Record 916/1000 | Predicted: 0 | True: 1 | Time: 0.7700s
Record 917/1000 | Predicted: 0 | True: 1 | Time: 0.7724s
Record 918/1000 | Predicted: 0 | True: 0 | Time: 0.7717s
Record 919/1000 | Predicted: 0 | True: 0 | Time: 0.7760s
Record 920/1000 | Predicted: 0 | True: 0 | Time: 0.7697s
Record 921/1000 | Predicted: 0 | True: 1 | Time: 0.7578s
Record 922/1000 | Predicted: 0 | True: 0 | Time: 0.8023s
Record 923/1000 | Predicted: 0 | True: 0 | Time: 0.8212s
Record 924/1000 | Predicted: 0 | True: 0 | Time: 0.7886s
Record 925/1000 | Predicted: 0 | True: 0 | Time: 0.7566s
Record 926/1000 | Predicted: 0 | True: 0 | Time: 0.7670s
Record 927/1000 | Predicted: 0 | True: 0 | Time: 0.7931s
Record 928/1000 | Predicted: 0 | True: 1 | Time: 0.8123s
Record 929/1000 | Predicted: 0 | True: 0 | Time: 0.7970s
Record 930/1000 | Predicted: 0 | True: 0 | Time: 0.7859s
Record 931/1000 | Predicted: 0 | True: 0 | Time: 0.7544s
Record 932/1000 | Predicted: 0 | True: 1 | Time: 0.7865s
Record 933/1000 | Predicted: 0 | True: 0 | Time: 0.8152s
Record 934/1000 | Predicted: 0 | True: 0 | Time: 0.7573s
Record 935/1000 | Predicted: 0 | True: 0 | Time: 0.7725s
Record 936/1000 | Predicted: 0 | True: 0 | Time: 0.7637s
Record 937/1000 | Predicted: 1 | True: 1 | Time: 0.7799s
Record 938/1000 | Predicted: 0 | True: 0 | Time: 0.8082s
Record 939/1000 | Predicted: 0 | True: 1 | Time: 0.8065s
Record 940/1000 | Predicted: 0 | True: 0 | Time: 0.8037s
Record 941/1000 | Predicted: 0 | True: 0 | Time: 0.8134s
Record 942/1000 | Predicted: 0 | True: 0 | Time: 0.7692s
Record 943/1000 | Predicted: 1 | True: 1 | Time: 0.8002s
Record 944/1000 | Predicted: 0 | True: 0 | Time: 0.7998s
Record 945/1000 | Predicted: 0 | True: 0 | Time: 0.7817s
Record 946/1000 | Predicted: 0 | True: 0 | Time: 0.7695s
Record 947/1000 | Predicted: 0 | True: 1 | Time: 0.7640s
Record 948/1000 | Predicted: 0 | True: 0 | Time: 0.7779s
Record 949/1000 | Predicted: 0 | True: 0 | Time: 0.7803s
Record 950/1000 | Predicted: 0 | True: 1 | Time: 0.7930s
Record 951/1000 | Predicted: 0 | True: 0 | Time: 0.7583s
Record 952/1000 | Predicted: 0 | True: 0 | Time: 0.8024s
Record 953/1000 | Predicted: 0 | True: 0 | Time: 0.7949s
Record 954/1000 | Predicted: 0 | True: 0 | Time: 0.7857s
Record 955/1000 | Predicted: 0 | True: 0 | Time: 0.7753s
Record 956/1000 | Predicted: 0 | True: 0 | Time: 0.8089s
Record 957/1000 | Predicted: 0 | True: 0 | Time: 0.7622s
Record 958/1000 | Predicted: 0 | True: 0 | Time: 0.8136s
Record 959/1000 | Predicted: 1 | True: 1 | Time: 0.7644s
Record 960/1000 | Predicted: 0 | True: 0 | Time: 0.7937s
Record 961/1000 | Predicted: 0 | True: 0 | Time: 0.7886s
Record 962/1000 | Predicted: 0 | True: 0 | Time: 0.7842s
Record 963/1000 | Predicted: 0 | True: 0 | Time: 0.7716s
Record 964/1000 | Predicted: 0 | True: 0 | Time: 0.7654s
Record 965/1000 | Predicted: 0 | True: 0 | Time: 0.7826s
Record 966/1000 | Predicted: 0 | True: 0 | Time: 0.7792s
Record 967/1000 | Predicted: 0 | True: 0 | Time: 0.7898s
Record 968/1000 | Predicted: 0 | True: 0 | Time: 0.8341s
Record 969/1000 | Predicted: 0 | True: 0 | Time: 0.8013s
Record 970/1000 | Predicted: 0 | True: 0 | Time: 0.7582s
Record 971/1000 | Predicted: 0 | True: 0 | Time: 0.7912s
Record 972/1000 | Predicted: 0 | True: 0 | Time: 0.8095s
Record 973/1000 | Predicted: 0 | True: 0 | Time: 0.7856s
Record 974/1000 | Predicted: 0 | True: 0 | Time: 0.8209s
Record 975/1000 | Predicted: 0 | True: 0 | Time: 0.7673s
Record 976/1000 | Predicted: 1 | True: 1 | Time: 0.7888s
Record 977/1000 | Predicted: 0 | True: 1 | Time: 0.7647s
Record 978/1000 | Predicted: 0 | True: 0 | Time: 0.7701s
Record 979/1000 | Predicted: 0 | True: 0 | Time: 0.7943s
Record 980/1000 | Predicted: 0 | True: 0 | Time: 0.7732s
Record 981/1000 | Predicted: 0 | True: 0 | Time: 0.7977s
Record 982/1000 | Predicted: 0 | True: 1 | Time: 0.7588s
Record 983/1000 | Predicted: 0 | True: 0 | Time: 0.8092s
Record 984/1000 | Predicted: 0 | True: 0 | Time: 0.8199s
Record 985/1000 | Predicted: 0 | True: 0 | Time: 0.8125s
Record 986/1000 | Predicted: 0 | True: 0 | Time: 0.7811s
Record 987/1000 | Predicted: 0 | True: 0 | Time: 0.8257s
Record 988/1000 | Predicted: 0 | True: 0 | Time: 0.8005s
Record 989/1000 | Predicted: 0 | True: 0 | Time: 0.8094s
Record 990/1000 | Predicted: 1 | True: 0 | Time: 0.7663s
Record 991/1000 | Predicted: 0 | True: 0 | Time: 0.7879s
Record 992/1000 | Predicted: 0 | True: 0 | Time: 0.7648s
Record 993/1000 | Predicted: 0 | True: 0 | Time: 0.7825s
Record 994/1000 | Predicted: 0 | True: 0 | Time: 0.7723s
Record 995/1000 | Predicted: 0 | True: 0 | Time: 0.7671s
Record 996/1000 | Predicted: 0 | True: 0 | Time: 0.7811s
Record 997/1000 | Predicted: 0 | True: 0 | Time: 0.7681s
Record 998/1000 | Predicted: 0 | True: 0 | Time: 0.7753s
Record 999/1000 | Predicted: 0 | True: 0 | Time: 0.7997s
Record 1000/1000 | Predicted: 0 | True: 0 | Time: 0.7626s

[STEP 4] Calculating final statistics...
[LOG] Current time: 2025-08-15 18:48:26 -03-0300

==================== INFERENCE SUMMARY ====================
Total records processed: 1000
   Total inference time: 784.3440 seconds
Mean inference time/record: 0.7843 seconds
=============================================================


==================== TESTING MODEL: estimators=4, depth=2, svd=200 ====================

Using cached SVD transformation for 200 components...
Final training data shape: (2262300, 200)
Final testing data shape: (565576, 200)
Record 1/1000 | Predicted: [0] | True: 0 | Time: 0.0019s
Record 2/1000 | Predicted: [0] | True: 0 | Time: 0.0016s
Record 3/1000 | Predicted: [0] | True: 0 | Time: 0.0015s
Record 4/1000 | Predicted: [0] | True: 0 | Time: 0.0015s
Record 5/1000 | Predicted: [0] | True: 0 | Time: 0.0015s
Record 6/1000 | Predicted: [0] | True: 0 | Time: 0.0015s
Record 7/1000 | Predicted: [0] | True: 0 | Time: 0.0015s
Record 8/1000 | Predicted: [1] | True: 1 | Time: 0.0015s
Record 9/1000 | Predicted: [1] | True: 1 | Time: 0.0015s
Record 10/1000 | Predicted: [0] | True: 0 | Time: 0.0015s
Record 11/1000 | Predicted: [1] | True: 1 | Time: 0.0015s
Record 12/1000 | Predicted: [0] | True: 0 | Time: 0.0015s
Record 13/1000 | Predicted: [0] | True: 0 | Time: 0.0014s
Record 14/1000 | Predicted: [0] | True: 0 | Time: 0.0014s
Record 15/1000 | Predicted: [1] | True: 0 | Time: 0.0014s
Record 16/1000 | Predicted: [1] | True: 1 | Time: 0.0014s
Record 17/1000 | Predicted: [1] | True: 1 | Time: 0.0015s
Record 18/1000 | Predicted: [0] | True: 0 | Time: 0.0015s
Record 19/1000 | Predicted: [0] | True: 0 | Time: 0.0015s
Record 20/1000 | Predicted: [0] | True: 1 | Time: 0.0014s
Record 21/1000 | Predicted: [0] | True: 0 | Time: 0.0014s
Record 22/1000 | Predicted: [0] | True: 0 | Time: 0.0015s
Record 23/1000 | Predicted: [0] | True: 0 | Time: 0.0014s
Record 24/1000 | Predicted: [0] | True: 1 | Time: 0.0015s
Record 25/1000 | Predicted: [0] | True: 0 | Time: 0.0015s
Record 26/1000 | Predicted: [0] | True: 0 | Time: 0.0015s
Record 27/1000 | Predicted: [0] | True: 0 | Time: 0.0015s
Record 28/1000 | Predicted: [0] | True: 0 | Time: 0.0015s
Record 29/1000 | Predicted: [1] | True: 1 | Time: 0.0015s
Record 30/1000 | Predicted: [1] | True: 1 | Time: 0.0014s
Record 31/1000 | Predicted: [0] | True: 0 | Time: 0.0015s
Record 32/1000 | Predicted: [0] | True: 0 | Time: 0.0015s
Record 33/1000 | Predicted: [0] | True: 0 | Time: 0.0015s
Record 34/1000 | Predicted: [0] | True: 0 | Time: 0.0015s
Record 35/1000 | Predicted: [0] | True: 0 | Time: 0.0015s
Record 36/1000 | Predicted: [1] | True: 0 | Time: 0.0015s
Record 37/1000 | Predicted: [1] | True: 0 | Time: 0.0015s
Record 38/1000 | Predicted: [0] | True: 0 | Time: 0.0015s
Record 39/1000 | Predicted: [0] | True: 0 | Time: 0.0015s
Record 40/1000 | Predicted: [0] | True: 0 | Time: 0.0015s
Record 41/1000 | Predicted: [0] | True: 0 | Time: 0.0015s
Record 42/1000 | Predicted: [0] | True: 0 | Time: 0.0015s
Record 43/1000 | Predicted: [1] | True: 1 | Time: 0.0015s
Record 44/1000 | Predicted: [0] | True: 0 | Time: 0.0015s
Record 45/1000 | Predicted: [0] | True: 0 | Time: 0.0015s
Record 46/1000 | Predicted: [0] | True: 0 | Time: 0.0015s
Record 47/1000 | Predicted: [0] | True: 0 | Time: 0.0015s
Record 48/1000 | Predicted: [0] | True: 0 | Time: 0.0015s
Record 49/1000 | Predicted: [0] | True: 0 | Time: 0.0015s
Record 50/1000 | Predicted: [0] | True: 0 | Time: 0.0014s
Record 51/1000 | Predicted: [0] | True: 0 | Time: 0.0015s
Record 52/1000 | Predicted: [0] | True: 0 | Time: 0.0015s
Record 53/1000 | Predicted: [0] | True: 0 | Time: 0.0015s
Record 54/1000 | Predicted: [0] | True: 0 | Time: 0.0015s
Record 55/1000 | Predicted: [0] | True: 0 | Time: 0.0015s
Record 56/1000 | Predicted: [0] | True: 0 | Time: 0.0015s
Record 57/1000 | Predicted: [1] | True: 1 | Time: 0.0015s
Record 58/1000 | Predicted: [0] | True: 0 | Time: 0.0015s
Record 59/1000 | Predicted: [0] | True: 0 | Time: 0.0015s
Record 60/1000 | Predicted: [0] | True: 0 | Time: 0.0015s
Record 61/1000 | Predicted: [0] | True: 0 | Time: 0.0015s
Record 62/1000 | Predicted: [0] | True: 0 | Time: 0.0015s
Record 63/1000 | Predicted: [0] | True: 1 | Time: 0.0015s
Record 64/1000 | Predicted: [0] | True: 0 | Time: 0.0015s
Record 65/1000 | Predicted: [0] | True: 0 | Time: 0.0014s
Record 66/1000 | Predicted: [0] | True: 0 | Time: 0.0014s
Record 67/1000 | Predicted: [0] | True: 1 | Time: 0.0015s
Record 68/1000 | Predicted: [0] | True: 0 | Time: 0.0015s
Record 69/1000 | Predicted: [0] | True: 0 | Time: 0.0015s
Record 70/1000 | Predicted: [0] | True: 0 | Time: 0.0015s
Record 71/1000 | Predicted: [1] | True: 0 | Time: 0.0014s
Record 72/1000 | Predicted: [0] | True: 0 | Time: 0.0014s
Record 73/1000 | Predicted: [0] | True: 0 | Time: 0.0015s
Record 74/1000 | Predicted: [1] | True: 0 | Time: 0.0014s
Record 75/1000 | Predicted: [0] | True: 0 | Time: 0.0015s
Record 76/1000 | Predicted: [0] | True: 0 | Time: 0.0015s
Record 77/1000 | Predicted: [0] | True: 0 | Time: 0.0015s
Record 78/1000 | Predicted: [0] | True: 0 | Time: 0.0015s
Record 79/1000 | Predicted: [0] | True: 0 | Time: 0.0015s
Record 80/1000 | Predicted: [0] | True: 0 | Time: 0.0015s
Record 81/1000 | Predicted: [0] | True: 0 | Time: 0.0015s
Record 82/1000 | Predicted: [0] | True: 0 | Time: 0.0015s
Record 83/1000 | Predicted: [0] | True: 0 | Time: 0.0015s
Record 84/1000 | Predicted: [0] | True: 0 | Time: 0.0015s
Record 85/1000 | Predicted: [0] | True: 0 | Time: 0.0015s
Record 86/1000 | Predicted: [0] | True: 0 | Time: 0.0015s
Record 87/1000 | Predicted: [1] | True: 1 | Time: 0.0015s
Record 88/1000 | Predicted: [0] | True: 0 | Time: 0.0015s
Record 89/1000 | Predicted: [0] | True: 0 | Time: 0.0015s
Record 90/1000 | Predicted: [1] | True: 1 | Time: 0.0015s
Record 91/1000 | Predicted: [0] | True: 0 | Time: 0.0015s
Record 92/1000 | Predicted: [1] | True: 1 | Time: 0.0015s
Record 93/1000 | Predicted: [0] | True: 0 | Time: 0.0015s
Record 94/1000 | Predicted: [0] | True: 0 | Time: 0.0015s
Record 95/1000 | Predicted: [1] | True: 1 | Time: 0.0015s
Record 96/1000 | Predicted: [0] | True: 0 | Time: 0.0015s
Record 97/1000 | Predicted: [0] | True: 0 | Time: 0.0015s
Record 98/1000 | Predicted: [0] | True: 0 | Time: 0.0015s
Record 99/1000 | Predicted: [1] | True: 1 | Time: 0.0015s
Record 100/1000 | Predicted: [0] | True: 0 | Time: 0.0015s
Record 101/1000 | Predicted: [1] | True: 1 | Time: 0.0015s
Record 102/1000 | Predicted: [0] | True: 0 | Time: 0.0014s
Record 103/1000 | Predicted: [0] | True: 0 | Time: 0.0015s
Record 104/1000 | Predicted: [0] | True: 0 | Time: 0.0015s
Record 105/1000 | Predicted: [0] | True: 0 | Time: 0.0014s
Record 106/1000 | Predicted: [0] | True: 0 | Time: 0.0015s
Record 107/1000 | Predicted: [1] | True: 0 | Time: 0.0014s
Record 108/1000 | Predicted: [0] | True: 0 | Time: 0.0014s
Record 109/1000 | Predicted: [0] | True: 0 | Time: 0.0015s
Record 110/1000 | Predicted: [0] | True: 0 | Time: 0.0014s
Record 111/1000 | Predicted: [0] | True: 0 | Time: 0.0015s
Record 112/1000 | Predicted: [0] | True: 0 | Time: 0.0014s
Record 113/1000 | Predicted: [0] | True: 0 | Time: 0.0014s
Record 114/1000 | Predicted: [0] | True: 0 | Time: 0.0015s
Record 115/1000 | Predicted: [1] | True: 1 | Time: 0.0015s
Record 116/1000 | Predicted: [0] | True: 0 | Time: 0.0015s
Record 117/1000 | Predicted: [0] | True: 0 | Time: 0.0014s
Record 118/1000 | Predicted: [0] | True: 0 | Time: 0.0014s
Record 119/1000 | Predicted: [1] | True: 1 | Time: 0.0015s
Record 120/1000 | Predicted: [1] | True: 1 | Time: 0.0014s
Record 121/1000 | Predicted: [1] | True: 0 | Time: 0.0015s
Record 122/1000 | Predicted: [0] | True: 0 | Time: 0.0015s
Record 123/1000 | Predicted: [0] | True: 0 | Time: 0.0014s
Record 124/1000 | Predicted: [0] | True: 0 | Time: 0.0015s
Record 125/1000 | Predicted: [0] | True: 0 | Time: 0.0015s
Record 126/1000 | Predicted: [0] | True: 0 | Time: 0.0015s
Record 127/1000 | Predicted: [0] | True: 0 | Time: 0.0015s
Record 128/1000 | Predicted: [0] | True: 0 | Time: 0.0015s
Record 129/1000 | Predicted: [0] | True: 0 | Time: 0.0015s
Record 130/1000 | Predicted: [0] | True: 1 | Time: 0.0014s
Record 131/1000 | Predicted: [0] | True: 0 | Time: 0.0015s
Record 132/1000 | Predicted: [0] | True: 0 | Time: 0.0015s
Record 133/1000 | Predicted: [1] | True: 0 | Time: 0.0015s
Record 134/1000 | Predicted: [0] | True: 0 | Time: 0.0015s
Record 135/1000 | Predicted: [1] | True: 0 | Time: 0.0015s
Record 136/1000 | Predicted: [1] | True: 1 | Time: 0.0015s
Record 137/1000 | Predicted: [1] | True: 1 | Time: 0.0015s
Record 138/1000 | Predicted: [0] | True: 1 | Time: 0.0015s
Record 139/1000 | Predicted: [0] | True: 0 | Time: 0.0015s
Record 140/1000 | Predicted: [1] | True: 1 | Time: 0.0015s
Record 141/1000 | Predicted: [0] | True: 0 | Time: 0.0015s
Record 142/1000 | Predicted: [0] | True: 0 | Time: 0.0015s
Record 143/1000 | Predicted: [0] | True: 0 | Time: 0.0015s
Record 144/1000 | Predicted: [1] | True: 1 | Time: 0.0015s
Record 145/1000 | Predicted: [1] | True: 0 | Time: 0.0015s
Record 146/1000 | Predicted: [0] | True: 0 | Time: 0.0015s
Record 147/1000 | Predicted: [0] | True: 0 | Time: 0.0015s
Record 148/1000 | Predicted: [0] | True: 0 | Time: 0.0015s
Record 149/1000 | Predicted: [0] | True: 0 | Time: 0.0015s
Record 150/1000 | Predicted: [0] | True: 0 | Time: 0.0015s
Record 151/1000 | Predicted: [0] | True: 0 | Time: 0.0015s
Record 152/1000 | Predicted: [0] | True: 0 | Time: 0.0015s
Record 153/1000 | Predicted: [0] | True: 1 | Time: 0.0015s
Record 154/1000 | Predicted: [0] | True: 0 | Time: 0.0015s
Record 155/1000 | Predicted: [0] | True: 0 | Time: 0.0015s
Record 156/1000 | Predicted: [1] | True: 1 | Time: 0.0015s
Record 157/1000 | Predicted: [0] | True: 0 | Time: 0.0015s
Record 158/1000 | Predicted: [0] | True: 0 | Time: 0.0015s
Record 159/1000 | Predicted: [1] | True: 1 | Time: 0.0014s
Record 160/1000 | Predicted: [0] | True: 0 | Time: 0.0015s
Record 161/1000 | Predicted: [0] | True: 0 | Time: 0.0014s
Record 162/1000 | Predicted: [0] | True: 0 | Time: 0.0014s
Record 163/1000 | Predicted: [0] | True: 0 | Time: 0.0014s
Record 164/1000 | Predicted: [0] | True: 0 | Time: 0.0015s
Record 165/1000 | Predicted: [0] | True: 0 | Time: 0.0015s
Record 166/1000 | Predicted: [0] | True: 0 | Time: 0.0014s
Record 167/1000 | Predicted: [0] | True: 0 | Time: 0.0015s
Record 168/1000 | Predicted: [0] | True: 0 | Time: 0.0014s
Record 169/1000 | Predicted: [0] | True: 0 | Time: 0.0015s
Record 170/1000 | Predicted: [0] | True: 0 | Time: 0.0015s
Record 171/1000 | Predicted: [1] | True: 0 | Time: 0.0015s
Record 172/1000 | Predicted: [0] | True: 0 | Time: 0.0015s
Record 173/1000 | Predicted: [0] | True: 0 | Time: 0.0014s
Record 174/1000 | Predicted: [1] | True: 0 | Time: 0.0014s
Record 175/1000 | Predicted: [0] | True: 0 | Time: 0.0015s
Record 176/1000 | Predicted: [0] | True: 0 | Time: 0.0015s
Record 177/1000 | Predicted: [0] | True: 0 | Time: 0.0015s
Record 178/1000 | Predicted: [0] | True: 1 | Time: 0.0015s
Record 179/1000 | Predicted: [1] | True: 0 | Time: 0.0014s
Record 180/1000 | Predicted: [0] | True: 1 | Time: 0.0015s
Record 181/1000 | Predicted: [0] | True: 0 | Time: 0.0015s
Record 182/1000 | Predicted: [1] | True: 1 | Time: 0.0015s
Record 183/1000 | Predicted: [0] | True: 0 | Time: 0.0014s
Record 184/1000 | Predicted: [0] | True: 0 | Time: 0.0014s
Record 185/1000 | Predicted: [0] | True: 0 | Time: 0.0015s
Record 186/1000 | Predicted: [0] | True: 0 | Time: 0.0015s
Record 187/1000 | Predicted: [0] | True: 0 | Time: 0.0015s
Record 188/1000 | Predicted: [0] | True: 0 | Time: 0.0014s
Record 189/1000 | Predicted: [1] | True: 1 | Time: 0.0015s
Record 190/1000 | Predicted: [0] | True: 0 | Time: 0.0015s
Record 191/1000 | Predicted: [1] | True: 0 | Time: 0.0014s
Record 192/1000 | Predicted: [0] | True: 0 | Time: 0.0015s
Record 193/1000 | Predicted: [1] | True: 1 | Time: 0.0014s
Record 194/1000 | Predicted: [0] | True: 1 | Time: 0.0015s
Record 195/1000 | Predicted: [0] | True: 0 | Time: 0.0015s
Record 196/1000 | Predicted: [0] | True: 0 | Time: 0.0015s
Record 197/1000 | Predicted: [0] | True: 0 | Time: 0.0015s
Record 198/1000 | Predicted: [0] | True: 0 | Time: 0.0014s
Record 199/1000 | Predicted: [0] | True: 1 | Time: 0.0014s
Record 200/1000 | Predicted: [0] | True: 0 | Time: 0.0014s
Record 201/1000 | Predicted: [0] | True: 0 | Time: 0.0015s
Record 202/1000 | Predicted: [0] | True: 0 | Time: 0.0015s
Record 203/1000 | Predicted: [0] | True: 0 | Time: 0.0014s
Record 204/1000 | Predicted: [0] | True: 0 | Time: 0.0015s
Record 205/1000 | Predicted: [0] | True: 0 | Time: 0.0015s
Record 206/1000 | Predicted: [0] | True: 0 | Time: 0.0015s
Record 207/1000 | Predicted: [0] | True: 1 | Time: 0.0015s
Record 208/1000 | Predicted: [0] | True: 0 | Time: 0.0015s
Record 209/1000 | Predicted: [0] | True: 0 | Time: 0.0015s
Record 210/1000 | Predicted: [1] | True: 1 | Time: 0.0014s
Record 211/1000 | Predicted: [0] | True: 0 | Time: 0.0014s
Record 212/1000 | Predicted: [0] | True: 1 | Time: 0.0015s
Record 213/1000 | Predicted: [1] | True: 0 | Time: 0.0015s
Record 214/1000 | Predicted: [0] | True: 0 | Time: 0.0015s
Record 215/1000 | Predicted: [0] | True: 0 | Time: 0.0014s
Record 216/1000 | Predicted: [0] | True: 0 | Time: 0.0015s
Record 217/1000 | Predicted: [0] | True: 0 | Time: 0.0015s
Record 218/1000 | Predicted: [1] | True: 1 | Time: 0.0015s
Record 219/1000 | Predicted: [0] | True: 0 | Time: 0.0015s
Record 220/1000 | Predicted: [0] | True: 0 | Time: 0.0015s
Record 221/1000 | Predicted: [0] | True: 0 | Time: 0.0019s
Record 222/1000 | Predicted: [0] | True: 0 | Time: 0.0026s
Record 223/1000 | Predicted: [0] | True: 0 | Time: 0.0026s
Record 224/1000 | Predicted: [1] | True: 1 | Time: 0.0026s
Record 225/1000 | Predicted: [0] | True: 0 | Time: 0.0026s
Record 226/1000 | Predicted: [1] | True: 1 | Time: 0.0026s
Record 227/1000 | Predicted: [0] | True: 1 | Time: 0.0026s
Record 228/1000 | Predicted: [1] | True: 1 | Time: 0.0020s
Record 229/1000 | Predicted: [0] | True: 0 | Time: 0.0015s
Record 230/1000 | Predicted: [0] | True: 0 | Time: 0.0014s
Record 231/1000 | Predicted: [0] | True: 0 | Time: 0.0015s
Record 232/1000 | Predicted: [0] | True: 0 | Time: 0.0015s
Record 233/1000 | Predicted: [0] | True: 0 | Time: 0.0015s
Record 234/1000 | Predicted: [0] | True: 0 | Time: 0.0015s
Record 235/1000 | Predicted: [1] | True: 1 | Time: 0.0015s
Record 236/1000 | Predicted: [0] | True: 0 | Time: 0.0015s
Record 237/1000 | Predicted: [0] | True: 0 | Time: 0.0014s
Record 238/1000 | Predicted: [0] | True: 0 | Time: 0.0015s
Record 239/1000 | Predicted: [0] | True: 1 | Time: 0.0014s
Record 240/1000 | Predicted: [0] | True: 0 | Time: 0.0014s
Record 241/1000 | Predicted: [0] | True: 1 | Time: 0.0015s
Record 242/1000 | Predicted: [0] | True: 0 | Time: 0.0014s
Record 243/1000 | Predicted: [0] | True: 0 | Time: 0.0015s
Record 244/1000 | Predicted: [0] | True: 0 | Time: 0.0015s
Record 245/1000 | Predicted: [0] | True: 0 | Time: 0.0015s
Record 246/1000 | Predicted: [1] | True: 1 | Time: 0.0015s
Record 247/1000 | Predicted: [0] | True: 0 | Time: 0.0014s
Record 248/1000 | Predicted: [0] | True: 0 | Time: 0.0015s
Record 249/1000 | Predicted: [0] | True: 0 | Time: 0.0014s
Record 250/1000 | Predicted: [0] | True: 0 | Time: 0.0014s
Record 251/1000 | Predicted: [0] | True: 0 | Time: 0.0015s
Record 252/1000 | Predicted: [1] | True: 1 | Time: 0.0014s
Record 253/1000 | Predicted: [0] | True: 0 | Time: 0.0015s
Record 254/1000 | Predicted: [0] | True: 0 | Time: 0.0015s
Record 255/1000 | Predicted: [0] | True: 0 | Time: 0.0014s
Record 256/1000 | Predicted: [0] | True: 0 | Time: 0.0015s
Record 257/1000 | Predicted: [0] | True: 0 | Time: 0.0015s
Record 258/1000 | Predicted: [1] | True: 1 | Time: 0.0014s
Record 259/1000 | Predicted: [0] | True: 1 | Time: 0.0015s
Record 260/1000 | Predicted: [0] | True: 0 | Time: 0.0014s
Record 261/1000 | Predicted: [0] | True: 0 | Time: 0.0015s
Record 262/1000 | Predicted: [0] | True: 0 | Time: 0.0014s
Record 263/1000 | Predicted: [0] | True: 0 | Time: 0.0015s
Record 264/1000 | Predicted: [0] | True: 0 | Time: 0.0014s
Record 265/1000 | Predicted: [0] | True: 0 | Time: 0.0014s
Record 266/1000 | Predicted: [0] | True: 0 | Time: 0.0015s
Record 267/1000 | Predicted: [0] | True: 1 | Time: 0.0015s
Record 268/1000 | Predicted: [0] | True: 0 | Time: 0.0015s
Record 269/1000 | Predicted: [0] | True: 0 | Time: 0.0015s
Record 270/1000 | Predicted: [0] | True: 1 | Time: 0.0015s
Record 271/1000 | Predicted: [0] | True: 0 | Time: 0.0015s
Record 272/1000 | Predicted: [0] | True: 0 | Time: 0.0014s
Record 273/1000 | Predicted: [1] | True: 1 | Time: 0.0015s
Record 274/1000 | Predicted: [1] | True: 1 | Time: 0.0014s
Record 275/1000 | Predicted: [0] | True: 0 | Time: 0.0015s
Record 276/1000 | Predicted: [0] | True: 1 | Time: 0.0014s
Record 277/1000 | Predicted: [0] | True: 0 | Time: 0.0014s
Record 278/1000 | Predicted: [0] | True: 0 | Time: 0.0015s
Record 279/1000 | Predicted: [0] | True: 0 | Time: 0.0014s
Record 280/1000 | Predicted: [0] | True: 0 | Time: 0.0014s
Record 281/1000 | Predicted: [0] | True: 0 | Time: 0.0014s
Record 282/1000 | Predicted: [0] | True: 0 | Time: 0.0014s
Record 283/1000 | Predicted: [0] | True: 0 | Time: 0.0015s
Record 284/1000 | Predicted: [0] | True: 0 | Time: 0.0014s
Record 285/1000 | Predicted: [1] | True: 0 | Time: 0.0014s
Record 286/1000 | Predicted: [0] | True: 0 | Time: 0.0015s
Record 287/1000 | Predicted: [0] | True: 0 | Time: 0.0014s
Record 288/1000 | Predicted: [1] | True: 0 | Time: 0.0015s
Record 289/1000 | Predicted: [1] | True: 1 | Time: 0.0014s
Record 290/1000 | Predicted: [0] | True: 0 | Time: 0.0015s
Record 291/1000 | Predicted: [0] | True: 0 | Time: 0.0014s
Record 292/1000 | Predicted: [0] | True: 0 | Time: 0.0014s
Record 293/1000 | Predicted: [1] | True: 1 | Time: 0.0015s
Record 294/1000 | Predicted: [0] | True: 0 | Time: 0.0015s
Record 295/1000 | Predicted: [0] | True: 0 | Time: 0.0015s
Record 296/1000 | Predicted: [0] | True: 0 | Time: 0.0014s
Record 297/1000 | Predicted: [0] | True: 0 | Time: 0.0014s
Record 298/1000 | Predicted: [1] | True: 1 | Time: 0.0015s
Record 299/1000 | Predicted: [0] | True: 0 | Time: 0.0014s
Record 300/1000 | Predicted: [1] | True: 0 | Time: 0.0014s
Record 301/1000 | Predicted: [0] | True: 0 | Time: 0.0014s
Record 302/1000 | Predicted: [0] | True: 0 | Time: 0.0015s
Record 303/1000 | Predicted: [0] | True: 0 | Time: 0.0015s
Record 304/1000 | Predicted: [0] | True: 0 | Time: 0.0015s
Record 305/1000 | Predicted: [0] | True: 0 | Time: 0.0015s
Record 306/1000 | Predicted: [0] | True: 0 | Time: 0.0014s
Record 307/1000 | Predicted: [0] | True: 0 | Time: 0.0015s
Record 308/1000 | Predicted: [0] | True: 0 | Time: 0.0014s
Record 309/1000 | Predicted: [0] | True: 0 | Time: 0.0014s
Record 310/1000 | Predicted: [0] | True: 0 | Time: 0.0015s
Record 311/1000 | Predicted: [0] | True: 0 | Time: 0.0014s
Record 312/1000 | Predicted: [1] | True: 0 | Time: 0.0014s
Record 313/1000 | Predicted: [0] | True: 0 | Time: 0.0014s
Record 314/1000 | Predicted: [0] | True: 1 | Time: 0.0015s
Record 315/1000 | Predicted: [0] | True: 0 | Time: 0.0015s
Record 316/1000 | Predicted: [0] | True: 1 | Time: 0.0014s
Record 317/1000 | Predicted: [1] | True: 1 | Time: 0.0015s
Record 318/1000 | Predicted: [0] | True: 0 | Time: 0.0014s
Record 319/1000 | Predicted: [0] | True: 0 | Time: 0.0015s
Record 320/1000 | Predicted: [0] | True: 0 | Time: 0.0015s
Record 321/1000 | Predicted: [0] | True: 0 | Time: 0.0014s
Record 322/1000 | Predicted: [0] | True: 0 | Time: 0.0014s
Record 323/1000 | Predicted: [0] | True: 0 | Time: 0.0014s
Record 324/1000 | Predicted: [0] | True: 0 | Time: 0.0015s
Record 325/1000 | Predicted: [0] | True: 0 | Time: 0.0015s
Record 326/1000 | Predicted: [0] | True: 0 | Time: 0.0014s
Record 327/1000 | Predicted: [0] | True: 0 | Time: 0.0015s
Record 328/1000 | Predicted: [1] | True: 1 | Time: 0.0014s
Record 329/1000 | Predicted: [0] | True: 0 | Time: 0.0014s
Record 330/1000 | Predicted: [0] | True: 0 | Time: 0.0015s
Record 331/1000 | Predicted: [0] | True: 0 | Time: 0.0014s
Record 332/1000 | Predicted: [0] | True: 0 | Time: 0.0015s
Record 333/1000 | Predicted: [0] | True: 0 | Time: 0.0014s
Record 334/1000 | Predicted: [0] | True: 0 | Time: 0.0014s
Record 335/1000 | Predicted: [1] | True: 1 | Time: 0.0015s
Record 336/1000 | Predicted: [0] | True: 0 | Time: 0.0014s
Record 337/1000 | Predicted: [0] | True: 0 | Time: 0.0014s
Record 338/1000 | Predicted: [0] | True: 0 | Time: 0.0014s
Record 339/1000 | Predicted: [0] | True: 0 | Time: 0.0014s
Record 340/1000 | Predicted: [0] | True: 0 | Time: 0.0015s
Record 341/1000 | Predicted: [1] | True: 1 | Time: 0.0014s
Record 342/1000 | Predicted: [0] | True: 0 | Time: 0.0015s
Record 343/1000 | Predicted: [0] | True: 0 | Time: 0.0014s
Record 344/1000 | Predicted: [0] | True: 0 | Time: 0.0015s
Record 345/1000 | Predicted: [0] | True: 0 | Time: 0.0015s
Record 346/1000 | Predicted: [0] | True: 0 | Time: 0.0014s
Record 347/1000 | Predicted: [0] | True: 0 | Time: 0.0015s
Record 348/1000 | Predicted: [0] | True: 0 | Time: 0.0014s
Record 349/1000 | Predicted: [0] | True: 0 | Time: 0.0014s
Record 350/1000 | Predicted: [1] | True: 0 | Time: 0.0015s
Record 351/1000 | Predicted: [0] | True: 0 | Time: 0.0014s
Record 352/1000 | Predicted: [0] | True: 0 | Time: 0.0015s
Record 353/1000 | Predicted: [0] | True: 0 | Time: 0.0014s
Record 354/1000 | Predicted: [0] | True: 0 | Time: 0.0014s
Record 355/1000 | Predicted: [0] | True: 1 | Time: 0.0015s
Record 356/1000 | Predicted: [0] | True: 0 | Time: 0.0015s
Record 357/1000 | Predicted: [0] | True: 0 | Time: 0.0015s
Record 358/1000 | Predicted: [0] | True: 0 | Time: 0.0014s
Record 359/1000 | Predicted: [0] | True: 0 | Time: 0.0015s
Record 360/1000 | Predicted: [1] | True: 1 | Time: 0.0015s
Record 361/1000 | Predicted: [0] | True: 0 | Time: 0.0014s
Record 362/1000 | Predicted: [0] | True: 0 | Time: 0.0015s
Record 363/1000 | Predicted: [0] | True: 0 | Time: 0.0015s
Record 364/1000 | Predicted: [0] | True: 0 | Time: 0.0014s
Record 365/1000 | Predicted: [0] | True: 0 | Time: 0.0015s
Record 366/1000 | Predicted: [0] | True: 0 | Time: 0.0015s
Record 367/1000 | Predicted: [0] | True: 0 | Time: 0.0014s
Record 368/1000 | Predicted: [0] | True: 1 | Time: 0.0015s
Record 369/1000 | Predicted: [0] | True: 0 | Time: 0.0015s
Record 370/1000 | Predicted: [0] | True: 0 | Time: 0.0015s
Record 371/1000 | Predicted: [0] | True: 0 | Time: 0.0014s
Record 372/1000 | Predicted: [0] | True: 0 | Time: 0.0015s
Record 373/1000 | Predicted: [0] | True: 1 | Time: 0.0014s
Record 374/1000 | Predicted: [0] | True: 0 | Time: 0.0014s
Record 375/1000 | Predicted: [0] | True: 0 | Time: 0.0015s
Record 376/1000 | Predicted: [0] | True: 0 | Time: 0.0014s
Record 377/1000 | Predicted: [1] | True: 1 | Time: 0.0015s
Record 378/1000 | Predicted: [0] | True: 0 | Time: 0.0014s
Record 379/1000 | Predicted: [0] | True: 0 | Time: 0.0014s
Record 380/1000 | Predicted: [0] | True: 1 | Time: 0.0015s
Record 381/1000 | Predicted: [1] | True: 0 | Time: 0.0015s
Record 382/1000 | Predicted: [0] | True: 0 | Time: 0.0015s
Record 383/1000 | Predicted: [0] | True: 1 | Time: 0.0014s
Record 384/1000 | Predicted: [0] | True: 0 | Time: 0.0015s
Record 385/1000 | Predicted: [0] | True: 0 | Time: 0.0015s
Record 386/1000 | Predicted: [1] | True: 1 | Time: 0.0014s
Record 387/1000 | Predicted: [0] | True: 0 | Time: 0.0015s
Record 388/1000 | Predicted: [0] | True: 1 | Time: 0.0015s
Record 389/1000 | Predicted: [0] | True: 0 | Time: 0.0015s
Record 390/1000 | Predicted: [0] | True: 0 | Time: 0.0015s
Record 391/1000 | Predicted: [0] | True: 0 | Time: 0.0014s
Record 392/1000 | Predicted: [0] | True: 0 | Time: 0.0015s
Record 393/1000 | Predicted: [1] | True: 1 | Time: 0.0015s
Record 394/1000 | Predicted: [0] | True: 0 | Time: 0.0015s
Record 395/1000 | Predicted: [0] | True: 0 | Time: 0.0015s
Record 396/1000 | Predicted: [0] | True: 0 | Time: 0.0014s
Record 397/1000 | Predicted: [0] | True: 1 | Time: 0.0015s
Record 398/1000 | Predicted: [0] | True: 0 | Time: 0.0014s
Record 399/1000 | Predicted: [0] | True: 0 | Time: 0.0015s
Record 400/1000 | Predicted: [0] | True: 0 | Time: 0.0015s
Record 401/1000 | Predicted: [0] | True: 0 | Time: 0.0014s
Record 402/1000 | Predicted: [0] | True: 0 | Time: 0.0015s
Record 403/1000 | Predicted: [0] | True: 0 | Time: 0.0015s
Record 404/1000 | Predicted: [0] | True: 0 | Time: 0.0015s
Record 405/1000 | Predicted: [0] | True: 0 | Time: 0.0014s
Record 406/1000 | Predicted: [0] | True: 0 | Time: 0.0014s
Record 407/1000 | Predicted: [0] | True: 0 | Time: 0.0015s
Record 408/1000 | Predicted: [0] | True: 0 | Time: 0.0014s
Record 409/1000 | Predicted: [0] | True: 0 | Time: 0.0015s
Record 410/1000 | Predicted: [0] | True: 0 | Time: 0.0014s
Record 411/1000 | Predicted: [0] | True: 1 | Time: 0.0014s
Record 412/1000 | Predicted: [0] | True: 0 | Time: 0.0015s
Record 413/1000 | Predicted: [0] | True: 0 | Time: 0.0014s
Record 414/1000 | Predicted: [0] | True: 0 | Time: 0.0014s
Record 415/1000 | Predicted: [0] | True: 0 | Time: 0.0014s
Record 416/1000 | Predicted: [0] | True: 0 | Time: 0.0014s
Record 417/1000 | Predicted: [0] | True: 0 | Time: 0.0014s
Record 418/1000 | Predicted: [0] | True: 0 | Time: 0.0015s
Record 419/1000 | Predicted: [0] | True: 1 | Time: 0.0015s
Record 420/1000 | Predicted: [0] | True: 0 | Time: 0.0014s
Record 421/1000 | Predicted: [1] | True: 1 | Time: 0.0014s
Record 422/1000 | Predicted: [0] | True: 0 | Time: 0.0015s
Record 423/1000 | Predicted: [0] | True: 0 | Time: 0.0014s
Record 424/1000 | Predicted: [0] | True: 0 | Time: 0.0015s
Record 425/1000 | Predicted: [0] | True: 1 | Time: 0.0014s
Record 426/1000 | Predicted: [1] | True: 0 | Time: 0.0015s
Record 427/1000 | Predicted: [0] | True: 0 | Time: 0.0015s
Record 428/1000 | Predicted: [0] | True: 0 | Time: 0.0015s
Record 429/1000 | Predicted: [1] | True: 1 | Time: 0.0015s
Record 430/1000 | Predicted: [0] | True: 0 | Time: 0.0014s
Record 431/1000 | Predicted: [0] | True: 0 | Time: 0.0014s
Record 432/1000 | Predicted: [0] | True: 0 | Time: 0.0014s
Record 433/1000 | Predicted: [0] | True: 0 | Time: 0.0015s
Record 434/1000 | Predicted: [0] | True: 1 | Time: 0.0015s
Record 435/1000 | Predicted: [0] | True: 0 | Time: 0.0014s
Record 436/1000 | Predicted: [0] | True: 0 | Time: 0.0015s
Record 437/1000 | Predicted: [0] | True: 0 | Time: 0.0014s
Record 438/1000 | Predicted: [0] | True: 0 | Time: 0.0015s
Record 439/1000 | Predicted: [1] | True: 1 | Time: 0.0015s
Record 440/1000 | Predicted: [1] | True: 1 | Time: 0.0014s
Record 441/1000 | Predicted: [0] | True: 0 | Time: 0.0015s
Record 442/1000 | Predicted: [0] | True: 1 | Time: 0.0015s
Record 443/1000 | Predicted: [0] | True: 0 | Time: 0.0015s
Record 444/1000 | Predicted: [1] | True: 0 | Time: 0.0015s
Record 445/1000 | Predicted: [0] | True: 0 | Time: 0.0015s
Record 446/1000 | Predicted: [0] | True: 1 | Time: 0.0015s
Record 447/1000 | Predicted: [0] | True: 0 | Time: 0.0014s
Record 448/1000 | Predicted: [0] | True: 0 | Time: 0.0014s
Record 449/1000 | Predicted: [0] | True: 0 | Time: 0.0015s
Record 450/1000 | Predicted: [0] | True: 1 | Time: 0.0014s
Record 451/1000 | Predicted: [0] | True: 0 | Time: 0.0014s
Record 452/1000 | Predicted: [0] | True: 0 | Time: 0.0015s
Record 453/1000 | Predicted: [0] | True: 0 | Time: 0.0014s
Record 454/1000 | Predicted: [0] | True: 1 | Time: 0.0015s
Record 455/1000 | Predicted: [0] | True: 0 | Time: 0.0014s
Record 456/1000 | Predicted: [0] | True: 0 | Time: 0.0015s
Record 457/1000 | Predicted: [0] | True: 0 | Time: 0.0015s
Record 458/1000 | Predicted: [0] | True: 0 | Time: 0.0015s
Record 459/1000 | Predicted: [0] | True: 0 | Time: 0.0015s
Record 460/1000 | Predicted: [1] | True: 0 | Time: 0.0014s
Record 461/1000 | Predicted: [0] | True: 0 | Time: 0.0014s
Record 462/1000 | Predicted: [0] | True: 0 | Time: 0.0014s
Record 463/1000 | Predicted: [0] | True: 0 | Time: 0.0015s
Record 464/1000 | Predicted: [0] | True: 0 | Time: 0.0015s
Record 465/1000 | Predicted: [0] | True: 1 | Time: 0.0014s
Record 466/1000 | Predicted: [0] | True: 0 | Time: 0.0014s
Record 467/1000 | Predicted: [0] | True: 0 | Time: 0.0015s
Record 468/1000 | Predicted: [0] | True: 0 | Time: 0.0015s
Record 469/1000 | Predicted: [0] | True: 0 | Time: 0.0015s
Record 470/1000 | Predicted: [0] | True: 0 | Time: 0.0015s
Record 471/1000 | Predicted: [0] | True: 0 | Time: 0.0015s
Record 472/1000 | Predicted: [0] | True: 0 | Time: 0.0014s
Record 473/1000 | Predicted: [0] | True: 0 | Time: 0.0014s
Record 474/1000 | Predicted: [0] | True: 0 | Time: 0.0015s
Record 475/1000 | Predicted: [0] | True: 0 | Time: 0.0015s
Record 476/1000 | Predicted: [0] | True: 0 | Time: 0.0015s
Record 477/1000 | Predicted: [0] | True: 0 | Time: 0.0015s
Record 478/1000 | Predicted: [0] | True: 0 | Time: 0.0014s
Record 479/1000 | Predicted: [0] | True: 0 | Time: 0.0015s
Record 480/1000 | Predicted: [0] | True: 0 | Time: 0.0015s
Record 481/1000 | Predicted: [0] | True: 0 | Time: 0.0015s
Record 482/1000 | Predicted: [0] | True: 0 | Time: 0.0014s
Record 483/1000 | Predicted: [0] | True: 0 | Time: 0.0015s
Record 484/1000 | Predicted: [0] | True: 0 | Time: 0.0014s
Record 485/1000 | Predicted: [0] | True: 0 | Time: 0.0015s
Record 486/1000 | Predicted: [0] | True: 0 | Time: 0.0015s
Record 487/1000 | Predicted: [0] | True: 1 | Time: 0.0014s
Record 488/1000 | Predicted: [0] | True: 0 | Time: 0.0015s
Record 489/1000 | Predicted: [0] | True: 0 | Time: 0.0014s
Record 490/1000 | Predicted: [0] | True: 0 | Time: 0.0015s
Record 491/1000 | Predicted: [0] | True: 0 | Time: 0.0015s
Record 492/1000 | Predicted: [0] | True: 1 | Time: 0.0015s
Record 493/1000 | Predicted: [0] | True: 0 | Time: 0.0015s
Record 494/1000 | Predicted: [0] | True: 0 | Time: 0.0015s
Record 495/1000 | Predicted: [0] | True: 0 | Time: 0.0014s
Record 496/1000 | Predicted: [0] | True: 0 | Time: 0.0015s
Record 497/1000 | Predicted: [0] | True: 0 | Time: 0.0015s
Record 498/1000 | Predicted: [0] | True: 1 | Time: 0.0015s
Record 499/1000 | Predicted: [0] | True: 0 | Time: 0.0015s
Record 500/1000 | Predicted: [0] | True: 0 | Time: 0.0014s
Record 501/1000 | Predicted: [0] | True: 0 | Time: 0.0015s
Record 502/1000 | Predicted: [0] | True: 0 | Time: 0.0015s
Record 503/1000 | Predicted: [0] | True: 0 | Time: 0.0015s
Record 504/1000 | Predicted: [0] | True: 1 | Time: 0.0014s
Record 505/1000 | Predicted: [1] | True: 1 | Time: 0.0015s
Record 506/1000 | Predicted: [0] | True: 0 | Time: 0.0015s
Record 507/1000 | Predicted: [0] | True: 1 | Time: 0.0014s
Record 508/1000 | Predicted: [0] | True: 0 | Time: 0.0015s
Record 509/1000 | Predicted: [0] | True: 0 | Time: 0.0015s
Record 510/1000 | Predicted: [0] | True: 0 | Time: 0.0014s
Record 511/1000 | Predicted: [0] | True: 1 | Time: 0.0014s
Record 512/1000 | Predicted: [0] | True: 0 | Time: 0.0015s
Record 513/1000 | Predicted: [0] | True: 0 | Time: 0.0015s
Record 514/1000 | Predicted: [0] | True: 0 | Time: 0.0015s
Record 515/1000 | Predicted: [0] | True: 0 | Time: 0.0014s
Record 516/1000 | Predicted: [0] | True: 0 | Time: 0.0015s
Record 517/1000 | Predicted: [0] | True: 0 | Time: 0.0015s
Record 518/1000 | Predicted: [1] | True: 1 | Time: 0.0015s
Record 519/1000 | Predicted: [0] | True: 0 | Time: 0.0014s
Record 520/1000 | Predicted: [0] | True: 0 | Time: 0.0014s
Record 521/1000 | Predicted: [1] | True: 1 | Time: 0.0015s
Record 522/1000 | Predicted: [0] | True: 0 | Time: 0.0015s
Record 523/1000 | Predicted: [0] | True: 0 | Time: 0.0015s
Record 524/1000 | Predicted: [0] | True: 0 | Time: 0.0014s
Record 525/1000 | Predicted: [0] | True: 0 | Time: 0.0015s
Record 526/1000 | Predicted: [0] | True: 0 | Time: 0.0014s
Record 527/1000 | Predicted: [1] | True: 0 | Time: 0.0014s
Record 528/1000 | Predicted: [0] | True: 0 | Time: 0.0015s
Record 529/1000 | Predicted: [0] | True: 0 | Time: 0.0014s
Record 530/1000 | Predicted: [0] | True: 0 | Time: 0.0015s
Record 531/1000 | Predicted: [0] | True: 0 | Time: 0.0015s
Record 532/1000 | Predicted: [0] | True: 0 | Time: 0.0015s
Record 533/1000 | Predicted: [0] | True: 0 | Time: 0.0015s
Record 534/1000 | Predicted: [1] | True: 1 | Time: 0.0015s
Record 535/1000 | Predicted: [0] | True: 1 | Time: 0.0015s
Record 536/1000 | Predicted: [0] | True: 0 | Time: 0.0015s
Record 537/1000 | Predicted: [0] | True: 0 | Time: 0.0014s
Record 538/1000 | Predicted: [1] | True: 0 | Time: 0.0015s
Record 539/1000 | Predicted: [0] | True: 0 | Time: 0.0015s
Record 540/1000 | Predicted: [0] | True: 0 | Time: 0.0015s
Record 541/1000 | Predicted: [0] | True: 0 | Time: 0.0014s
Record 542/1000 | Predicted: [0] | True: 1 | Time: 0.0015s
Record 543/1000 | Predicted: [0] | True: 0 | Time: 0.0015s
Record 544/1000 | Predicted: [0] | True: 0 | Time: 0.0014s
Record 545/1000 | Predicted: [0] | True: 0 | Time: 0.0015s
Record 546/1000 | Predicted: [1] | True: 1 | Time: 0.0015s
Record 547/1000 | Predicted: [0] | True: 0 | Time: 0.0015s
Record 548/1000 | Predicted: [1] | True: 1 | Time: 0.0015s
Record 549/1000 | Predicted: [0] | True: 0 | Time: 0.0014s
Record 550/1000 | Predicted: [0] | True: 0 | Time: 0.0015s
Record 551/1000 | Predicted: [1] | True: 1 | Time: 0.0015s
Record 552/1000 | Predicted: [1] | True: 0 | Time: 0.0015s
Record 553/1000 | Predicted: [0] | True: 0 | Time: 0.0015s
Record 554/1000 | Predicted: [0] | True: 0 | Time: 0.0015s
Record 555/1000 | Predicted: [1] | True: 1 | Time: 0.0015s
Record 556/1000 | Predicted: [1] | True: 0 | Time: 0.0015s
Record 557/1000 | Predicted: [0] | True: 1 | Time: 0.0015s
Record 558/1000 | Predicted: [0] | True: 0 | Time: 0.0015s
Record 559/1000 | Predicted: [0] | True: 0 | Time: 0.0015s
Record 560/1000 | Predicted: [0] | True: 0 | Time: 0.0015s
Record 561/1000 | Predicted: [1] | True: 1 | Time: 0.0015s
Record 562/1000 | Predicted: [0] | True: 0 | Time: 0.0015s
Record 563/1000 | Predicted: [1] | True: 1 | Time: 0.0014s
Record 564/1000 | Predicted: [0] | True: 0 | Time: 0.0014s
Record 565/1000 | Predicted: [0] | True: 0 | Time: 0.0015s
Record 566/1000 | Predicted: [0] | True: 0 | Time: 0.0015s
Record 567/1000 | Predicted: [0] | True: 0 | Time: 0.0015s
Record 568/1000 | Predicted: [1] | True: 0 | Time: 0.0015s
Record 569/1000 | Predicted: [0] | True: 1 | Time: 0.0015s
Record 570/1000 | Predicted: [0] | True: 0 | Time: 0.0014s
Record 571/1000 | Predicted: [0] | True: 0 | Time: 0.0014s
Record 572/1000 | Predicted: [1] | True: 1 | Time: 0.0015s
Record 573/1000 | Predicted: [0] | True: 0 | Time: 0.0014s
Record 574/1000 | Predicted: [1] | True: 1 | Time: 0.0015s
Record 575/1000 | Predicted: [0] | True: 0 | Time: 0.0014s
Record 576/1000 | Predicted: [0] | True: 0 | Time: 0.0014s
Record 577/1000 | Predicted: [0] | True: 0 | Time: 0.0015s
Record 578/1000 | Predicted: [0] | True: 0 | Time: 0.0015s
Record 579/1000 | Predicted: [0] | True: 0 | Time: 0.0015s
Record 580/1000 | Predicted: [0] | True: 0 | Time: 0.0015s
Record 581/1000 | Predicted: [1] | True: 0 | Time: 0.0015s
Record 582/1000 | Predicted: [0] | True: 0 | Time: 0.0015s
Record 583/1000 | Predicted: [0] | True: 0 | Time: 0.0015s
Record 584/1000 | Predicted: [0] | True: 0 | Time: 0.0015s
Record 585/1000 | Predicted: [0] | True: 0 | Time: 0.0014s
Record 586/1000 | Predicted: [0] | True: 0 | Time: 0.0014s
Record 587/1000 | Predicted: [0] | True: 0 | Time: 0.0015s
Record 588/1000 | Predicted: [1] | True: 1 | Time: 0.0015s
Record 589/1000 | Predicted: [0] | True: 0 | Time: 0.0015s
Record 590/1000 | Predicted: [0] | True: 0 | Time: 0.0014s
Record 591/1000 | Predicted: [1] | True: 1 | Time: 0.0015s
Record 592/1000 | Predicted: [0] | True: 0 | Time: 0.0015s
Record 593/1000 | Predicted: [0] | True: 0 | Time: 0.0014s
Record 594/1000 | Predicted: [0] | True: 0 | Time: 0.0015s
Record 595/1000 | Predicted: [1] | True: 1 | Time: 0.0014s
Record 596/1000 | Predicted: [0] | True: 0 | Time: 0.0015s
Record 597/1000 | Predicted: [0] | True: 0 | Time: 0.0015s
Record 598/1000 | Predicted: [0] | True: 0 | Time: 0.0014s
Record 599/1000 | Predicted: [0] | True: 0 | Time: 0.0015s
Record 600/1000 | Predicted: [0] | True: 0 | Time: 0.0014s
Record 601/1000 | Predicted: [1] | True: 1 | Time: 0.0014s
Record 602/1000 | Predicted: [0] | True: 0 | Time: 0.0014s
Record 603/1000 | Predicted: [0] | True: 1 | Time: 0.0014s
Record 604/1000 | Predicted: [1] | True: 1 | Time: 0.0015s
Record 605/1000 | Predicted: [0] | True: 0 | Time: 0.0014s
Record 606/1000 | Predicted: [0] | True: 0 | Time: 0.0015s
Record 607/1000 | Predicted: [0] | True: 0 | Time: 0.0015s
Record 608/1000 | Predicted: [0] | True: 0 | Time: 0.0014s
Record 609/1000 | Predicted: [0] | True: 0 | Time: 0.0015s
Record 610/1000 | Predicted: [0] | True: 0 | Time: 0.0014s
Record 611/1000 | Predicted: [0] | True: 0 | Time: 0.0015s
Record 612/1000 | Predicted: [1] | True: 1 | Time: 0.0015s
Record 613/1000 | Predicted: [0] | True: 0 | Time: 0.0015s
Record 614/1000 | Predicted: [0] | True: 0 | Time: 0.0015s
Record 615/1000 | Predicted: [0] | True: 0 | Time: 0.0015s
Record 616/1000 | Predicted: [1] | True: 1 | Time: 0.0015s
Record 617/1000 | Predicted: [0] | True: 0 | Time: 0.0014s
Record 618/1000 | Predicted: [0] | True: 0 | Time: 0.0015s
Record 619/1000 | Predicted: [0] | True: 0 | Time: 0.0015s
Record 620/1000 | Predicted: [0] | True: 0 | Time: 0.0016s
Record 621/1000 | Predicted: [0] | True: 0 | Time: 0.0015s
Record 622/1000 | Predicted: [0] | True: 0 | Time: 0.0014s
Record 623/1000 | Predicted: [0] | True: 0 | Time: 0.0015s
Record 624/1000 | Predicted: [0] | True: 0 | Time: 0.0014s
Record 625/1000 | Predicted: [0] | True: 0 | Time: 0.0014s
Record 626/1000 | Predicted: [0] | True: 0 | Time: 0.0015s
Record 627/1000 | Predicted: [0] | True: 0 | Time: 0.0014s
Record 628/1000 | Predicted: [0] | True: 0 | Time: 0.0015s
Record 629/1000 | Predicted: [0] | True: 0 | Time: 0.0014s
Record 630/1000 | Predicted: [0] | True: 0 | Time: 0.0014s
Record 631/1000 | Predicted: [0] | True: 0 | Time: 0.0015s
Record 632/1000 | Predicted: [0] | True: 1 | Time: 0.0014s
Record 633/1000 | Predicted: [0] | True: 0 | Time: 0.0015s
Record 634/1000 | Predicted: [0] | True: 0 | Time: 0.0014s
Record 635/1000 | Predicted: [0] | True: 1 | Time: 0.0015s
Record 636/1000 | Predicted: [0] | True: 0 | Time: 0.0015s
Record 637/1000 | Predicted: [0] | True: 0 | Time: 0.0015s
Record 638/1000 | Predicted: [0] | True: 0 | Time: 0.0015s
Record 639/1000 | Predicted: [0] | True: 0 | Time: 0.0014s
Record 640/1000 | Predicted: [0] | True: 0 | Time: 0.0015s
Record 641/1000 | Predicted: [1] | True: 1 | Time: 0.0015s
Record 642/1000 | Predicted: [0] | True: 0 | Time: 0.0014s
Record 643/1000 | Predicted: [0] | True: 0 | Time: 0.0015s
Record 644/1000 | Predicted: [1] | True: 1 | Time: 0.0015s
Record 645/1000 | Predicted: [0] | True: 0 | Time: 0.0015s
Record 646/1000 | Predicted: [0] | True: 0 | Time: 0.0015s
Record 647/1000 | Predicted: [0] | True: 0 | Time: 0.0015s
Record 648/1000 | Predicted: [0] | True: 0 | Time: 0.0015s
Record 649/1000 | Predicted: [0] | True: 0 | Time: 0.0015s
Record 650/1000 | Predicted: [0] | True: 0 | Time: 0.0014s
Record 651/1000 | Predicted: [0] | True: 0 | Time: 0.0015s
Record 652/1000 | Predicted: [0] | True: 0 | Time: 0.0014s
Record 653/1000 | Predicted: [0] | True: 0 | Time: 0.0015s
Record 654/1000 | Predicted: [0] | True: 0 | Time: 0.0014s
Record 655/1000 | Predicted: [0] | True: 0 | Time: 0.0015s
Record 656/1000 | Predicted: [0] | True: 0 | Time: 0.0014s
Record 657/1000 | Predicted: [0] | True: 0 | Time: 0.0014s
Record 658/1000 | Predicted: [0] | True: 0 | Time: 0.0015s
Record 659/1000 | Predicted: [0] | True: 0 | Time: 0.0014s
Record 660/1000 | Predicted: [1] | True: 0 | Time: 0.0015s
Record 661/1000 | Predicted: [0] | True: 0 | Time: 0.0014s
Record 662/1000 | Predicted: [0] | True: 0 | Time: 0.0014s
Record 663/1000 | Predicted: [1] | True: 1 | Time: 0.0015s
Record 664/1000 | Predicted: [0] | True: 0 | Time: 0.0015s
Record 665/1000 | Predicted: [0] | True: 0 | Time: 0.0015s
Record 666/1000 | Predicted: [1] | True: 1 | Time: 0.0015s
Record 667/1000 | Predicted: [0] | True: 0 | Time: 0.0015s
Record 668/1000 | Predicted: [0] | True: 1 | Time: 0.0015s
Record 669/1000 | Predicted: [0] | True: 0 | Time: 0.0015s
Record 670/1000 | Predicted: [0] | True: 0 | Time: 0.0015s
Record 671/1000 | Predicted: [0] | True: 0 | Time: 0.0014s
Record 672/1000 | Predicted: [0] | True: 0 | Time: 0.0015s
Record 673/1000 | Predicted: [0] | True: 0 | Time: 0.0015s
Record 674/1000 | Predicted: [0] | True: 0 | Time: 0.0015s
Record 675/1000 | Predicted: [0] | True: 0 | Time: 0.0015s
Record 676/1000 | Predicted: [0] | True: 0 | Time: 0.0014s
Record 677/1000 | Predicted: [0] | True: 0 | Time: 0.0015s
Record 678/1000 | Predicted: [0] | True: 0 | Time: 0.0015s
Record 679/1000 | Predicted: [0] | True: 0 | Time: 0.0015s
Record 680/1000 | Predicted: [0] | True: 0 | Time: 0.0015s
Record 681/1000 | Predicted: [0] | True: 0 | Time: 0.0014s
Record 682/1000 | Predicted: [0] | True: 0 | Time: 0.0014s
Record 683/1000 | Predicted: [0] | True: 0 | Time: 0.0015s
Record 684/1000 | Predicted: [0] | True: 0 | Time: 0.0015s
Record 685/1000 | Predicted: [1] | True: 1 | Time: 0.0015s
Record 686/1000 | Predicted: [0] | True: 0 | Time: 0.0015s
Record 687/1000 | Predicted: [1] | True: 1 | Time: 0.0014s
Record 688/1000 | Predicted: [0] | True: 0 | Time: 0.0015s
Record 689/1000 | Predicted: [0] | True: 0 | Time: 0.0015s
Record 690/1000 | Predicted: [0] | True: 0 | Time: 0.0015s
Record 691/1000 | Predicted: [0] | True: 0 | Time: 0.0014s
Record 692/1000 | Predicted: [0] | True: 0 | Time: 0.0015s
Record 693/1000 | Predicted: [0] | True: 0 | Time: 0.0014s
Record 694/1000 | Predicted: [1] | True: 1 | Time: 0.0014s
Record 695/1000 | Predicted: [0] | True: 0 | Time: 0.0015s
Record 696/1000 | Predicted: [0] | True: 0 | Time: 0.0015s
Record 697/1000 | Predicted: [0] | True: 0 | Time: 0.0014s
Record 698/1000 | Predicted: [0] | True: 1 | Time: 0.0014s
Record 699/1000 | Predicted: [0] | True: 0 | Time: 0.0017s
Record 700/1000 | Predicted: [0] | True: 1 | Time: 0.0016s
Record 701/1000 | Predicted: [0] | True: 0 | Time: 0.0015s
Record 702/1000 | Predicted: [1] | True: 1 | Time: 0.0015s
Record 703/1000 | Predicted: [0] | True: 0 | Time: 0.0015s
Record 704/1000 | Predicted: [0] | True: 1 | Time: 0.0015s
Record 705/1000 | Predicted: [0] | True: 0 | Time: 0.0015s
Record 706/1000 | Predicted: [1] | True: 1 | Time: 0.0014s
Record 707/1000 | Predicted: [0] | True: 1 | Time: 0.0015s
Record 708/1000 | Predicted: [0] | True: 0 | Time: 0.0015s
Record 709/1000 | Predicted: [0] | True: 0 | Time: 0.0015s
Record 710/1000 | Predicted: [0] | True: 0 | Time: 0.0015s
Record 711/1000 | Predicted: [1] | True: 1 | Time: 0.0015s
Record 712/1000 | Predicted: [0] | True: 0 | Time: 0.0015s
Record 713/1000 | Predicted: [0] | True: 0 | Time: 0.0015s
Record 714/1000 | Predicted: [0] | True: 0 | Time: 0.0015s
Record 715/1000 | Predicted: [1] | True: 1 | Time: 0.0015s
Record 716/1000 | Predicted: [0] | True: 0 | Time: 0.0014s
Record 717/1000 | Predicted: [0] | True: 0 | Time: 0.0015s
Record 718/1000 | Predicted: [1] | True: 1 | Time: 0.0015s
Record 719/1000 | Predicted: [0] | True: 0 | Time: 0.0015s
Record 720/1000 | Predicted: [1] | True: 1 | Time: 0.0015s
Record 721/1000 | Predicted: [0] | True: 0 | Time: 0.0015s
Record 722/1000 | Predicted: [0] | True: 0 | Time: 0.0015s
Record 723/1000 | Predicted: [0] | True: 1 | Time: 0.0015s
Record 724/1000 | Predicted: [0] | True: 1 | Time: 0.0015s
Record 725/1000 | Predicted: [0] | True: 0 | Time: 0.0015s
Record 726/1000 | Predicted: [0] | True: 1 | Time: 0.0015s
Record 727/1000 | Predicted: [0] | True: 0 | Time: 0.0015s
Record 728/1000 | Predicted: [0] | True: 0 | Time: 0.0015s
Record 729/1000 | Predicted: [0] | True: 0 | Time: 0.0015s
Record 730/1000 | Predicted: [0] | True: 0 | Time: 0.0014s
Record 731/1000 | Predicted: [0] | True: 0 | Time: 0.0015s
Record 732/1000 | Predicted: [0] | True: 0 | Time: 0.0015s
Record 733/1000 | Predicted: [0] | True: 0 | Time: 0.0015s
Record 734/1000 | Predicted: [0] | True: 0 | Time: 0.0015s
Record 735/1000 | Predicted: [0] | True: 0 | Time: 0.0015s
Record 736/1000 | Predicted: [0] | True: 0 | Time: 0.0014s
Record 737/1000 | Predicted: [0] | True: 0 | Time: 0.0015s
Record 738/1000 | Predicted: [0] | True: 0 | Time: 0.0015s
Record 739/1000 | Predicted: [1] | True: 1 | Time: 0.0015s
Record 740/1000 | Predicted: [0] | True: 0 | Time: 0.0015s
Record 741/1000 | Predicted: [0] | True: 0 | Time: 0.0015s
Record 742/1000 | Predicted: [0] | True: 0 | Time: 0.0015s
Record 743/1000 | Predicted: [0] | True: 0 | Time: 0.0015s
Record 744/1000 | Predicted: [0] | True: 0 | Time: 0.0015s
Record 745/1000 | Predicted: [0] | True: 0 | Time: 0.0015s
Record 746/1000 | Predicted: [0] | True: 0 | Time: 0.0015s
Record 747/1000 | Predicted: [0] | True: 0 | Time: 0.0015s
Record 748/1000 | Predicted: [1] | True: 1 | Time: 0.0015s
Record 749/1000 | Predicted: [0] | True: 0 | Time: 0.0015s
Record 750/1000 | Predicted: [1] | True: 1 | Time: 0.0015s
Record 751/1000 | Predicted: [0] | True: 0 | Time: 0.0015s
Record 752/1000 | Predicted: [1] | True: 1 | Time: 0.0015s
Record 753/1000 | Predicted: [0] | True: 0 | Time: 0.0015s
Record 754/1000 | Predicted: [0] | True: 0 | Time: 0.0015s
Record 755/1000 | Predicted: [0] | True: 0 | Time: 0.0015s
Record 756/1000 | Predicted: [0] | True: 0 | Time: 0.0015s
Record 757/1000 | Predicted: [1] | True: 1 | Time: 0.0014s
Record 758/1000 | Predicted: [1] | True: 1 | Time: 0.0015s
Record 759/1000 | Predicted: [0] | True: 1 | Time: 0.0015s
Record 760/1000 | Predicted: [0] | True: 0 | Time: 0.0014s
Record 761/1000 | Predicted: [0] | True: 0 | Time: 0.0015s
Record 762/1000 | Predicted: [0] | True: 0 | Time: 0.0014s
Record 763/1000 | Predicted: [0] | True: 0 | Time: 0.0015s
Record 764/1000 | Predicted: [1] | True: 0 | Time: 0.0015s
Record 765/1000 | Predicted: [0] | True: 0 | Time: 0.0014s
Record 766/1000 | Predicted: [1] | True: 1 | Time: 0.0015s
Record 767/1000 | Predicted: [0] | True: 0 | Time: 0.0015s
Record 768/1000 | Predicted: [0] | True: 0 | Time: 0.0015s
Record 769/1000 | Predicted: [0] | True: 0 | Time: 0.0014s
Record 770/1000 | Predicted: [0] | True: 1 | Time: 0.0014s
Record 771/1000 | Predicted: [1] | True: 0 | Time: 0.0015s
Record 772/1000 | Predicted: [0] | True: 0 | Time: 0.0014s
Record 773/1000 | Predicted: [0] | True: 0 | Time: 0.0015s
Record 774/1000 | Predicted: [1] | True: 1 | Time: 0.0015s
Record 775/1000 | Predicted: [0] | True: 0 | Time: 0.0015s
Record 776/1000 | Predicted: [0] | True: 0 | Time: 0.0015s
Record 777/1000 | Predicted: [0] | True: 0 | Time: 0.0015s
Record 778/1000 | Predicted: [1] | True: 0 | Time: 0.0015s
Record 779/1000 | Predicted: [0] | True: 0 | Time: 0.0014s
Record 780/1000 | Predicted: [0] | True: 1 | Time: 0.0014s
Record 781/1000 | Predicted: [0] | True: 0 | Time: 0.0015s
Record 782/1000 | Predicted: [0] | True: 0 | Time: 0.0015s
Record 783/1000 | Predicted: [0] | True: 0 | Time: 0.0015s
Record 784/1000 | Predicted: [0] | True: 0 | Time: 0.0014s
Record 785/1000 | Predicted: [0] | True: 0 | Time: 0.0014s
Record 786/1000 | Predicted: [0] | True: 0 | Time: 0.0015s
Record 787/1000 | Predicted: [0] | True: 0 | Time: 0.0015s
Record 788/1000 | Predicted: [0] | True: 0 | Time: 0.0015s
Record 789/1000 | Predicted: [0] | True: 0 | Time: 0.0015s
Record 790/1000 | Predicted: [0] | True: 0 | Time: 0.0015s
Record 791/1000 | Predicted: [0] | True: 0 | Time: 0.0015s
Record 792/1000 | Predicted: [0] | True: 0 | Time: 0.0014s
Record 793/1000 | Predicted: [0] | True: 0 | Time: 0.0015s
Record 794/1000 | Predicted: [0] | True: 0 | Time: 0.0015s
Record 795/1000 | Predicted: [0] | True: 1 | Time: 0.0014s
Record 796/1000 | Predicted: [0] | True: 0 | Time: 0.0015s
Record 797/1000 | Predicted: [0] | True: 0 | Time: 0.0014s
Record 798/1000 | Predicted: [0] | True: 0 | Time: 0.0015s
Record 799/1000 | Predicted: [0] | True: 0 | Time: 0.0014s
Record 800/1000 | Predicted: [1] | True: 1 | Time: 0.0015s
Record 801/1000 | Predicted: [0] | True: 0 | Time: 0.0015s
Record 802/1000 | Predicted: [0] | True: 0 | Time: 0.0015s
Record 803/1000 | Predicted: [0] | True: 0 | Time: 0.0015s
Record 804/1000 | Predicted: [0] | True: 0 | Time: 0.0014s
Record 805/1000 | Predicted: [0] | True: 0 | Time: 0.0015s
Record 806/1000 | Predicted: [0] | True: 0 | Time: 0.0015s
Record 807/1000 | Predicted: [1] | True: 1 | Time: 0.0015s
Record 808/1000 | Predicted: [0] | True: 0 | Time: 0.0015s
Record 809/1000 | Predicted: [0] | True: 0 | Time: 0.0014s
Record 810/1000 | Predicted: [0] | True: 0 | Time: 0.0014s
Record 811/1000 | Predicted: [0] | True: 0 | Time: 0.0014s
Record 812/1000 | Predicted: [0] | True: 0 | Time: 0.0015s
Record 813/1000 | Predicted: [0] | True: 0 | Time: 0.0015s
Record 814/1000 | Predicted: [0] | True: 0 | Time: 0.0014s
Record 815/1000 | Predicted: [0] | True: 0 | Time: 0.0015s
Record 816/1000 | Predicted: [0] | True: 0 | Time: 0.0015s
Record 817/1000 | Predicted: [0] | True: 1 | Time: 0.0015s
Record 818/1000 | Predicted: [0] | True: 0 | Time: 0.0015s
Record 819/1000 | Predicted: [1] | True: 1 | Time: 0.0015s
Record 820/1000 | Predicted: [0] | True: 0 | Time: 0.0015s
Record 821/1000 | Predicted: [0] | True: 0 | Time: 0.0014s
Record 822/1000 | Predicted: [1] | True: 0 | Time: 0.0015s
Record 823/1000 | Predicted: [0] | True: 0 | Time: 0.0015s
Record 824/1000 | Predicted: [0] | True: 0 | Time: 0.0015s
Record 825/1000 | Predicted: [0] | True: 0 | Time: 0.0015s
Record 826/1000 | Predicted: [0] | True: 0 | Time: 0.0015s
Record 827/1000 | Predicted: [0] | True: 0 | Time: 0.0015s
Record 828/1000 | Predicted: [0] | True: 0 | Time: 0.0015s
Record 829/1000 | Predicted: [1] | True: 1 | Time: 0.0015s
Record 830/1000 | Predicted: [0] | True: 1 | Time: 0.0015s
Record 831/1000 | Predicted: [0] | True: 0 | Time: 0.0015s
Record 832/1000 | Predicted: [0] | True: 0 | Time: 0.0014s
Record 833/1000 | Predicted: [1] | True: 1 | Time: 0.0015s
Record 834/1000 | Predicted: [0] | True: 0 | Time: 0.0014s
Record 835/1000 | Predicted: [0] | True: 0 | Time: 0.0015s
Record 836/1000 | Predicted: [0] | True: 0 | Time: 0.0015s
Record 837/1000 | Predicted: [0] | True: 0 | Time: 0.0015s
Record 838/1000 | Predicted: [0] | True: 0 | Time: 0.0015s
Record 839/1000 | Predicted: [0] | True: 0 | Time: 0.0018s
Record 840/1000 | Predicted: [0] | True: 0 | Time: 0.0016s
Record 841/1000 | Predicted: [0] | True: 0 | Time: 0.0015s
Record 842/1000 | Predicted: [0] | True: 1 | Time: 0.0016s
Record 843/1000 | Predicted: [1] | True: 1 | Time: 0.0015s
Record 844/1000 | Predicted: [0] | True: 0 | Time: 0.0027s
Record 845/1000 | Predicted: [0] | True: 0 | Time: 0.0027s
Record 846/1000 | Predicted: [1] | True: 1 | Time: 0.0027s
Record 847/1000 | Predicted: [0] | True: 0 | Time: 0.0027s
Record 848/1000 | Predicted: [0] | True: 0 | Time: 0.0027s
Record 849/1000 | Predicted: [0] | True: 0 | Time: 0.0026s
Record 850/1000 | Predicted: [0] | True: 0 | Time: 0.0026s
Record 851/1000 | Predicted: [0] | True: 0 | Time: 0.0016s
Record 852/1000 | Predicted: [0] | True: 0 | Time: 0.0015s
Record 853/1000 | Predicted: [0] | True: 0 | Time: 0.0015s
Record 854/1000 | Predicted: [0] | True: 0 | Time: 0.0015s
Record 855/1000 | Predicted: [0] | True: 0 | Time: 0.0015s
Record 856/1000 | Predicted: [0] | True: 0 | Time: 0.0015s
Record 857/1000 | Predicted: [0] | True: 0 | Time: 0.0015s
Record 858/1000 | Predicted: [0] | True: 0 | Time: 0.0016s
Record 859/1000 | Predicted: [0] | True: 0 | Time: 0.0015s
Record 860/1000 | Predicted: [0] | True: 0 | Time: 0.0015s
Record 861/1000 | Predicted: [0] | True: 0 | Time: 0.0015s
Record 862/1000 | Predicted: [0] | True: 0 | Time: 0.0016s
Record 863/1000 | Predicted: [0] | True: 0 | Time: 0.0015s
Record 864/1000 | Predicted: [0] | True: 0 | Time: 0.0015s
Record 865/1000 | Predicted: [0] | True: 0 | Time: 0.0016s
Record 866/1000 | Predicted: [0] | True: 0 | Time: 0.0015s
Record 867/1000 | Predicted: [0] | True: 1 | Time: 0.0016s
Record 868/1000 | Predicted: [0] | True: 0 | Time: 0.0015s
Record 869/1000 | Predicted: [0] | True: 0 | Time: 0.0016s
Record 870/1000 | Predicted: [0] | True: 0 | Time: 0.0015s
Record 871/1000 | Predicted: [0] | True: 0 | Time: 0.0015s
Record 872/1000 | Predicted: [0] | True: 0 | Time: 0.0015s
Record 873/1000 | Predicted: [0] | True: 0 | Time: 0.0015s
Record 874/1000 | Predicted: [0] | True: 0 | Time: 0.0016s
Record 875/1000 | Predicted: [0] | True: 0 | Time: 0.0015s
Record 876/1000 | Predicted: [0] | True: 0 | Time: 0.0016s
Record 877/1000 | Predicted: [0] | True: 1 | Time: 0.0015s
Record 878/1000 | Predicted: [0] | True: 0 | Time: 0.0015s
Record 879/1000 | Predicted: [0] | True: 0 | Time: 0.0015s
Record 880/1000 | Predicted: [0] | True: 0 | Time: 0.0015s
Record 881/1000 | Predicted: [0] | True: 0 | Time: 0.0016s
Record 882/1000 | Predicted: [0] | True: 0 | Time: 0.0015s
Record 883/1000 | Predicted: [1] | True: 1 | Time: 0.0016s
Record 884/1000 | Predicted: [0] | True: 0 | Time: 0.0015s
Record 885/1000 | Predicted: [0] | True: 0 | Time: 0.0015s
Record 886/1000 | Predicted: [0] | True: 0 | Time: 0.0015s
Record 887/1000 | Predicted: [0] | True: 0 | Time: 0.0015s
Record 888/1000 | Predicted: [1] | True: 0 | Time: 0.0015s
Record 889/1000 | Predicted: [0] | True: 0 | Time: 0.0015s
Record 890/1000 | Predicted: [0] | True: 0 | Time: 0.0016s
Record 891/1000 | Predicted: [0] | True: 0 | Time: 0.0015s
Record 892/1000 | Predicted: [0] | True: 0 | Time: 0.0016s
Record 893/1000 | Predicted: [0] | True: 0 | Time: 0.0015s
Record 894/1000 | Predicted: [0] | True: 1 | Time: 0.0015s
Record 895/1000 | Predicted: [0] | True: 1 | Time: 0.0015s
Record 896/1000 | Predicted: [0] | True: 0 | Time: 0.0015s
Record 897/1000 | Predicted: [1] | True: 1 | Time: 0.0015s
Record 898/1000 | Predicted: [0] | True: 1 | Time: 0.0015s
Record 899/1000 | Predicted: [0] | True: 0 | Time: 0.0015s
Record 900/1000 | Predicted: [0] | True: 0 | Time: 0.0015s
Record 901/1000 | Predicted: [0] | True: 0 | Time: 0.0016s
Record 902/1000 | Predicted: [0] | True: 0 | Time: 0.0015s
Record 903/1000 | Predicted: [0] | True: 0 | Time: 0.0015s
Record 904/1000 | Predicted: [0] | True: 0 | Time: 0.0016s
Record 905/1000 | Predicted: [1] | True: 1 | Time: 0.0015s
Record 906/1000 | Predicted: [0] | True: 0 | Time: 0.0015s
Record 907/1000 | Predicted: [0] | True: 0 | Time: 0.0015s
Record 908/1000 | Predicted: [1] | True: 1 | Time: 0.0015s
Record 909/1000 | Predicted: [0] | True: 0 | Time: 0.0015s
Record 910/1000 | Predicted: [0] | True: 0 | Time: 0.0015s
Record 911/1000 | Predicted: [0] | True: 0 | Time: 0.0015s
Record 912/1000 | Predicted: [0] | True: 0 | Time: 0.0015s
Record 913/1000 | Predicted: [0] | True: 0 | Time: 0.0016s
Record 914/1000 | Predicted: [0] | True: 1 | Time: 0.0015s
Record 915/1000 | Predicted: [0] | True: 1 | Time: 0.0015s
Record 916/1000 | Predicted: [0] | True: 1 | Time: 0.0015s
Record 917/1000 | Predicted: [1] | True: 1 | Time: 0.0015s
Record 918/1000 | Predicted: [0] | True: 0 | Time: 0.0016s
Record 919/1000 | Predicted: [0] | True: 0 | Time: 0.0015s
Record 920/1000 | Predicted: [0] | True: 0 | Time: 0.0016s
Record 921/1000 | Predicted: [0] | True: 1 | Time: 0.0015s
Record 922/1000 | Predicted: [0] | True: 0 | Time: 0.0015s
Record 923/1000 | Predicted: [0] | True: 0 | Time: 0.0015s
Record 924/1000 | Predicted: [0] | True: 0 | Time: 0.0015s
Record 925/1000 | Predicted: [0] | True: 0 | Time: 0.0016s
Record 926/1000 | Predicted: [0] | True: 0 | Time: 0.0015s
Record 927/1000 | Predicted: [0] | True: 0 | Time: 0.0016s
Record 928/1000 | Predicted: [0] | True: 1 | Time: 0.0015s
Record 929/1000 | Predicted: [0] | True: 0 | Time: 0.0016s
Record 930/1000 | Predicted: [0] | True: 0 | Time: 0.0015s
Record 931/1000 | Predicted: [0] | True: 0 | Time: 0.0015s
Record 932/1000 | Predicted: [0] | True: 1 | Time: 0.0016s
Record 933/1000 | Predicted: [0] | True: 0 | Time: 0.0015s
Record 934/1000 | Predicted: [0] | True: 0 | Time: 0.0015s
Record 935/1000 | Predicted: [0] | True: 0 | Time: 0.0016s
Record 936/1000 | Predicted: [0] | True: 0 | Time: 0.0016s
Record 937/1000 | Predicted: [0] | True: 1 | Time: 0.0015s
Record 938/1000 | Predicted: [0] | True: 0 | Time: 0.0015s
Record 939/1000 | Predicted: [0] | True: 1 | Time: 0.0014s
Record 940/1000 | Predicted: [0] | True: 0 | Time: 0.0015s
Record 941/1000 | Predicted: [0] | True: 0 | Time: 0.0016s
Record 942/1000 | Predicted: [0] | True: 0 | Time: 0.0015s
Record 943/1000 | Predicted: [1] | True: 1 | Time: 0.0015s
Record 944/1000 | Predicted: [1] | True: 0 | Time: 0.0015s
Record 945/1000 | Predicted: [0] | True: 0 | Time: 0.0015s
Record 946/1000 | Predicted: [0] | True: 0 | Time: 0.0015s
Record 947/1000 | Predicted: [0] | True: 1 | Time: 0.0015s
Record 948/1000 | Predicted: [0] | True: 0 | Time: 0.0016s
Record 949/1000 | Predicted: [0] | True: 0 | Time: 0.0015s
Record 950/1000 | Predicted: [1] | True: 1 | Time: 0.0016s
Record 951/1000 | Predicted: [0] | True: 0 | Time: 0.0015s
Record 952/1000 | Predicted: [0] | True: 0 | Time: 0.0016s
Record 953/1000 | Predicted: [0] | True: 0 | Time: 0.0015s
Record 954/1000 | Predicted: [0] | True: 0 | Time: 0.0015s
Record 955/1000 | Predicted: [0] | True: 0 | Time: 0.0016s
Record 956/1000 | Predicted: [0] | True: 0 | Time: 0.0015s
Record 957/1000 | Predicted: [0] | True: 0 | Time: 0.0016s
Record 958/1000 | Predicted: [0] | True: 0 | Time: 0.0015s
Record 959/1000 | Predicted: [1] | True: 1 | Time: 0.0015s
Record 960/1000 | Predicted: [0] | True: 0 | Time: 0.0015s
Record 961/1000 | Predicted: [0] | True: 0 | Time: 0.0015s
Record 962/1000 | Predicted: [0] | True: 0 | Time: 0.0016s
Record 963/1000 | Predicted: [0] | True: 0 | Time: 0.0015s
Record 964/1000 | Predicted: [0] | True: 0 | Time: 0.0015s
Record 965/1000 | Predicted: [0] | True: 0 | Time: 0.0015s
Record 966/1000 | Predicted: [0] | True: 0 | Time: 0.0015s
Record 967/1000 | Predicted: [0] | True: 0 | Time: 0.0015s
Record 968/1000 | Predicted: [0] | True: 0 | Time: 0.0015s
Record 969/1000 | Predicted: [0] | True: 0 | Time: 0.0015s
Record 970/1000 | Predicted: [0] | True: 0 | Time: 0.0015s
Record 971/1000 | Predicted: [0] | True: 0 | Time: 0.0015s
Record 972/1000 | Predicted: [0] | True: 0 | Time: 0.0015s
Record 973/1000 | Predicted: [0] | True: 0 | Time: 0.0016s
Record 974/1000 | Predicted: [1] | True: 0 | Time: 0.0015s
Record 975/1000 | Predicted: [0] | True: 0 | Time: 0.0015s
Record 976/1000 | Predicted: [1] | True: 1 | Time: 0.0015s
Record 977/1000 | Predicted: [1] | True: 1 | Time: 0.0015s
Record 978/1000 | Predicted: [0] | True: 0 | Time: 0.0016s
Record 979/1000 | Predicted: [0] | True: 0 | Time: 0.0015s
Record 980/1000 | Predicted: [0] | True: 0 | Time: 0.0015s
Record 981/1000 | Predicted: [0] | True: 0 | Time: 0.0015s
Record 982/1000 | Predicted: [1] | True: 1 | Time: 0.0015s
Record 983/1000 | Predicted: [0] | True: 0 | Time: 0.0015s
Record 984/1000 | Predicted: [0] | True: 0 | Time: 0.0015s
Record 985/1000 | Predicted: [0] | True: 0 | Time: 0.0015s
Record 986/1000 | Predicted: [0] | True: 0 | Time: 0.0015s
Record 987/1000 | Predicted: [0] | True: 0 | Time: 0.0015s
Record 988/1000 | Predicted: [0] | True: 0 | Time: 0.0015s
Record 989/1000 | Predicted: [0] | True: 0 | Time: 0.0015s
Record 990/1000 | Predicted: [1] | True: 0 | Time: 0.0015s
Record 991/1000 | Predicted: [0] | True: 0 | Time: 0.0014s
Record 992/1000 | Predicted: [0] | True: 0 | Time: 0.0016s
Record 993/1000 | Predicted: [0] | True: 0 | Time: 0.0015s
Record 994/1000 | Predicted: [0] | True: 0 | Time: 0.0016s
Record 995/1000 | Predicted: [0] | True: 0 | Time: 0.0015s
Record 996/1000 | Predicted: [0] | True: 0 | Time: 0.0016s
Record 997/1000 | Predicted: [0] | True: 0 | Time: 0.0015s
Record 998/1000 | Predicted: [0] | True: 0 | Time: 0.0015s
Record 999/1000 | Predicted: [0] | True: 0 | Time: 0.0015s
Record 1000/1000 | Predicted: [0] | True: 0 | Time: 0.0015s

[STEP 4] Calculating final statistics...
[LOG] Current time: 2025-08-15 18:49:25 -03-0300

==================== INFERENCE SUMMARY ====================
Total records processed: 1000
   Total inference time: 1.4891 seconds
Mean inference time/record: 0.0015 seconds
=============================================================

[LOG] Current time: 2025-08-15 18:49:25 -03-0300
--- FHE Prediction with Before & After Comparison ---

[STEP 1] Loading pre-compiled FHE circuit and preprocessor...

[STEP 2] Preparing and inspecting data on the CLIENT-SIDE before encryption...

[STEP 3] Processing all records...
Record 1/1000 | Predicted: 0 | True: 0 | Time: 0.9231s
Record 2/1000 | Predicted: 0 | True: 0 | Time: 0.9341s
Record 3/1000 | Predicted: 0 | True: 0 | Time: 0.9120s
Record 4/1000 | Predicted: 0 | True: 0 | Time: 0.9333s
Record 5/1000 | Predicted: 0 | True: 0 | Time: 0.9114s
Record 6/1000 | Predicted: 0 | True: 0 | Time: 0.9352s
Record 7/1000 | Predicted: 0 | True: 0 | Time: 0.9556s
Record 8/1000 | Predicted: 1 | True: 1 | Time: 0.9479s
Record 9/1000 | Predicted: 1 | True: 1 | Time: 0.9438s
Record 10/1000 | Predicted: 0 | True: 0 | Time: 0.9480s
Record 11/1000 | Predicted: 1 | True: 1 | Time: 0.9445s
Record 12/1000 | Predicted: 0 | True: 0 | Time: 0.9615s
Record 13/1000 | Predicted: 0 | True: 0 | Time: 0.9628s
Record 14/1000 | Predicted: 0 | True: 0 | Time: 0.9496s
Record 15/1000 | Predicted: 1 | True: 0 | Time: 0.9552s
Record 16/1000 | Predicted: 1 | True: 1 | Time: 0.9646s
Record 17/1000 | Predicted: 1 | True: 1 | Time: 0.9780s
Record 18/1000 | Predicted: 0 | True: 0 | Time: 0.9633s
Record 19/1000 | Predicted: 0 | True: 0 | Time: 0.9472s
Record 20/1000 | Predicted: 0 | True: 1 | Time: 0.9991s
Record 21/1000 | Predicted: 0 | True: 0 | Time: 0.9445s
Record 22/1000 | Predicted: 0 | True: 0 | Time: 0.9615s
Record 23/1000 | Predicted: 0 | True: 0 | Time: 0.9459s
Record 24/1000 | Predicted: 0 | True: 1 | Time: 0.9368s
Record 25/1000 | Predicted: 0 | True: 0 | Time: 0.9343s
Record 26/1000 | Predicted: 0 | True: 0 | Time: 0.9333s
Record 27/1000 | Predicted: 0 | True: 0 | Time: 0.9355s
Record 28/1000 | Predicted: 0 | True: 0 | Time: 0.9411s
Record 29/1000 | Predicted: 1 | True: 1 | Time: 0.9269s
Record 30/1000 | Predicted: 1 | True: 1 | Time: 0.9293s
Record 31/1000 | Predicted: 0 | True: 0 | Time: 0.9407s
Record 32/1000 | Predicted: 0 | True: 0 | Time: 0.9603s
Record 33/1000 | Predicted: 0 | True: 0 | Time: 0.9301s
Record 34/1000 | Predicted: 0 | True: 0 | Time: 0.9337s
Record 35/1000 | Predicted: 0 | True: 0 | Time: 0.9369s
Record 36/1000 | Predicted: 1 | True: 0 | Time: 0.9467s
Record 37/1000 | Predicted: 1 | True: 0 | Time: 0.9395s
Record 38/1000 | Predicted: 0 | True: 0 | Time: 0.9849s
Record 39/1000 | Predicted: 0 | True: 0 | Time: 1.0023s
Record 40/1000 | Predicted: 0 | True: 0 | Time: 0.9689s
Record 41/1000 | Predicted: 0 | True: 0 | Time: 0.9649s
Record 42/1000 | Predicted: 0 | True: 0 | Time: 0.9512s
Record 43/1000 | Predicted: 1 | True: 1 | Time: 0.9471s
Record 44/1000 | Predicted: 0 | True: 0 | Time: 0.9298s
Record 45/1000 | Predicted: 0 | True: 0 | Time: 0.9852s
Record 46/1000 | Predicted: 0 | True: 0 | Time: 0.9525s
Record 47/1000 | Predicted: 0 | True: 0 | Time: 0.9343s
Record 48/1000 | Predicted: 0 | True: 0 | Time: 0.9646s
Record 49/1000 | Predicted: 0 | True: 0 | Time: 0.9602s
Record 50/1000 | Predicted: 0 | True: 0 | Time: 0.9495s
Record 51/1000 | Predicted: 0 | True: 0 | Time: 0.9729s
Record 52/1000 | Predicted: 0 | True: 0 | Time: 0.9783s
Record 53/1000 | Predicted: 0 | True: 0 | Time: 0.9290s
Record 54/1000 | Predicted: 0 | True: 0 | Time: 0.9472s
Record 55/1000 | Predicted: 0 | True: 0 | Time: 0.9167s
Record 56/1000 | Predicted: 0 | True: 0 | Time: 0.9605s
Record 57/1000 | Predicted: 1 | True: 1 | Time: 0.9553s
Record 58/1000 | Predicted: 0 | True: 0 | Time: 0.9215s
Record 59/1000 | Predicted: 0 | True: 0 | Time: 0.9460s
Record 60/1000 | Predicted: 0 | True: 0 | Time: 0.9505s
Record 61/1000 | Predicted: 0 | True: 0 | Time: 0.9499s
Record 62/1000 | Predicted: 0 | True: 0 | Time: 0.9590s
Record 63/1000 | Predicted: 0 | True: 1 | Time: 0.9645s
Record 64/1000 | Predicted: 0 | True: 0 | Time: 0.9836s
Record 65/1000 | Predicted: 0 | True: 0 | Time: 0.9445s
Record 66/1000 | Predicted: 0 | True: 0 | Time: 0.9466s
Record 67/1000 | Predicted: 0 | True: 1 | Time: 0.9467s
Record 68/1000 | Predicted: 0 | True: 0 | Time: 0.9429s
Record 69/1000 | Predicted: 0 | True: 0 | Time: 0.9684s
Record 70/1000 | Predicted: 0 | True: 0 | Time: 0.9412s
Record 71/1000 | Predicted: 1 | True: 0 | Time: 0.9668s
Record 72/1000 | Predicted: 0 | True: 0 | Time: 0.9459s
Record 73/1000 | Predicted: 0 | True: 0 | Time: 0.9538s
Record 74/1000 | Predicted: 1 | True: 0 | Time: 0.9353s
Record 75/1000 | Predicted: 0 | True: 0 | Time: 0.9285s
Record 76/1000 | Predicted: 0 | True: 0 | Time: 0.9631s
Record 77/1000 | Predicted: 0 | True: 0 | Time: 0.9578s
Record 78/1000 | Predicted: 0 | True: 0 | Time: 0.9530s
Record 79/1000 | Predicted: 0 | True: 0 | Time: 0.9270s
Record 80/1000 | Predicted: 0 | True: 0 | Time: 0.9423s
Record 81/1000 | Predicted: 0 | True: 0 | Time: 0.9314s
Record 82/1000 | Predicted: 0 | True: 0 | Time: 0.9131s
Record 83/1000 | Predicted: 0 | True: 0 | Time: 0.9527s
Record 84/1000 | Predicted: 0 | True: 0 | Time: 0.9414s
Record 85/1000 | Predicted: 0 | True: 0 | Time: 0.9371s
Record 86/1000 | Predicted: 0 | True: 0 | Time: 0.9440s
Record 87/1000 | Predicted: 1 | True: 1 | Time: 0.9366s
Record 88/1000 | Predicted: 0 | True: 0 | Time: 0.9471s
Record 89/1000 | Predicted: 0 | True: 0 | Time: 0.9210s
Record 90/1000 | Predicted: 1 | True: 1 | Time: 0.9377s
Record 91/1000 | Predicted: 0 | True: 0 | Time: 0.9504s
Record 92/1000 | Predicted: 1 | True: 1 | Time: 0.9623s
Record 93/1000 | Predicted: 0 | True: 0 | Time: 0.9385s
Record 94/1000 | Predicted: 0 | True: 0 | Time: 0.9663s
Record 95/1000 | Predicted: 1 | True: 1 | Time: 0.9866s
Record 96/1000 | Predicted: 0 | True: 0 | Time: 0.9208s
Record 97/1000 | Predicted: 0 | True: 0 | Time: 0.9253s
Record 98/1000 | Predicted: 0 | True: 0 | Time: 0.9566s
Record 99/1000 | Predicted: 1 | True: 1 | Time: 0.9527s
Record 100/1000 | Predicted: 0 | True: 0 | Time: 0.9764s
Record 101/1000 | Predicted: 1 | True: 1 | Time: 0.9215s
Record 102/1000 | Predicted: 0 | True: 0 | Time: 0.9434s
Record 103/1000 | Predicted: 0 | True: 0 | Time: 0.9358s
Record 104/1000 | Predicted: 0 | True: 0 | Time: 0.9637s
Record 105/1000 | Predicted: 0 | True: 0 | Time: 0.9309s
Record 106/1000 | Predicted: 0 | True: 0 | Time: 0.9639s
Record 107/1000 | Predicted: 1 | True: 0 | Time: 0.9276s
Record 108/1000 | Predicted: 0 | True: 0 | Time: 0.9430s
Record 109/1000 | Predicted: 0 | True: 0 | Time: 0.9472s
Record 110/1000 | Predicted: 0 | True: 0 | Time: 0.9522s
Record 111/1000 | Predicted: 0 | True: 0 | Time: 0.9573s
Record 112/1000 | Predicted: 0 | True: 0 | Time: 0.9392s
Record 113/1000 | Predicted: 0 | True: 0 | Time: 0.9514s
Record 114/1000 | Predicted: 0 | True: 0 | Time: 0.9211s
Record 115/1000 | Predicted: 1 | True: 1 | Time: 0.9492s
Record 116/1000 | Predicted: 0 | True: 0 | Time: 0.9448s
Record 117/1000 | Predicted: 0 | True: 0 | Time: 0.9778s
Record 118/1000 | Predicted: 0 | True: 0 | Time: 0.9615s
Record 119/1000 | Predicted: 1 | True: 1 | Time: 0.9298s
Record 120/1000 | Predicted: 1 | True: 1 | Time: 0.9434s
Record 121/1000 | Predicted: 1 | True: 0 | Time: 0.9637s
Record 122/1000 | Predicted: 0 | True: 0 | Time: 0.9644s
Record 123/1000 | Predicted: 0 | True: 0 | Time: 0.9450s
Record 124/1000 | Predicted: 0 | True: 0 | Time: 0.9409s
Record 125/1000 | Predicted: 0 | True: 0 | Time: 0.9710s
Record 126/1000 | Predicted: 0 | True: 0 | Time: 0.9713s
Record 127/1000 | Predicted: 0 | True: 0 | Time: 0.9640s
Record 128/1000 | Predicted: 0 | True: 0 | Time: 0.9102s
Record 129/1000 | Predicted: 0 | True: 0 | Time: 0.9523s
Record 130/1000 | Predicted: 0 | True: 1 | Time: 0.9393s
Record 131/1000 | Predicted: 0 | True: 0 | Time: 0.9454s
Record 132/1000 | Predicted: 0 | True: 0 | Time: 0.9434s
Record 133/1000 | Predicted: 1 | True: 0 | Time: 0.9174s
Record 134/1000 | Predicted: 0 | True: 0 | Time: 0.9514s
Record 135/1000 | Predicted: 1 | True: 0 | Time: 0.9484s
Record 136/1000 | Predicted: 1 | True: 1 | Time: 0.9469s
Record 137/1000 | Predicted: 1 | True: 1 | Time: 0.9588s
Record 138/1000 | Predicted: 0 | True: 1 | Time: 0.9470s
Record 139/1000 | Predicted: 0 | True: 0 | Time: 0.9471s
Record 140/1000 | Predicted: 1 | True: 1 | Time: 0.9235s
Record 141/1000 | Predicted: 0 | True: 0 | Time: 0.9345s
Record 142/1000 | Predicted: 0 | True: 0 | Time: 0.9460s
Record 143/1000 | Predicted: 0 | True: 0 | Time: 0.9599s
Record 144/1000 | Predicted: 1 | True: 1 | Time: 0.9586s
Record 145/1000 | Predicted: 1 | True: 0 | Time: 0.9443s
Record 146/1000 | Predicted: 0 | True: 0 | Time: 0.9413s
Record 147/1000 | Predicted: 0 | True: 0 | Time: 0.9558s
Record 148/1000 | Predicted: 0 | True: 0 | Time: 0.9263s
Record 149/1000 | Predicted: 0 | True: 0 | Time: 0.9521s
Record 150/1000 | Predicted: 0 | True: 0 | Time: 0.9576s
Record 151/1000 | Predicted: 0 | True: 0 | Time: 0.9349s
Record 152/1000 | Predicted: 0 | True: 0 | Time: 0.9293s
Record 153/1000 | Predicted: 0 | True: 1 | Time: 0.9519s
Record 154/1000 | Predicted: 0 | True: 0 | Time: 0.9624s
Record 155/1000 | Predicted: 0 | True: 0 | Time: 0.9404s
Record 156/1000 | Predicted: 1 | True: 1 | Time: 0.9465s
Record 157/1000 | Predicted: 0 | True: 0 | Time: 0.9236s
Record 158/1000 | Predicted: 0 | True: 0 | Time: 0.9241s
Record 159/1000 | Predicted: 1 | True: 1 | Time: 0.9454s
Record 160/1000 | Predicted: 0 | True: 0 | Time: 0.9488s
Record 161/1000 | Predicted: 0 | True: 0 | Time: 0.9468s
Record 162/1000 | Predicted: 0 | True: 0 | Time: 0.9267s
Record 163/1000 | Predicted: 0 | True: 0 | Time: 0.9223s
Record 164/1000 | Predicted: 0 | True: 0 | Time: 0.9240s
Record 165/1000 | Predicted: 0 | True: 0 | Time: 0.9557s
Record 166/1000 | Predicted: 0 | True: 0 | Time: 0.9441s
Record 167/1000 | Predicted: 0 | True: 0 | Time: 0.9366s
Record 168/1000 | Predicted: 0 | True: 0 | Time: 0.9638s
Record 169/1000 | Predicted: 0 | True: 0 | Time: 0.9543s
Record 170/1000 | Predicted: 0 | True: 0 | Time: 0.9238s
Record 171/1000 | Predicted: 1 | True: 0 | Time: 0.9448s
Record 172/1000 | Predicted: 0 | True: 0 | Time: 0.9356s
Record 173/1000 | Predicted: 0 | True: 0 | Time: 0.9415s
Record 174/1000 | Predicted: 1 | True: 0 | Time: 0.9638s
Record 175/1000 | Predicted: 0 | True: 0 | Time: 0.9204s
Record 176/1000 | Predicted: 0 | True: 0 | Time: 0.9745s
Record 177/1000 | Predicted: 0 | True: 0 | Time: 0.9626s
Record 178/1000 | Predicted: 0 | True: 1 | Time: 0.9742s
Record 179/1000 | Predicted: 1 | True: 0 | Time: 0.9429s
Record 180/1000 | Predicted: 0 | True: 1 | Time: 0.9392s
Record 181/1000 | Predicted: 0 | True: 0 | Time: 0.9418s
Record 182/1000 | Predicted: 1 | True: 1 | Time: 0.9221s
Record 183/1000 | Predicted: 0 | True: 0 | Time: 0.9609s
Record 184/1000 | Predicted: 0 | True: 0 | Time: 0.9519s
Record 185/1000 | Predicted: 0 | True: 0 | Time: 0.9376s
Record 186/1000 | Predicted: 0 | True: 0 | Time: 0.9518s
Record 187/1000 | Predicted: 0 | True: 0 | Time: 0.9594s
Record 188/1000 | Predicted: 0 | True: 0 | Time: 0.9426s
Record 189/1000 | Predicted: 1 | True: 1 | Time: 0.9628s
Record 190/1000 | Predicted: 0 | True: 0 | Time: 0.9412s
Record 191/1000 | Predicted: 1 | True: 0 | Time: 0.9498s
Record 192/1000 | Predicted: 0 | True: 0 | Time: 0.9282s
Record 193/1000 | Predicted: 1 | True: 1 | Time: 0.9256s
Record 194/1000 | Predicted: 0 | True: 1 | Time: 0.9841s
Record 195/1000 | Predicted: 0 | True: 0 | Time: 0.9736s
Record 196/1000 | Predicted: 0 | True: 0 | Time: 0.9115s
Record 197/1000 | Predicted: 0 | True: 0 | Time: 0.9241s
Record 198/1000 | Predicted: 0 | True: 0 | Time: 0.9494s
Record 199/1000 | Predicted: 0 | True: 1 | Time: 0.9506s
Record 200/1000 | Predicted: 0 | True: 0 | Time: 0.9464s
Record 201/1000 | Predicted: 0 | True: 0 | Time: 0.9312s
Record 202/1000 | Predicted: 0 | True: 0 | Time: 0.9488s
Record 203/1000 | Predicted: 0 | True: 0 | Time: 0.9548s
Record 204/1000 | Predicted: 0 | True: 0 | Time: 0.9270s
Record 205/1000 | Predicted: 0 | True: 0 | Time: 0.9267s
Record 206/1000 | Predicted: 0 | True: 0 | Time: 0.9348s
Record 207/1000 | Predicted: 0 | True: 1 | Time: 0.9441s
Record 208/1000 | Predicted: 0 | True: 0 | Time: 0.9609s
Record 209/1000 | Predicted: 0 | True: 0 | Time: 0.9683s
Record 210/1000 | Predicted: 1 | True: 1 | Time: 0.9473s
Record 211/1000 | Predicted: 0 | True: 0 | Time: 0.9250s
Record 212/1000 | Predicted: 0 | True: 1 | Time: 0.9535s
Record 213/1000 | Predicted: 1 | True: 0 | Time: 0.9653s
Record 214/1000 | Predicted: 0 | True: 0 | Time: 0.9423s
Record 215/1000 | Predicted: 0 | True: 0 | Time: 0.9259s
Record 216/1000 | Predicted: 0 | True: 0 | Time: 0.9330s
Record 217/1000 | Predicted: 0 | True: 0 | Time: 0.9351s
Record 218/1000 | Predicted: 1 | True: 1 | Time: 0.9145s
Record 219/1000 | Predicted: 0 | True: 0 | Time: 0.9522s
Record 220/1000 | Predicted: 0 | True: 0 | Time: 0.9363s
Record 221/1000 | Predicted: 0 | True: 0 | Time: 0.9480s
Record 222/1000 | Predicted: 0 | True: 0 | Time: 0.9609s
Record 223/1000 | Predicted: 0 | True: 0 | Time: 0.9262s
Record 224/1000 | Predicted: 1 | True: 1 | Time: 0.9332s
Record 225/1000 | Predicted: 0 | True: 0 | Time: 0.9550s
Record 226/1000 | Predicted: 1 | True: 1 | Time: 0.9516s
Record 227/1000 | Predicted: 0 | True: 1 | Time: 0.9285s
Record 228/1000 | Predicted: 1 | True: 1 | Time: 0.9212s
Record 229/1000 | Predicted: 0 | True: 0 | Time: 0.9398s
Record 230/1000 | Predicted: 0 | True: 0 | Time: 0.9283s
Record 231/1000 | Predicted: 0 | True: 0 | Time: 0.9048s
Record 232/1000 | Predicted: 0 | True: 0 | Time: 0.9297s
Record 233/1000 | Predicted: 0 | True: 0 | Time: 0.9556s
Record 234/1000 | Predicted: 0 | True: 0 | Time: 0.9262s
Record 235/1000 | Predicted: 1 | True: 1 | Time: 0.9381s
Record 236/1000 | Predicted: 0 | True: 0 | Time: 0.9236s
Record 237/1000 | Predicted: 0 | True: 0 | Time: 0.9366s
Record 238/1000 | Predicted: 0 | True: 0 | Time: 0.9519s
Record 239/1000 | Predicted: 0 | True: 1 | Time: 0.9264s
Record 240/1000 | Predicted: 0 | True: 0 | Time: 0.9069s
Record 241/1000 | Predicted: 0 | True: 1 | Time: 0.9230s
Record 242/1000 | Predicted: 0 | True: 0 | Time: 0.9503s
Record 243/1000 | Predicted: 0 | True: 0 | Time: 0.9632s
Record 244/1000 | Predicted: 0 | True: 0 | Time: 0.9291s
Record 245/1000 | Predicted: 0 | True: 0 | Time: 0.9356s
Record 246/1000 | Predicted: 1 | True: 1 | Time: 0.9461s
Record 247/1000 | Predicted: 0 | True: 0 | Time: 0.9388s
Record 248/1000 | Predicted: 0 | True: 0 | Time: 0.9420s
Record 249/1000 | Predicted: 0 | True: 0 | Time: 0.9355s
Record 250/1000 | Predicted: 0 | True: 0 | Time: 0.9766s
Record 251/1000 | Predicted: 0 | True: 0 | Time: 0.9461s
Record 252/1000 | Predicted: 1 | True: 1 | Time: 0.9662s
Record 253/1000 | Predicted: 0 | True: 0 | Time: 0.9656s
Record 254/1000 | Predicted: 0 | True: 0 | Time: 0.9256s
Record 255/1000 | Predicted: 0 | True: 0 | Time: 0.9450s
Record 256/1000 | Predicted: 0 | True: 0 | Time: 0.9847s
Record 257/1000 | Predicted: 0 | True: 0 | Time: 0.9534s
Record 258/1000 | Predicted: 1 | True: 1 | Time: 0.9425s
Record 259/1000 | Predicted: 0 | True: 1 | Time: 0.9342s
Record 260/1000 | Predicted: 0 | True: 0 | Time: 0.9578s
Record 261/1000 | Predicted: 0 | True: 0 | Time: 0.9628s
Record 262/1000 | Predicted: 0 | True: 0 | Time: 0.9073s
Record 263/1000 | Predicted: 0 | True: 0 | Time: 0.9437s
Record 264/1000 | Predicted: 0 | True: 0 | Time: 0.9748s
Record 265/1000 | Predicted: 0 | True: 0 | Time: 0.9515s
Record 266/1000 | Predicted: 0 | True: 0 | Time: 0.9341s
Record 267/1000 | Predicted: 0 | True: 1 | Time: 0.9646s
Record 268/1000 | Predicted: 0 | True: 0 | Time: 0.9415s
Record 269/1000 | Predicted: 0 | True: 0 | Time: 0.9489s
Record 270/1000 | Predicted: 0 | True: 1 | Time: 0.9507s
Record 271/1000 | Predicted: 0 | True: 0 | Time: 0.9262s
Record 272/1000 | Predicted: 0 | True: 0 | Time: 0.9743s
Record 273/1000 | Predicted: 1 | True: 1 | Time: 0.9604s
Record 274/1000 | Predicted: 1 | True: 1 | Time: 0.9795s
Record 275/1000 | Predicted: 0 | True: 0 | Time: 0.9239s
Record 276/1000 | Predicted: 0 | True: 1 | Time: 0.9467s
Record 277/1000 | Predicted: 0 | True: 0 | Time: 0.9809s
Record 278/1000 | Predicted: 0 | True: 0 | Time: 0.9520s
Record 279/1000 | Predicted: 0 | True: 0 | Time: 0.9536s
Record 280/1000 | Predicted: 0 | True: 0 | Time: 0.9459s
Record 281/1000 | Predicted: 0 | True: 0 | Time: 0.9501s
Record 282/1000 | Predicted: 0 | True: 0 | Time: 0.9400s
Record 283/1000 | Predicted: 0 | True: 0 | Time: 0.9473s
Record 284/1000 | Predicted: 0 | True: 0 | Time: 0.9529s
Record 285/1000 | Predicted: 1 | True: 0 | Time: 0.9314s
Record 286/1000 | Predicted: 0 | True: 0 | Time: 0.9692s
Record 287/1000 | Predicted: 0 | True: 0 | Time: 0.9411s
Record 288/1000 | Predicted: 1 | True: 0 | Time: 0.9073s
Record 289/1000 | Predicted: 1 | True: 1 | Time: 0.9045s
Record 290/1000 | Predicted: 0 | True: 0 | Time: 0.9179s
Record 291/1000 | Predicted: 0 | True: 0 | Time: 0.9067s
Record 292/1000 | Predicted: 0 | True: 0 | Time: 0.9267s
Record 293/1000 | Predicted: 1 | True: 1 | Time: 0.9773s
Record 294/1000 | Predicted: 0 | True: 0 | Time: 0.9273s
Record 295/1000 | Predicted: 0 | True: 0 | Time: 0.9499s
Record 296/1000 | Predicted: 0 | True: 0 | Time: 0.9558s
Record 297/1000 | Predicted: 0 | True: 0 | Time: 0.9450s
Record 298/1000 | Predicted: 1 | True: 1 | Time: 0.9411s
Record 299/1000 | Predicted: 0 | True: 0 | Time: 0.9769s
Record 300/1000 | Predicted: 1 | True: 0 | Time: 0.9796s
Record 301/1000 | Predicted: 0 | True: 0 | Time: 0.9494s
Record 302/1000 | Predicted: 0 | True: 0 | Time: 0.9563s
Record 303/1000 | Predicted: 0 | True: 0 | Time: 0.9617s
Record 304/1000 | Predicted: 0 | True: 0 | Time: 0.9338s
Record 305/1000 | Predicted: 0 | True: 0 | Time: 0.9195s
Record 306/1000 | Predicted: 0 | True: 0 | Time: 0.9075s
Record 307/1000 | Predicted: 0 | True: 0 | Time: 0.9309s
Record 308/1000 | Predicted: 0 | True: 0 | Time: 0.9420s
Record 309/1000 | Predicted: 0 | True: 0 | Time: 0.9365s
Record 310/1000 | Predicted: 0 | True: 0 | Time: 0.9185s
Record 311/1000 | Predicted: 0 | True: 0 | Time: 0.9209s
Record 312/1000 | Predicted: 1 | True: 0 | Time: 0.9572s
Record 313/1000 | Predicted: 0 | True: 0 | Time: 0.9450s
Record 314/1000 | Predicted: 0 | True: 1 | Time: 0.9650s
Record 315/1000 | Predicted: 0 | True: 0 | Time: 0.9602s
Record 316/1000 | Predicted: 0 | True: 1 | Time: 0.9440s
Record 317/1000 | Predicted: 1 | True: 1 | Time: 0.9385s
Record 318/1000 | Predicted: 0 | True: 0 | Time: 0.9531s
Record 319/1000 | Predicted: 0 | True: 0 | Time: 0.9438s
Record 320/1000 | Predicted: 0 | True: 0 | Time: 0.9558s
Record 321/1000 | Predicted: 0 | True: 0 | Time: 0.9247s
Record 322/1000 | Predicted: 0 | True: 0 | Time: 0.9536s
Record 323/1000 | Predicted: 0 | True: 0 | Time: 0.9618s
Record 324/1000 | Predicted: 0 | True: 0 | Time: 0.9828s
Record 325/1000 | Predicted: 0 | True: 0 | Time: 0.9372s
Record 326/1000 | Predicted: 0 | True: 0 | Time: 0.9378s
Record 327/1000 | Predicted: 0 | True: 0 | Time: 0.9364s
Record 328/1000 | Predicted: 1 | True: 1 | Time: 0.9346s
Record 329/1000 | Predicted: 0 | True: 0 | Time: 0.9430s
Record 330/1000 | Predicted: 0 | True: 0 | Time: 0.9174s
Record 331/1000 | Predicted: 0 | True: 0 | Time: 0.9401s
Record 332/1000 | Predicted: 0 | True: 0 | Time: 0.9187s
Record 333/1000 | Predicted: 0 | True: 0 | Time: 0.9179s
Record 334/1000 | Predicted: 0 | True: 0 | Time: 0.9464s
Record 335/1000 | Predicted: 1 | True: 1 | Time: 0.9321s
Record 336/1000 | Predicted: 0 | True: 0 | Time: 0.9194s
Record 337/1000 | Predicted: 0 | True: 0 | Time: 0.9315s
Record 338/1000 | Predicted: 0 | True: 0 | Time: 0.9161s
Record 339/1000 | Predicted: 0 | True: 0 | Time: 0.9398s
Record 340/1000 | Predicted: 0 | True: 0 | Time: 0.9528s
Record 341/1000 | Predicted: 1 | True: 1 | Time: 0.9480s
Record 342/1000 | Predicted: 0 | True: 0 | Time: 0.9412s
Record 343/1000 | Predicted: 0 | True: 0 | Time: 0.9418s
Record 344/1000 | Predicted: 0 | True: 0 | Time: 0.9722s
Record 345/1000 | Predicted: 0 | True: 0 | Time: 0.9261s
Record 346/1000 | Predicted: 0 | True: 0 | Time: 0.9229s
Record 347/1000 | Predicted: 0 | True: 0 | Time: 0.9404s
Record 348/1000 | Predicted: 0 | True: 0 | Time: 0.9347s
Record 349/1000 | Predicted: 0 | True: 0 | Time: 0.9417s
Record 350/1000 | Predicted: 1 | True: 0 | Time: 0.9195s
Record 351/1000 | Predicted: 0 | True: 0 | Time: 0.9092s
Record 352/1000 | Predicted: 0 | True: 0 | Time: 0.9086s
Record 353/1000 | Predicted: 0 | True: 0 | Time: 0.9350s
Record 354/1000 | Predicted: 0 | True: 0 | Time: 0.9289s
Record 355/1000 | Predicted: 0 | True: 1 | Time: 0.9479s
Record 356/1000 | Predicted: 0 | True: 0 | Time: 0.9787s
Record 357/1000 | Predicted: 0 | True: 0 | Time: 0.9580s
Record 358/1000 | Predicted: 0 | True: 0 | Time: 0.9470s
Record 359/1000 | Predicted: 0 | True: 0 | Time: 0.9421s
Record 360/1000 | Predicted: 1 | True: 1 | Time: 0.9462s
Record 361/1000 | Predicted: 0 | True: 0 | Time: 0.9505s
Record 362/1000 | Predicted: 0 | True: 0 | Time: 0.9661s
Record 363/1000 | Predicted: 0 | True: 0 | Time: 0.9509s
Record 364/1000 | Predicted: 0 | True: 0 | Time: 0.9849s
Record 365/1000 | Predicted: 0 | True: 0 | Time: 0.9882s
Record 366/1000 | Predicted: 0 | True: 0 | Time: 0.9442s
Record 367/1000 | Predicted: 0 | True: 0 | Time: 0.9306s
Record 368/1000 | Predicted: 0 | True: 1 | Time: 0.9653s
Record 369/1000 | Predicted: 0 | True: 0 | Time: 0.9649s
Record 370/1000 | Predicted: 0 | True: 0 | Time: 0.9877s
Record 371/1000 | Predicted: 0 | True: 0 | Time: 0.9872s
Record 372/1000 | Predicted: 0 | True: 0 | Time: 0.9427s
Record 373/1000 | Predicted: 0 | True: 1 | Time: 0.9575s
Record 374/1000 | Predicted: 0 | True: 0 | Time: 0.9548s
Record 375/1000 | Predicted: 0 | True: 0 | Time: 0.9435s
Record 376/1000 | Predicted: 0 | True: 0 | Time: 0.9519s
Record 377/1000 | Predicted: 1 | True: 1 | Time: 0.9552s
Record 378/1000 | Predicted: 0 | True: 0 | Time: 0.9436s
Record 379/1000 | Predicted: 0 | True: 0 | Time: 0.9455s
Record 380/1000 | Predicted: 0 | True: 1 | Time: 0.9619s
Record 381/1000 | Predicted: 1 | True: 0 | Time: 0.9382s
Record 382/1000 | Predicted: 0 | True: 0 | Time: 0.9439s
Record 383/1000 | Predicted: 0 | True: 1 | Time: 1.0074s
Record 384/1000 | Predicted: 0 | True: 0 | Time: 0.9257s
Record 385/1000 | Predicted: 0 | True: 0 | Time: 0.9372s
Record 386/1000 | Predicted: 1 | True: 1 | Time: 0.9431s
Record 387/1000 | Predicted: 0 | True: 0 | Time: 0.9259s
Record 388/1000 | Predicted: 0 | True: 1 | Time: 0.9467s
Record 389/1000 | Predicted: 0 | True: 0 | Time: 0.9495s
Record 390/1000 | Predicted: 0 | True: 0 | Time: 0.9500s
Record 391/1000 | Predicted: 0 | True: 0 | Time: 0.9660s
Record 392/1000 | Predicted: 0 | True: 0 | Time: 0.9328s
Record 393/1000 | Predicted: 1 | True: 1 | Time: 0.9426s
Record 394/1000 | Predicted: 0 | True: 0 | Time: 0.9518s
Record 395/1000 | Predicted: 0 | True: 0 | Time: 0.9749s
Record 396/1000 | Predicted: 0 | True: 0 | Time: 0.9703s
Record 397/1000 | Predicted: 0 | True: 1 | Time: 0.9743s
Record 398/1000 | Predicted: 0 | True: 0 | Time: 0.9384s
Record 399/1000 | Predicted: 0 | True: 0 | Time: 0.9481s
Record 400/1000 | Predicted: 0 | True: 0 | Time: 0.9779s
Record 401/1000 | Predicted: 0 | True: 0 | Time: 0.9548s
Record 402/1000 | Predicted: 0 | True: 0 | Time: 0.9596s
Record 403/1000 | Predicted: 0 | True: 0 | Time: 0.9600s
Record 404/1000 | Predicted: 0 | True: 0 | Time: 0.9400s
Record 405/1000 | Predicted: 0 | True: 0 | Time: 0.9438s
Record 406/1000 | Predicted: 0 | True: 0 | Time: 0.9229s
Record 407/1000 | Predicted: 0 | True: 0 | Time: 0.9296s
Record 408/1000 | Predicted: 0 | True: 0 | Time: 0.9282s
Record 409/1000 | Predicted: 0 | True: 0 | Time: 0.9131s
Record 410/1000 | Predicted: 0 | True: 0 | Time: 0.9113s
Record 411/1000 | Predicted: 0 | True: 1 | Time: 0.9157s
Record 412/1000 | Predicted: 0 | True: 0 | Time: 0.9235s
Record 413/1000 | Predicted: 0 | True: 0 | Time: 0.9156s
Record 414/1000 | Predicted: 0 | True: 0 | Time: 0.9297s
Record 415/1000 | Predicted: 0 | True: 0 | Time: 0.9458s
Record 416/1000 | Predicted: 0 | True: 0 | Time: 0.9375s
Record 417/1000 | Predicted: 0 | True: 0 | Time: 0.9436s
Record 418/1000 | Predicted: 0 | True: 0 | Time: 0.9409s
Record 419/1000 | Predicted: 0 | True: 1 | Time: 0.9344s
Record 420/1000 | Predicted: 0 | True: 0 | Time: 0.9745s
Record 421/1000 | Predicted: 1 | True: 1 | Time: 0.9896s
Record 422/1000 | Predicted: 0 | True: 0 | Time: 0.9627s
Record 423/1000 | Predicted: 0 | True: 0 | Time: 0.9318s
Record 424/1000 | Predicted: 0 | True: 0 | Time: 0.9141s
Record 425/1000 | Predicted: 0 | True: 1 | Time: 0.9290s
Record 426/1000 | Predicted: 1 | True: 0 | Time: 0.9680s
Record 427/1000 | Predicted: 0 | True: 0 | Time: 0.9778s
Record 428/1000 | Predicted: 0 | True: 0 | Time: 0.9725s
Record 429/1000 | Predicted: 1 | True: 1 | Time: 0.9183s
Record 430/1000 | Predicted: 0 | True: 0 | Time: 0.9479s
Record 431/1000 | Predicted: 0 | True: 0 | Time: 0.9105s
Record 432/1000 | Predicted: 0 | True: 0 | Time: 0.9248s
Record 433/1000 | Predicted: 0 | True: 0 | Time: 0.9171s
Record 434/1000 | Predicted: 0 | True: 1 | Time: 0.9546s
Record 435/1000 | Predicted: 0 | True: 0 | Time: 0.9406s
Record 436/1000 | Predicted: 0 | True: 0 | Time: 0.9576s
Record 437/1000 | Predicted: 0 | True: 0 | Time: 0.9668s
Record 438/1000 | Predicted: 0 | True: 0 | Time: 0.9238s
Record 439/1000 | Predicted: 1 | True: 1 | Time: 0.9488s
Record 440/1000 | Predicted: 1 | True: 1 | Time: 0.9427s
Record 441/1000 | Predicted: 0 | True: 0 | Time: 0.9234s
Record 442/1000 | Predicted: 0 | True: 1 | Time: 0.9409s
Record 443/1000 | Predicted: 0 | True: 0 | Time: 0.9467s
Record 444/1000 | Predicted: 1 | True: 0 | Time: 0.9987s
Record 445/1000 | Predicted: 0 | True: 0 | Time: 0.9474s
Record 446/1000 | Predicted: 0 | True: 1 | Time: 0.9544s
Record 447/1000 | Predicted: 0 | True: 0 | Time: 0.9675s
Record 448/1000 | Predicted: 0 | True: 0 | Time: 0.9565s
Record 449/1000 | Predicted: 0 | True: 0 | Time: 0.9450s
Record 450/1000 | Predicted: 0 | True: 1 | Time: 0.9101s
Record 451/1000 | Predicted: 0 | True: 0 | Time: 0.9430s
Record 452/1000 | Predicted: 0 | True: 0 | Time: 0.9448s
Record 453/1000 | Predicted: 0 | True: 0 | Time: 0.9616s
Record 454/1000 | Predicted: 0 | True: 1 | Time: 0.9603s
Record 455/1000 | Predicted: 0 | True: 0 | Time: 0.9350s
Record 456/1000 | Predicted: 0 | True: 0 | Time: 0.9325s
Record 457/1000 | Predicted: 0 | True: 0 | Time: 0.9165s
Record 458/1000 | Predicted: 0 | True: 0 | Time: 0.9174s
Record 459/1000 | Predicted: 0 | True: 0 | Time: 0.9249s
Record 460/1000 | Predicted: 1 | True: 0 | Time: 0.9445s
Record 461/1000 | Predicted: 0 | True: 0 | Time: 0.9381s
Record 462/1000 | Predicted: 0 | True: 0 | Time: 0.9552s
Record 463/1000 | Predicted: 0 | True: 0 | Time: 0.9281s
Record 464/1000 | Predicted: 0 | True: 0 | Time: 0.9655s
Record 465/1000 | Predicted: 0 | True: 1 | Time: 0.9531s
Record 466/1000 | Predicted: 0 | True: 0 | Time: 0.9327s
Record 467/1000 | Predicted: 0 | True: 0 | Time: 0.9712s
Record 468/1000 | Predicted: 0 | True: 0 | Time: 0.9847s
Record 469/1000 | Predicted: 0 | True: 0 | Time: 0.9733s
Record 470/1000 | Predicted: 0 | True: 0 | Time: 0.9527s
Record 471/1000 | Predicted: 0 | True: 0 | Time: 0.9360s
Record 472/1000 | Predicted: 0 | True: 0 | Time: 0.9532s
Record 473/1000 | Predicted: 0 | True: 0 | Time: 0.9684s
Record 474/1000 | Predicted: 0 | True: 0 | Time: 0.9579s
Record 475/1000 | Predicted: 0 | True: 0 | Time: 0.9706s
Record 476/1000 | Predicted: 0 | True: 0 | Time: 0.9638s
Record 477/1000 | Predicted: 0 | True: 0 | Time: 0.9204s
Record 478/1000 | Predicted: 0 | True: 0 | Time: 0.9515s
Record 479/1000 | Predicted: 0 | True: 0 | Time: 0.9243s
Record 480/1000 | Predicted: 0 | True: 0 | Time: 0.9390s
Record 481/1000 | Predicted: 0 | True: 0 | Time: 0.9167s
Record 482/1000 | Predicted: 0 | True: 0 | Time: 0.9217s
Record 483/1000 | Predicted: 0 | True: 0 | Time: 0.9410s
Record 484/1000 | Predicted: 0 | True: 0 | Time: 0.9294s
Record 485/1000 | Predicted: 0 | True: 0 | Time: 0.9346s
Record 486/1000 | Predicted: 0 | True: 0 | Time: 0.9358s
Record 487/1000 | Predicted: 0 | True: 1 | Time: 0.9485s
Record 488/1000 | Predicted: 0 | True: 0 | Time: 0.9453s
Record 489/1000 | Predicted: 0 | True: 0 | Time: 0.9545s
Record 490/1000 | Predicted: 0 | True: 0 | Time: 0.9304s
Record 491/1000 | Predicted: 0 | True: 0 | Time: 0.9343s
Record 492/1000 | Predicted: 0 | True: 1 | Time: 0.9496s
Record 493/1000 | Predicted: 0 | True: 0 | Time: 0.9759s
Record 494/1000 | Predicted: 0 | True: 0 | Time: 0.9455s
Record 495/1000 | Predicted: 0 | True: 0 | Time: 0.9458s
Record 496/1000 | Predicted: 0 | True: 0 | Time: 0.9496s
Record 497/1000 | Predicted: 0 | True: 0 | Time: 0.9346s
Record 498/1000 | Predicted: 0 | True: 1 | Time: 0.9255s
Record 499/1000 | Predicted: 0 | True: 0 | Time: 0.9289s
Record 500/1000 | Predicted: 0 | True: 0 | Time: 0.9314s
Record 501/1000 | Predicted: 0 | True: 0 | Time: 0.9460s
Record 502/1000 | Predicted: 0 | True: 0 | Time: 0.9263s
Record 503/1000 | Predicted: 0 | True: 0 | Time: 0.9250s
Record 504/1000 | Predicted: 0 | True: 1 | Time: 0.9180s
Record 505/1000 | Predicted: 1 | True: 1 | Time: 0.9676s
Record 506/1000 | Predicted: 0 | True: 0 | Time: 0.9367s
Record 507/1000 | Predicted: 0 | True: 1 | Time: 0.9232s
Record 508/1000 | Predicted: 0 | True: 0 | Time: 0.9363s
Record 509/1000 | Predicted: 0 | True: 0 | Time: 0.9411s
Record 510/1000 | Predicted: 0 | True: 0 | Time: 0.9473s
Record 511/1000 | Predicted: 0 | True: 1 | Time: 0.9808s
Record 512/1000 | Predicted: 0 | True: 0 | Time: 0.9269s
Record 513/1000 | Predicted: 0 | True: 0 | Time: 0.9267s
Record 514/1000 | Predicted: 0 | True: 0 | Time: 0.9641s
Record 515/1000 | Predicted: 0 | True: 0 | Time: 0.9714s
Record 516/1000 | Predicted: 0 | True: 0 | Time: 0.9452s
Record 517/1000 | Predicted: 0 | True: 0 | Time: 0.9355s
Record 518/1000 | Predicted: 1 | True: 1 | Time: 0.9084s
Record 519/1000 | Predicted: 0 | True: 0 | Time: 0.9410s
Record 520/1000 | Predicted: 0 | True: 0 | Time: 0.9489s
Record 521/1000 | Predicted: 1 | True: 1 | Time: 0.9429s
Record 522/1000 | Predicted: 0 | True: 0 | Time: 0.9391s
Record 523/1000 | Predicted: 0 | True: 0 | Time: 0.9142s
Record 524/1000 | Predicted: 0 | True: 0 | Time: 0.9174s
Record 525/1000 | Predicted: 0 | True: 0 | Time: 0.9104s
Record 526/1000 | Predicted: 0 | True: 0 | Time: 0.9646s
Record 527/1000 | Predicted: 1 | True: 0 | Time: 0.9403s
Record 528/1000 | Predicted: 0 | True: 0 | Time: 0.9272s
Record 529/1000 | Predicted: 0 | True: 0 | Time: 0.9549s
Record 530/1000 | Predicted: 0 | True: 0 | Time: 0.9524s
Record 531/1000 | Predicted: 0 | True: 0 | Time: 0.9634s
Record 532/1000 | Predicted: 0 | True: 0 | Time: 0.9518s
Record 533/1000 | Predicted: 0 | True: 0 | Time: 0.9474s
Record 534/1000 | Predicted: 1 | True: 1 | Time: 0.9834s
Record 535/1000 | Predicted: 0 | True: 1 | Time: 0.9475s
Record 536/1000 | Predicted: 0 | True: 0 | Time: 0.9182s
Record 537/1000 | Predicted: 0 | True: 0 | Time: 0.9472s
Record 538/1000 | Predicted: 1 | True: 0 | Time: 0.9544s
Record 539/1000 | Predicted: 0 | True: 0 | Time: 0.9195s
Record 540/1000 | Predicted: 0 | True: 0 | Time: 0.9485s
Record 541/1000 | Predicted: 0 | True: 0 | Time: 0.9637s
Record 542/1000 | Predicted: 0 | True: 1 | Time: 0.9778s
Record 543/1000 | Predicted: 0 | True: 0 | Time: 0.9458s
Record 544/1000 | Predicted: 0 | True: 0 | Time: 0.9281s
Record 545/1000 | Predicted: 0 | True: 0 | Time: 0.9113s
Record 546/1000 | Predicted: 1 | True: 1 | Time: 0.9505s
Record 547/1000 | Predicted: 0 | True: 0 | Time: 0.9165s
Record 548/1000 | Predicted: 1 | True: 1 | Time: 0.9396s
Record 549/1000 | Predicted: 0 | True: 0 | Time: 0.9448s
Record 550/1000 | Predicted: 0 | True: 0 | Time: 0.9401s
Record 551/1000 | Predicted: 1 | True: 1 | Time: 0.9381s
Record 552/1000 | Predicted: 1 | True: 0 | Time: 0.9230s
Record 553/1000 | Predicted: 0 | True: 0 | Time: 0.9625s
Record 554/1000 | Predicted: 0 | True: 0 | Time: 0.9408s
Record 555/1000 | Predicted: 1 | True: 1 | Time: 0.9493s
Record 556/1000 | Predicted: 1 | True: 0 | Time: 0.9514s
Record 557/1000 | Predicted: 0 | True: 1 | Time: 0.9707s
Record 558/1000 | Predicted: 0 | True: 0 | Time: 0.9352s
Record 559/1000 | Predicted: 0 | True: 0 | Time: 0.9587s
Record 560/1000 | Predicted: 0 | True: 0 | Time: 0.9490s
Record 561/1000 | Predicted: 1 | True: 1 | Time: 0.9595s
Record 562/1000 | Predicted: 0 | True: 0 | Time: 0.9727s
Record 563/1000 | Predicted: 1 | True: 1 | Time: 0.9589s
Record 564/1000 | Predicted: 0 | True: 0 | Time: 1.0562s
Record 565/1000 | Predicted: 0 | True: 0 | Time: 1.1395s
Record 566/1000 | Predicted: 0 | True: 0 | Time: 1.0647s
Record 567/1000 | Predicted: 0 | True: 0 | Time: 0.9766s
Record 568/1000 | Predicted: 1 | True: 0 | Time: 0.9395s
Record 569/1000 | Predicted: 0 | True: 1 | Time: 0.9510s
Record 570/1000 | Predicted: 0 | True: 0 | Time: 0.9462s
Record 571/1000 | Predicted: 0 | True: 0 | Time: 0.9456s
Record 572/1000 | Predicted: 1 | True: 1 | Time: 0.9481s
Record 573/1000 | Predicted: 0 | True: 0 | Time: 0.9311s
Record 574/1000 | Predicted: 1 | True: 1 | Time: 0.9522s
Record 575/1000 | Predicted: 0 | True: 0 | Time: 0.9344s
Record 576/1000 | Predicted: 0 | True: 0 | Time: 0.9375s
Record 577/1000 | Predicted: 0 | True: 0 | Time: 0.9364s
Record 578/1000 | Predicted: 0 | True: 0 | Time: 0.9902s
Record 579/1000 | Predicted: 0 | True: 0 | Time: 0.9475s
Record 580/1000 | Predicted: 0 | True: 0 | Time: 0.9313s
Record 581/1000 | Predicted: 1 | True: 0 | Time: 0.9286s
Record 582/1000 | Predicted: 0 | True: 0 | Time: 0.9603s
Record 583/1000 | Predicted: 0 | True: 0 | Time: 0.9263s
Record 584/1000 | Predicted: 0 | True: 0 | Time: 0.9257s
Record 585/1000 | Predicted: 0 | True: 0 | Time: 0.9465s
Record 586/1000 | Predicted: 0 | True: 0 | Time: 0.9302s
Record 587/1000 | Predicted: 0 | True: 0 | Time: 0.9391s
Record 588/1000 | Predicted: 1 | True: 1 | Time: 0.9246s
Record 589/1000 | Predicted: 0 | True: 0 | Time: 0.9428s
Record 590/1000 | Predicted: 0 | True: 0 | Time: 0.9553s
Record 591/1000 | Predicted: 1 | True: 1 | Time: 0.9651s
Record 592/1000 | Predicted: 0 | True: 0 | Time: 0.9406s
Record 593/1000 | Predicted: 0 | True: 0 | Time: 0.9396s
Record 594/1000 | Predicted: 0 | True: 0 | Time: 0.9424s
Record 595/1000 | Predicted: 1 | True: 1 | Time: 0.9491s
Record 596/1000 | Predicted: 0 | True: 0 | Time: 0.9283s
Record 597/1000 | Predicted: 0 | True: 0 | Time: 0.9415s
Record 598/1000 | Predicted: 0 | True: 0 | Time: 0.9678s
Record 599/1000 | Predicted: 0 | True: 0 | Time: 0.9216s
Record 600/1000 | Predicted: 0 | True: 0 | Time: 0.9305s
Record 601/1000 | Predicted: 1 | True: 1 | Time: 0.9330s
Record 602/1000 | Predicted: 0 | True: 0 | Time: 0.9129s
Record 603/1000 | Predicted: 0 | True: 1 | Time: 0.9274s
Record 604/1000 | Predicted: 1 | True: 1 | Time: 0.9366s
Record 605/1000 | Predicted: 0 | True: 0 | Time: 0.9307s
Record 606/1000 | Predicted: 0 | True: 0 | Time: 0.9302s
Record 607/1000 | Predicted: 0 | True: 0 | Time: 0.9325s
Record 608/1000 | Predicted: 0 | True: 0 | Time: 0.9542s
Record 609/1000 | Predicted: 0 | True: 0 | Time: 0.9335s
Record 610/1000 | Predicted: 0 | True: 0 | Time: 0.9377s
Record 611/1000 | Predicted: 0 | True: 0 | Time: 0.9532s
Record 612/1000 | Predicted: 1 | True: 1 | Time: 0.9442s
Record 613/1000 | Predicted: 0 | True: 0 | Time: 0.9660s
Record 614/1000 | Predicted: 0 | True: 0 | Time: 0.9358s
Record 615/1000 | Predicted: 0 | True: 0 | Time: 0.9506s
Record 616/1000 | Predicted: 1 | True: 1 | Time: 0.9381s
Record 617/1000 | Predicted: 0 | True: 0 | Time: 0.9813s
Record 618/1000 | Predicted: 0 | True: 0 | Time: 0.9533s
Record 619/1000 | Predicted: 0 | True: 0 | Time: 0.9525s
Record 620/1000 | Predicted: 0 | True: 0 | Time: 0.9462s
Record 621/1000 | Predicted: 0 | True: 0 | Time: 0.9659s
Record 622/1000 | Predicted: 0 | True: 0 | Time: 0.9500s
Record 623/1000 | Predicted: 0 | True: 0 | Time: 0.9304s
Record 624/1000 | Predicted: 0 | True: 0 | Time: 0.9145s
Record 625/1000 | Predicted: 0 | True: 0 | Time: 0.9084s
Record 626/1000 | Predicted: 0 | True: 0 | Time: 0.9670s
Record 627/1000 | Predicted: 0 | True: 0 | Time: 0.9954s
Record 628/1000 | Predicted: 0 | True: 0 | Time: 0.9428s
Record 629/1000 | Predicted: 0 | True: 0 | Time: 0.9362s
Record 630/1000 | Predicted: 0 | True: 0 | Time: 0.9651s
Record 631/1000 | Predicted: 0 | True: 0 | Time: 0.9250s
Record 632/1000 | Predicted: 0 | True: 1 | Time: 0.9288s
Record 633/1000 | Predicted: 0 | True: 0 | Time: 0.9467s
Record 634/1000 | Predicted: 0 | True: 0 | Time: 0.9666s
Record 635/1000 | Predicted: 0 | True: 1 | Time: 0.9301s
Record 636/1000 | Predicted: 0 | True: 0 | Time: 0.9628s
Record 637/1000 | Predicted: 0 | True: 0 | Time: 0.9559s
Record 638/1000 | Predicted: 0 | True: 0 | Time: 0.9731s
Record 639/1000 | Predicted: 0 | True: 0 | Time: 0.9661s
Record 640/1000 | Predicted: 0 | True: 0 | Time: 0.9989s
Record 641/1000 | Predicted: 1 | True: 1 | Time: 0.9749s
Record 642/1000 | Predicted: 0 | True: 0 | Time: 0.9755s
Record 643/1000 | Predicted: 0 | True: 0 | Time: 0.9370s
Record 644/1000 | Predicted: 1 | True: 1 | Time: 0.9342s
Record 645/1000 | Predicted: 0 | True: 0 | Time: 0.9301s
Record 646/1000 | Predicted: 0 | True: 0 | Time: 0.9009s
Record 647/1000 | Predicted: 0 | True: 0 | Time: 0.9411s
Record 648/1000 | Predicted: 0 | True: 0 | Time: 0.9185s
Record 649/1000 | Predicted: 0 | True: 0 | Time: 0.9357s
Record 650/1000 | Predicted: 0 | True: 0 | Time: 0.9214s
Record 651/1000 | Predicted: 0 | True: 0 | Time: 0.9148s
Record 652/1000 | Predicted: 0 | True: 0 | Time: 0.9355s
Record 653/1000 | Predicted: 0 | True: 0 | Time: 0.9384s
Record 654/1000 | Predicted: 0 | True: 0 | Time: 0.9130s
Record 655/1000 | Predicted: 0 | True: 0 | Time: 0.9517s
Record 656/1000 | Predicted: 0 | True: 0 | Time: 0.9398s
Record 657/1000 | Predicted: 0 | True: 0 | Time: 0.9367s
Record 658/1000 | Predicted: 0 | True: 0 | Time: 0.9382s
Record 659/1000 | Predicted: 0 | True: 0 | Time: 0.9689s
Record 660/1000 | Predicted: 1 | True: 0 | Time: 0.9507s
Record 661/1000 | Predicted: 0 | True: 0 | Time: 0.9469s
Record 662/1000 | Predicted: 0 | True: 0 | Time: 0.9448s
Record 663/1000 | Predicted: 1 | True: 1 | Time: 0.9582s
Record 664/1000 | Predicted: 0 | True: 0 | Time: 0.9274s
Record 665/1000 | Predicted: 0 | True: 0 | Time: 0.9281s
Record 666/1000 | Predicted: 1 | True: 1 | Time: 0.9653s
Record 667/1000 | Predicted: 0 | True: 0 | Time: 0.9659s
Record 668/1000 | Predicted: 0 | True: 1 | Time: 0.9352s
Record 669/1000 | Predicted: 0 | True: 0 | Time: 0.9374s
Record 670/1000 | Predicted: 0 | True: 0 | Time: 0.9287s
Record 671/1000 | Predicted: 0 | True: 0 | Time: 0.9299s
Record 672/1000 | Predicted: 0 | True: 0 | Time: 0.9547s
Record 673/1000 | Predicted: 0 | True: 0 | Time: 0.9443s
Record 674/1000 | Predicted: 0 | True: 0 | Time: 0.9146s
Record 675/1000 | Predicted: 0 | True: 0 | Time: 0.9218s
Record 676/1000 | Predicted: 0 | True: 0 | Time: 0.9345s
Record 677/1000 | Predicted: 0 | True: 0 | Time: 0.9350s
Record 678/1000 | Predicted: 0 | True: 0 | Time: 0.9170s
Record 679/1000 | Predicted: 0 | True: 0 | Time: 0.9488s
Record 680/1000 | Predicted: 0 | True: 0 | Time: 0.9621s
Record 681/1000 | Predicted: 0 | True: 0 | Time: 0.9621s
Record 682/1000 | Predicted: 0 | True: 0 | Time: 0.9521s
Record 683/1000 | Predicted: 0 | True: 0 | Time: 0.9441s
Record 684/1000 | Predicted: 0 | True: 0 | Time: 0.9544s
Record 685/1000 | Predicted: 1 | True: 1 | Time: 0.9406s
Record 686/1000 | Predicted: 0 | True: 0 | Time: 0.9419s
Record 687/1000 | Predicted: 1 | True: 1 | Time: 0.9407s
Record 688/1000 | Predicted: 0 | True: 0 | Time: 0.9525s
Record 689/1000 | Predicted: 0 | True: 0 | Time: 0.9214s
Record 690/1000 | Predicted: 0 | True: 0 | Time: 0.9378s
Record 691/1000 | Predicted: 0 | True: 0 | Time: 0.9362s
Record 692/1000 | Predicted: 0 | True: 0 | Time: 0.9174s
Record 693/1000 | Predicted: 0 | True: 0 | Time: 0.9148s
Record 694/1000 | Predicted: 1 | True: 1 | Time: 0.9175s
Record 695/1000 | Predicted: 0 | True: 0 | Time: 0.9334s
Record 696/1000 | Predicted: 0 | True: 0 | Time: 0.9464s
Record 697/1000 | Predicted: 0 | True: 0 | Time: 0.9012s
Record 698/1000 | Predicted: 0 | True: 1 | Time: 0.9199s
Record 699/1000 | Predicted: 0 | True: 0 | Time: 0.9448s
Record 700/1000 | Predicted: 0 | True: 1 | Time: 0.9275s
Record 701/1000 | Predicted: 0 | True: 0 | Time: 0.9553s
Record 702/1000 | Predicted: 1 | True: 1 | Time: 0.9648s
Record 703/1000 | Predicted: 0 | True: 0 | Time: 0.9491s
Record 704/1000 | Predicted: 0 | True: 1 | Time: 0.9515s
Record 705/1000 | Predicted: 0 | True: 0 | Time: 0.9350s
Record 706/1000 | Predicted: 1 | True: 1 | Time: 0.9677s
Record 707/1000 | Predicted: 0 | True: 1 | Time: 0.9458s
Record 708/1000 | Predicted: 0 | True: 0 | Time: 0.9543s
Record 709/1000 | Predicted: 0 | True: 0 | Time: 0.9145s
Record 710/1000 | Predicted: 0 | True: 0 | Time: 0.9302s
Record 711/1000 | Predicted: 1 | True: 1 | Time: 0.9187s
Record 712/1000 | Predicted: 0 | True: 0 | Time: 0.9395s
Record 713/1000 | Predicted: 0 | True: 0 | Time: 0.9631s
Record 714/1000 | Predicted: 0 | True: 0 | Time: 0.9451s
Record 715/1000 | Predicted: 1 | True: 1 | Time: 0.9295s
Record 716/1000 | Predicted: 0 | True: 0 | Time: 0.9260s
Record 717/1000 | Predicted: 0 | True: 0 | Time: 0.9227s
Record 718/1000 | Predicted: 1 | True: 1 | Time: 0.9279s
Record 719/1000 | Predicted: 0 | True: 0 | Time: 0.9402s
Record 720/1000 | Predicted: 1 | True: 1 | Time: 0.9467s
Record 721/1000 | Predicted: 0 | True: 0 | Time: 0.9258s
Record 722/1000 | Predicted: 0 | True: 0 | Time: 0.9373s
Record 723/1000 | Predicted: 0 | True: 1 | Time: 0.9530s
Record 724/1000 | Predicted: 0 | True: 1 | Time: 0.9819s
Record 725/1000 | Predicted: 0 | True: 0 | Time: 0.9806s
Record 726/1000 | Predicted: 0 | True: 1 | Time: 0.9828s
Record 727/1000 | Predicted: 0 | True: 0 | Time: 1.0008s
Record 728/1000 | Predicted: 0 | True: 0 | Time: 0.9512s
Record 729/1000 | Predicted: 0 | True: 0 | Time: 0.9627s
Record 730/1000 | Predicted: 0 | True: 0 | Time: 0.9518s
Record 731/1000 | Predicted: 0 | True: 0 | Time: 0.9431s
Record 732/1000 | Predicted: 0 | True: 0 | Time: 0.9395s
Record 733/1000 | Predicted: 0 | True: 0 | Time: 0.9977s
Record 734/1000 | Predicted: 0 | True: 0 | Time: 0.9344s
Record 735/1000 | Predicted: 0 | True: 0 | Time: 0.9375s
Record 736/1000 | Predicted: 0 | True: 0 | Time: 0.9257s
Record 737/1000 | Predicted: 0 | True: 0 | Time: 0.9156s
Record 738/1000 | Predicted: 0 | True: 0 | Time: 0.9604s
Record 739/1000 | Predicted: 1 | True: 1 | Time: 0.9267s
Record 740/1000 | Predicted: 0 | True: 0 | Time: 0.9454s
Record 741/1000 | Predicted: 0 | True: 0 | Time: 0.9455s
Record 742/1000 | Predicted: 0 | True: 0 | Time: 0.9412s
Record 743/1000 | Predicted: 0 | True: 0 | Time: 0.9254s
Record 744/1000 | Predicted: 0 | True: 0 | Time: 0.9481s
Record 745/1000 | Predicted: 0 | True: 0 | Time: 0.9418s
Record 746/1000 | Predicted: 0 | True: 0 | Time: 0.9469s
Record 747/1000 | Predicted: 0 | True: 0 | Time: 0.9388s
Record 748/1000 | Predicted: 1 | True: 1 | Time: 0.9306s
Record 749/1000 | Predicted: 0 | True: 0 | Time: 0.9137s
Record 750/1000 | Predicted: 1 | True: 1 | Time: 0.9508s
Record 751/1000 | Predicted: 0 | True: 0 | Time: 0.9444s
Record 752/1000 | Predicted: 1 | True: 1 | Time: 0.9479s
Record 753/1000 | Predicted: 0 | True: 0 | Time: 0.9358s
Record 754/1000 | Predicted: 0 | True: 0 | Time: 0.9887s
Record 755/1000 | Predicted: 0 | True: 0 | Time: 0.9319s
Record 756/1000 | Predicted: 0 | True: 0 | Time: 0.9315s
Record 757/1000 | Predicted: 1 | True: 1 | Time: 0.9174s
Record 758/1000 | Predicted: 1 | True: 1 | Time: 0.9324s
Record 759/1000 | Predicted: 0 | True: 1 | Time: 0.9058s
Record 760/1000 | Predicted: 0 | True: 0 | Time: 0.9447s
Record 761/1000 | Predicted: 0 | True: 0 | Time: 0.9425s
Record 762/1000 | Predicted: 0 | True: 0 | Time: 0.9449s
Record 763/1000 | Predicted: 0 | True: 0 | Time: 0.9296s
Record 764/1000 | Predicted: 1 | True: 0 | Time: 0.9334s
Record 765/1000 | Predicted: 0 | True: 0 | Time: 0.9250s
Record 766/1000 | Predicted: 1 | True: 1 | Time: 0.9401s
Record 767/1000 | Predicted: 0 | True: 0 | Time: 0.9362s
Record 768/1000 | Predicted: 0 | True: 0 | Time: 0.9388s
Record 769/1000 | Predicted: 0 | True: 0 | Time: 0.9490s
Record 770/1000 | Predicted: 0 | True: 1 | Time: 0.9480s
Record 771/1000 | Predicted: 1 | True: 0 | Time: 0.9364s
Record 772/1000 | Predicted: 0 | True: 0 | Time: 0.9418s
Record 773/1000 | Predicted: 0 | True: 0 | Time: 0.9635s
Record 774/1000 | Predicted: 1 | True: 1 | Time: 0.9442s
Record 775/1000 | Predicted: 0 | True: 0 | Time: 0.9339s
Record 776/1000 | Predicted: 0 | True: 0 | Time: 0.9217s
Record 777/1000 | Predicted: 0 | True: 0 | Time: 0.9322s
Record 778/1000 | Predicted: 1 | True: 0 | Time: 0.9209s
Record 779/1000 | Predicted: 0 | True: 0 | Time: 0.9180s
Record 780/1000 | Predicted: 0 | True: 1 | Time: 0.9393s
Record 781/1000 | Predicted: 0 | True: 0 | Time: 0.9324s
Record 782/1000 | Predicted: 0 | True: 0 | Time: 0.9303s
Record 783/1000 | Predicted: 0 | True: 0 | Time: 0.9456s
Record 784/1000 | Predicted: 0 | True: 0 | Time: 0.9452s
Record 785/1000 | Predicted: 0 | True: 0 | Time: 0.9584s
Record 786/1000 | Predicted: 0 | True: 0 | Time: 0.9371s
Record 787/1000 | Predicted: 0 | True: 0 | Time: 0.9428s
Record 788/1000 | Predicted: 0 | True: 0 | Time: 0.9227s
Record 789/1000 | Predicted: 0 | True: 0 | Time: 0.9238s
Record 790/1000 | Predicted: 0 | True: 0 | Time: 0.9570s
Record 791/1000 | Predicted: 0 | True: 0 | Time: 0.9613s
Record 792/1000 | Predicted: 0 | True: 0 | Time: 0.9713s
Record 793/1000 | Predicted: 0 | True: 0 | Time: 0.9338s
Record 794/1000 | Predicted: 0 | True: 0 | Time: 0.9481s
Record 795/1000 | Predicted: 0 | True: 1 | Time: 0.9563s
Record 796/1000 | Predicted: 0 | True: 0 | Time: 0.9707s
Record 797/1000 | Predicted: 0 | True: 0 | Time: 0.9434s
Record 798/1000 | Predicted: 0 | True: 0 | Time: 0.9353s
Record 799/1000 | Predicted: 0 | True: 0 | Time: 0.9501s
Record 800/1000 | Predicted: 1 | True: 1 | Time: 0.9617s
Record 801/1000 | Predicted: 0 | True: 0 | Time: 0.9521s
Record 802/1000 | Predicted: 0 | True: 0 | Time: 0.9162s
Record 803/1000 | Predicted: 0 | True: 0 | Time: 0.9181s
Record 804/1000 | Predicted: 0 | True: 0 | Time: 0.9468s
Record 805/1000 | Predicted: 0 | True: 0 | Time: 0.9100s
Record 806/1000 | Predicted: 0 | True: 0 | Time: 0.9341s
Record 807/1000 | Predicted: 1 | True: 1 | Time: 0.9447s
Record 808/1000 | Predicted: 0 | True: 0 | Time: 0.9384s
Record 809/1000 | Predicted: 0 | True: 0 | Time: 0.9692s
Record 810/1000 | Predicted: 0 | True: 0 | Time: 0.9252s
Record 811/1000 | Predicted: 0 | True: 0 | Time: 0.9325s
Record 812/1000 | Predicted: 0 | True: 0 | Time: 0.9328s
Record 813/1000 | Predicted: 0 | True: 0 | Time: 0.9450s
Record 814/1000 | Predicted: 0 | True: 0 | Time: 0.9743s
Record 815/1000 | Predicted: 0 | True: 0 | Time: 0.9582s
Record 816/1000 | Predicted: 0 | True: 0 | Time: 0.9868s
Record 817/1000 | Predicted: 0 | True: 1 | Time: 0.9789s
Record 818/1000 | Predicted: 0 | True: 0 | Time: 0.9884s
Record 819/1000 | Predicted: 1 | True: 1 | Time: 0.9542s
Record 820/1000 | Predicted: 0 | True: 0 | Time: 0.9403s
Record 821/1000 | Predicted: 0 | True: 0 | Time: 0.9503s
Record 822/1000 | Predicted: 1 | True: 0 | Time: 0.9580s
Record 823/1000 | Predicted: 0 | True: 0 | Time: 0.9382s
Record 824/1000 | Predicted: 0 | True: 0 | Time: 0.9432s
Record 825/1000 | Predicted: 0 | True: 0 | Time: 0.9495s
Record 826/1000 | Predicted: 0 | True: 0 | Time: 0.9387s
Record 827/1000 | Predicted: 0 | True: 0 | Time: 0.9436s
Record 828/1000 | Predicted: 0 | True: 0 | Time: 0.9195s
Record 829/1000 | Predicted: 1 | True: 1 | Time: 0.9060s
Record 830/1000 | Predicted: 0 | True: 1 | Time: 0.9493s
Record 831/1000 | Predicted: 0 | True: 0 | Time: 0.9594s
Record 832/1000 | Predicted: 0 | True: 0 | Time: 0.9514s
Record 833/1000 | Predicted: 1 | True: 1 | Time: 0.9639s
Record 834/1000 | Predicted: 0 | True: 0 | Time: 0.9303s
Record 835/1000 | Predicted: 0 | True: 0 | Time: 0.9355s
Record 836/1000 | Predicted: 0 | True: 0 | Time: 0.9370s
Record 837/1000 | Predicted: 0 | True: 0 | Time: 0.9132s
Record 838/1000 | Predicted: 0 | True: 0 | Time: 0.9374s
Record 839/1000 | Predicted: 0 | True: 0 | Time: 0.9486s
Record 840/1000 | Predicted: 0 | True: 0 | Time: 0.9602s
Record 841/1000 | Predicted: 0 | True: 0 | Time: 0.9564s
Record 842/1000 | Predicted: 0 | True: 1 | Time: 0.9697s
Record 843/1000 | Predicted: 1 | True: 1 | Time: 0.9416s
Record 844/1000 | Predicted: 0 | True: 0 | Time: 0.9464s
Record 845/1000 | Predicted: 0 | True: 0 | Time: 0.9404s
Record 846/1000 | Predicted: 1 | True: 1 | Time: 0.9488s
Record 847/1000 | Predicted: 0 | True: 0 | Time: 0.9146s
Record 848/1000 | Predicted: 0 | True: 0 | Time: 0.9369s
Record 849/1000 | Predicted: 0 | True: 0 | Time: 0.9057s
Record 850/1000 | Predicted: 0 | True: 0 | Time: 0.9108s
Record 851/1000 | Predicted: 0 | True: 0 | Time: 0.9505s
Record 852/1000 | Predicted: 0 | True: 0 | Time: 0.9378s
Record 853/1000 | Predicted: 0 | True: 0 | Time: 0.9576s
Record 854/1000 | Predicted: 0 | True: 0 | Time: 0.9190s
Record 855/1000 | Predicted: 0 | True: 0 | Time: 0.9460s
Record 856/1000 | Predicted: 0 | True: 0 | Time: 0.9290s
Record 857/1000 | Predicted: 0 | True: 0 | Time: 0.9313s
Record 858/1000 | Predicted: 0 | True: 0 | Time: 0.9818s
Record 859/1000 | Predicted: 0 | True: 0 | Time: 0.9759s
Record 860/1000 | Predicted: 0 | True: 0 | Time: 0.9735s
Record 861/1000 | Predicted: 0 | True: 0 | Time: 0.9284s
Record 862/1000 | Predicted: 0 | True: 0 | Time: 0.9384s
Record 863/1000 | Predicted: 0 | True: 0 | Time: 0.9486s
Record 864/1000 | Predicted: 0 | True: 0 | Time: 0.9449s
Record 865/1000 | Predicted: 0 | True: 0 | Time: 0.9606s
Record 866/1000 | Predicted: 0 | True: 0 | Time: 0.9449s
Record 867/1000 | Predicted: 0 | True: 1 | Time: 0.9616s
Record 868/1000 | Predicted: 0 | True: 0 | Time: 0.9203s
Record 869/1000 | Predicted: 0 | True: 0 | Time: 0.9335s
Record 870/1000 | Predicted: 0 | True: 0 | Time: 0.9270s
Record 871/1000 | Predicted: 0 | True: 0 | Time: 0.9231s
Record 872/1000 | Predicted: 0 | True: 0 | Time: 0.9836s
Record 873/1000 | Predicted: 0 | True: 0 | Time: 0.8938s
Record 874/1000 | Predicted: 0 | True: 0 | Time: 0.9321s
Record 875/1000 | Predicted: 0 | True: 0 | Time: 0.9420s
Record 876/1000 | Predicted: 0 | True: 0 | Time: 0.9175s
Record 877/1000 | Predicted: 0 | True: 1 | Time: 0.9353s
Record 878/1000 | Predicted: 0 | True: 0 | Time: 0.9309s
Record 879/1000 | Predicted: 0 | True: 0 | Time: 0.9278s
Record 880/1000 | Predicted: 0 | True: 0 | Time: 0.9401s
Record 881/1000 | Predicted: 0 | True: 0 | Time: 0.9430s
Record 882/1000 | Predicted: 0 | True: 0 | Time: 0.9128s
Record 883/1000 | Predicted: 1 | True: 1 | Time: 0.9437s
Record 884/1000 | Predicted: 0 | True: 0 | Time: 0.9470s
Record 885/1000 | Predicted: 0 | True: 0 | Time: 0.9402s
Record 886/1000 | Predicted: 0 | True: 0 | Time: 0.9258s
Record 887/1000 | Predicted: 0 | True: 0 | Time: 0.9353s
Record 888/1000 | Predicted: 1 | True: 0 | Time: 0.9499s
Record 889/1000 | Predicted: 0 | True: 0 | Time: 0.9352s
Record 890/1000 | Predicted: 0 | True: 0 | Time: 0.9293s
Record 891/1000 | Predicted: 0 | True: 0 | Time: 0.9345s
Record 892/1000 | Predicted: 0 | True: 0 | Time: 0.9257s
Record 893/1000 | Predicted: 0 | True: 0 | Time: 0.9175s
Record 894/1000 | Predicted: 0 | True: 1 | Time: 0.9402s
Record 895/1000 | Predicted: 0 | True: 1 | Time: 0.9534s
Record 896/1000 | Predicted: 0 | True: 0 | Time: 0.9390s
Record 897/1000 | Predicted: 1 | True: 1 | Time: 0.9340s
Record 898/1000 | Predicted: 0 | True: 1 | Time: 0.9222s
Record 899/1000 | Predicted: 0 | True: 0 | Time: 0.9487s
Record 900/1000 | Predicted: 0 | True: 0 | Time: 0.9126s
Record 901/1000 | Predicted: 0 | True: 0 | Time: 0.9108s
Record 902/1000 | Predicted: 0 | True: 0 | Time: 0.9398s
Record 903/1000 | Predicted: 0 | True: 0 | Time: 0.9458s
Record 904/1000 | Predicted: 0 | True: 0 | Time: 0.9366s
Record 905/1000 | Predicted: 1 | True: 1 | Time: 0.9424s
Record 906/1000 | Predicted: 0 | True: 0 | Time: 0.9571s
Record 907/1000 | Predicted: 0 | True: 0 | Time: 0.9518s
Record 908/1000 | Predicted: 1 | True: 1 | Time: 0.9505s
Record 909/1000 | Predicted: 0 | True: 0 | Time: 0.9259s
Record 910/1000 | Predicted: 0 | True: 0 | Time: 0.9322s
Record 911/1000 | Predicted: 0 | True: 0 | Time: 0.9251s
Record 912/1000 | Predicted: 0 | True: 0 | Time: 0.9257s
Record 913/1000 | Predicted: 0 | True: 0 | Time: 0.9588s
Record 914/1000 | Predicted: 0 | True: 1 | Time: 0.9388s
Record 915/1000 | Predicted: 0 | True: 1 | Time: 0.9205s
Record 916/1000 | Predicted: 0 | True: 1 | Time: 0.9372s
Record 917/1000 | Predicted: 1 | True: 1 | Time: 0.9159s
Record 918/1000 | Predicted: 0 | True: 0 | Time: 0.9325s
Record 919/1000 | Predicted: 0 | True: 0 | Time: 0.9282s
Record 920/1000 | Predicted: 0 | True: 0 | Time: 0.9224s
Record 921/1000 | Predicted: 0 | True: 1 | Time: 0.9265s
Record 922/1000 | Predicted: 0 | True: 0 | Time: 0.9469s
Record 923/1000 | Predicted: 0 | True: 0 | Time: 0.9604s
Record 924/1000 | Predicted: 0 | True: 0 | Time: 0.9483s
Record 925/1000 | Predicted: 0 | True: 0 | Time: 0.9861s
Record 926/1000 | Predicted: 0 | True: 0 | Time: 0.9588s
Record 927/1000 | Predicted: 0 | True: 0 | Time: 0.9887s
Record 928/1000 | Predicted: 0 | True: 1 | Time: 0.9798s
Record 929/1000 | Predicted: 0 | True: 0 | Time: 0.9762s
Record 930/1000 | Predicted: 0 | True: 0 | Time: 0.9502s
Record 931/1000 | Predicted: 0 | True: 0 | Time: 0.9571s
Record 932/1000 | Predicted: 0 | True: 1 | Time: 0.9746s
Record 933/1000 | Predicted: 0 | True: 0 | Time: 0.9691s
Record 934/1000 | Predicted: 0 | True: 0 | Time: 0.9482s
Record 935/1000 | Predicted: 0 | True: 0 | Time: 0.9183s
Record 936/1000 | Predicted: 0 | True: 0 | Time: 0.9232s
Record 937/1000 | Predicted: 0 | True: 1 | Time: 0.9606s
Record 938/1000 | Predicted: 0 | True: 0 | Time: 0.9420s
Record 939/1000 | Predicted: 0 | True: 1 | Time: 0.9402s
Record 940/1000 | Predicted: 0 | True: 0 | Time: 0.9452s
Record 941/1000 | Predicted: 0 | True: 0 | Time: 0.9263s
Record 942/1000 | Predicted: 0 | True: 0 | Time: 0.9469s
Record 943/1000 | Predicted: 1 | True: 1 | Time: 0.9307s
Record 944/1000 | Predicted: 1 | True: 0 | Time: 0.9220s
Record 945/1000 | Predicted: 0 | True: 0 | Time: 0.9387s
Record 946/1000 | Predicted: 0 | True: 0 | Time: 0.9155s
Record 947/1000 | Predicted: 0 | True: 1 | Time: 0.9461s
Record 948/1000 | Predicted: 0 | True: 0 | Time: 0.9568s
Record 949/1000 | Predicted: 0 | True: 0 | Time: 0.9236s
Record 950/1000 | Predicted: 1 | True: 1 | Time: 0.9345s
Record 951/1000 | Predicted: 0 | True: 0 | Time: 0.9128s
Record 952/1000 | Predicted: 0 | True: 0 | Time: 0.9453s
Record 953/1000 | Predicted: 0 | True: 0 | Time: 0.9830s
Record 954/1000 | Predicted: 0 | True: 0 | Time: 0.9329s
Record 955/1000 | Predicted: 0 | True: 0 | Time: 0.9483s
Record 956/1000 | Predicted: 0 | True: 0 | Time: 0.9261s
Record 957/1000 | Predicted: 0 | True: 0 | Time: 0.9322s
Record 958/1000 | Predicted: 0 | True: 0 | Time: 0.9350s
Record 959/1000 | Predicted: 1 | True: 1 | Time: 0.9294s
Record 960/1000 | Predicted: 0 | True: 0 | Time: 0.9210s
Record 961/1000 | Predicted: 0 | True: 0 | Time: 0.9017s
Record 962/1000 | Predicted: 0 | True: 0 | Time: 0.9367s
Record 963/1000 | Predicted: 0 | True: 0 | Time: 0.9198s
Record 964/1000 | Predicted: 0 | True: 0 | Time: 0.9432s
Record 965/1000 | Predicted: 0 | True: 0 | Time: 0.9232s
Record 966/1000 | Predicted: 0 | True: 0 | Time: 0.9246s
Record 967/1000 | Predicted: 0 | True: 0 | Time: 0.9178s
Record 968/1000 | Predicted: 0 | True: 0 | Time: 0.9839s
Record 969/1000 | Predicted: 0 | True: 0 | Time: 0.9590s
Record 970/1000 | Predicted: 0 | True: 0 | Time: 0.9686s
Record 971/1000 | Predicted: 0 | True: 0 | Time: 0.9585s
Record 972/1000 | Predicted: 0 | True: 0 | Time: 0.9477s
Record 973/1000 | Predicted: 0 | True: 0 | Time: 0.9597s
Record 974/1000 | Predicted: 1 | True: 0 | Time: 0.9474s
Record 975/1000 | Predicted: 0 | True: 0 | Time: 0.9684s
Record 976/1000 | Predicted: 1 | True: 1 | Time: 0.9422s
Record 977/1000 | Predicted: 1 | True: 1 | Time: 0.9415s
Record 978/1000 | Predicted: 0 | True: 0 | Time: 0.9217s
Record 979/1000 | Predicted: 0 | True: 0 | Time: 0.9437s
Record 980/1000 | Predicted: 0 | True: 0 | Time: 0.9305s
Record 981/1000 | Predicted: 0 | True: 0 | Time: 0.9515s
Record 982/1000 | Predicted: 1 | True: 1 | Time: 0.9341s
Record 983/1000 | Predicted: 0 | True: 0 | Time: 0.9250s
Record 984/1000 | Predicted: 0 | True: 0 | Time: 0.9263s
Record 985/1000 | Predicted: 0 | True: 0 | Time: 0.9072s
Record 986/1000 | Predicted: 0 | True: 0 | Time: 0.9445s
Record 987/1000 | Predicted: 0 | True: 0 | Time: 0.9294s
Record 988/1000 | Predicted: 0 | True: 0 | Time: 0.9224s
Record 989/1000 | Predicted: 0 | True: 0 | Time: 0.9426s
Record 990/1000 | Predicted: 1 | True: 0 | Time: 0.9686s
Record 991/1000 | Predicted: 0 | True: 0 | Time: 0.9519s
Record 992/1000 | Predicted: 0 | True: 0 | Time: 0.9509s
Record 993/1000 | Predicted: 0 | True: 0 | Time: 0.9550s
Record 994/1000 | Predicted: 0 | True: 0 | Time: 0.9471s
Record 995/1000 | Predicted: 0 | True: 0 | Time: 0.9761s
Record 996/1000 | Predicted: 0 | True: 0 | Time: 0.9394s
Record 997/1000 | Predicted: 0 | True: 0 | Time: 0.9721s
Record 998/1000 | Predicted: 0 | True: 0 | Time: 0.9358s
Record 999/1000 | Predicted: 0 | True: 0 | Time: 0.9478s
Record 1000/1000 | Predicted: 0 | True: 0 | Time: 0.9314s

[STEP 4] Calculating final statistics...
[LOG] Current time: 2025-08-15 19:05:50 -03-0300

==================== INFERENCE SUMMARY ====================
Total records processed: 1000
   Total inference time: 944.1723 seconds
Mean inference time/record: 0.9442 seconds
=============================================================


==================== TESTING MODEL: estimators=4, depth=4, svd=200 ====================

Using cached SVD transformation for 200 components...
Final training data shape: (2262300, 200)
Final testing data shape: (565576, 200)
Record 1/1000 | Predicted: [0] | True: 0 | Time: 0.0018s
Record 2/1000 | Predicted: [0] | True: 0 | Time: 0.0016s
Record 3/1000 | Predicted: [0] | True: 0 | Time: 0.0015s
Record 4/1000 | Predicted: [0] | True: 0 | Time: 0.0015s
Record 5/1000 | Predicted: [0] | True: 0 | Time: 0.0015s
Record 6/1000 | Predicted: [0] | True: 0 | Time: 0.0015s
Record 7/1000 | Predicted: [0] | True: 0 | Time: 0.0015s
Record 8/1000 | Predicted: [1] | True: 1 | Time: 0.0015s
Record 9/1000 | Predicted: [1] | True: 1 | Time: 0.0014s
Record 10/1000 | Predicted: [0] | True: 0 | Time: 0.0015s
Record 11/1000 | Predicted: [1] | True: 1 | Time: 0.0015s
Record 12/1000 | Predicted: [0] | True: 0 | Time: 0.0015s
Record 13/1000 | Predicted: [0] | True: 0 | Time: 0.0015s
Record 14/1000 | Predicted: [0] | True: 0 | Time: 0.0015s
Record 15/1000 | Predicted: [1] | True: 0 | Time: 0.0015s
Record 16/1000 | Predicted: [1] | True: 1 | Time: 0.0015s
Record 17/1000 | Predicted: [1] | True: 1 | Time: 0.0015s
Record 18/1000 | Predicted: [0] | True: 0 | Time: 0.0015s
Record 19/1000 | Predicted: [0] | True: 0 | Time: 0.0015s
Record 20/1000 | Predicted: [1] | True: 1 | Time: 0.0015s
Record 21/1000 | Predicted: [0] | True: 0 | Time: 0.0015s
Record 22/1000 | Predicted: [0] | True: 0 | Time: 0.0015s
Record 23/1000 | Predicted: [0] | True: 0 | Time: 0.0015s
Record 24/1000 | Predicted: [1] | True: 1 | Time: 0.0015s
Record 25/1000 | Predicted: [0] | True: 0 | Time: 0.0015s
Record 26/1000 | Predicted: [1] | True: 0 | Time: 0.0015s
Record 27/1000 | Predicted: [0] | True: 0 | Time: 0.0014s
Record 28/1000 | Predicted: [0] | True: 0 | Time: 0.0015s
Record 29/1000 | Predicted: [1] | True: 1 | Time: 0.0015s
Record 30/1000 | Predicted: [1] | True: 1 | Time: 0.0015s
Record 31/1000 | Predicted: [0] | True: 0 | Time: 0.0015s
Record 32/1000 | Predicted: [0] | True: 0 | Time: 0.0015s
Record 33/1000 | Predicted: [0] | True: 0 | Time: 0.0015s
Record 34/1000 | Predicted: [0] | True: 0 | Time: 0.0015s
Record 35/1000 | Predicted: [0] | True: 0 | Time: 0.0015s
Record 36/1000 | Predicted: [1] | True: 0 | Time: 0.0015s
Record 37/1000 | Predicted: [1] | True: 0 | Time: 0.0015s
Record 38/1000 | Predicted: [0] | True: 0 | Time: 0.0015s
Record 39/1000 | Predicted: [0] | True: 0 | Time: 0.0014s
Record 40/1000 | Predicted: [0] | True: 0 | Time: 0.0015s
Record 41/1000 | Predicted: [0] | True: 0 | Time: 0.0015s
Record 42/1000 | Predicted: [0] | True: 0 | Time: 0.0015s
Record 43/1000 | Predicted: [1] | True: 1 | Time: 0.0015s
Record 44/1000 | Predicted: [0] | True: 0 | Time: 0.0014s
Record 45/1000 | Predicted: [0] | True: 0 | Time: 0.0015s
Record 46/1000 | Predicted: [0] | True: 0 | Time: 0.0015s
Record 47/1000 | Predicted: [0] | True: 0 | Time: 0.0015s
Record 48/1000 | Predicted: [0] | True: 0 | Time: 0.0015s
Record 49/1000 | Predicted: [0] | True: 0 | Time: 0.0015s
Record 50/1000 | Predicted: [0] | True: 0 | Time: 0.0015s
Record 51/1000 | Predicted: [0] | True: 0 | Time: 0.0015s
Record 52/1000 | Predicted: [0] | True: 0 | Time: 0.0015s
Record 53/1000 | Predicted: [0] | True: 0 | Time: 0.0015s
Record 54/1000 | Predicted: [0] | True: 0 | Time: 0.0015s
Record 55/1000 | Predicted: [0] | True: 0 | Time: 0.0014s
Record 56/1000 | Predicted: [0] | True: 0 | Time: 0.0015s
Record 57/1000 | Predicted: [0] | True: 1 | Time: 0.0015s
Record 58/1000 | Predicted: [0] | True: 0 | Time: 0.0014s
Record 59/1000 | Predicted: [0] | True: 0 | Time: 0.0014s
Record 60/1000 | Predicted: [0] | True: 0 | Time: 0.0015s
Record 61/1000 | Predicted: [0] | True: 0 | Time: 0.0015s
Record 62/1000 | Predicted: [0] | True: 0 | Time: 0.0015s
Record 63/1000 | Predicted: [1] | True: 1 | Time: 0.0015s
Record 64/1000 | Predicted: [0] | True: 0 | Time: 0.0015s
Record 65/1000 | Predicted: [0] | True: 0 | Time: 0.0015s
Record 66/1000 | Predicted: [0] | True: 0 | Time: 0.0015s
Record 67/1000 | Predicted: [0] | True: 1 | Time: 0.0015s
Record 68/1000 | Predicted: [0] | True: 0 | Time: 0.0015s
Record 69/1000 | Predicted: [0] | True: 0 | Time: 0.0015s
Record 70/1000 | Predicted: [0] | True: 0 | Time: 0.0014s
Record 71/1000 | Predicted: [1] | True: 0 | Time: 0.0014s
Record 72/1000 | Predicted: [0] | True: 0 | Time: 0.0015s
Record 73/1000 | Predicted: [0] | True: 0 | Time: 0.0015s
Record 74/1000 | Predicted: [1] | True: 0 | Time: 0.0015s
Record 75/1000 | Predicted: [0] | True: 0 | Time: 0.0015s
Record 76/1000 | Predicted: [0] | True: 0 | Time: 0.0014s
Record 77/1000 | Predicted: [0] | True: 0 | Time: 0.0015s
Record 78/1000 | Predicted: [0] | True: 0 | Time: 0.0015s
Record 79/1000 | Predicted: [0] | True: 0 | Time: 0.0015s
Record 80/1000 | Predicted: [0] | True: 0 | Time: 0.0015s
Record 81/1000 | Predicted: [0] | True: 0 | Time: 0.0015s
Record 82/1000 | Predicted: [0] | True: 0 | Time: 0.0015s
Record 83/1000 | Predicted: [0] | True: 0 | Time: 0.0015s
Record 84/1000 | Predicted: [0] | True: 0 | Time: 0.0015s
Record 85/1000 | Predicted: [0] | True: 0 | Time: 0.0015s
Record 86/1000 | Predicted: [0] | True: 0 | Time: 0.0015s
Record 87/1000 | Predicted: [1] | True: 1 | Time: 0.0015s
Record 88/1000 | Predicted: [0] | True: 0 | Time: 0.0015s
Record 89/1000 | Predicted: [0] | True: 0 | Time: 0.0015s
Record 90/1000 | Predicted: [1] | True: 1 | Time: 0.0015s
Record 91/1000 | Predicted: [0] | True: 0 | Time: 0.0015s
Record 92/1000 | Predicted: [1] | True: 1 | Time: 0.0015s
Record 93/1000 | Predicted: [0] | True: 0 | Time: 0.0015s
Record 94/1000 | Predicted: [0] | True: 0 | Time: 0.0015s
Record 95/1000 | Predicted: [1] | True: 1 | Time: 0.0014s
Record 96/1000 | Predicted: [0] | True: 0 | Time: 0.0015s
Record 97/1000 | Predicted: [0] | True: 0 | Time: 0.0014s
Record 98/1000 | Predicted: [0] | True: 0 | Time: 0.0015s
Record 99/1000 | Predicted: [1] | True: 1 | Time: 0.0015s
Record 100/1000 | Predicted: [0] | True: 0 | Time: 0.0015s
Record 101/1000 | Predicted: [1] | True: 1 | Time: 0.0015s
Record 102/1000 | Predicted: [0] | True: 0 | Time: 0.0015s
Record 103/1000 | Predicted: [0] | True: 0 | Time: 0.0015s
Record 104/1000 | Predicted: [0] | True: 0 | Time: 0.0015s
Record 105/1000 | Predicted: [0] | True: 0 | Time: 0.0014s
Record 106/1000 | Predicted: [0] | True: 0 | Time: 0.0015s
Record 107/1000 | Predicted: [1] | True: 0 | Time: 0.0015s
Record 108/1000 | Predicted: [0] | True: 0 | Time: 0.0015s
Record 109/1000 | Predicted: [0] | True: 0 | Time: 0.0015s
Record 110/1000 | Predicted: [0] | True: 0 | Time: 0.0015s
Record 111/1000 | Predicted: [0] | True: 0 | Time: 0.0015s
Record 112/1000 | Predicted: [0] | True: 0 | Time: 0.0014s
Record 113/1000 | Predicted: [0] | True: 0 | Time: 0.0015s
Record 114/1000 | Predicted: [0] | True: 0 | Time: 0.0014s
Record 115/1000 | Predicted: [1] | True: 1 | Time: 0.0015s
Record 116/1000 | Predicted: [0] | True: 0 | Time: 0.0015s
Record 117/1000 | Predicted: [0] | True: 0 | Time: 0.0014s
Record 118/1000 | Predicted: [0] | True: 0 | Time: 0.0015s
Record 119/1000 | Predicted: [1] | True: 1 | Time: 0.0015s
Record 120/1000 | Predicted: [1] | True: 1 | Time: 0.0015s
Record 121/1000 | Predicted: [1] | True: 0 | Time: 0.0015s
Record 122/1000 | Predicted: [0] | True: 0 | Time: 0.0014s
Record 123/1000 | Predicted: [0] | True: 0 | Time: 0.0015s
Record 124/1000 | Predicted: [0] | True: 0 | Time: 0.0015s
Record 125/1000 | Predicted: [0] | True: 0 | Time: 0.0015s
Record 126/1000 | Predicted: [0] | True: 0 | Time: 0.0015s
Record 127/1000 | Predicted: [0] | True: 0 | Time: 0.0015s
Record 128/1000 | Predicted: [0] | True: 0 | Time: 0.0015s
Record 129/1000 | Predicted: [0] | True: 0 | Time: 0.0015s
Record 130/1000 | Predicted: [0] | True: 1 | Time: 0.0015s
Record 131/1000 | Predicted: [0] | True: 0 | Time: 0.0015s
Record 132/1000 | Predicted: [0] | True: 0 | Time: 0.0015s
Record 133/1000 | Predicted: [1] | True: 0 | Time: 0.0015s
Record 134/1000 | Predicted: [0] | True: 0 | Time: 0.0015s
Record 135/1000 | Predicted: [1] | True: 0 | Time: 0.0014s
Record 136/1000 | Predicted: [1] | True: 1 | Time: 0.0015s
Record 137/1000 | Predicted: [1] | True: 1 | Time: 0.0015s
Record 138/1000 | Predicted: [0] | True: 1 | Time: 0.0015s
Record 139/1000 | Predicted: [0] | True: 0 | Time: 0.0015s
Record 140/1000 | Predicted: [1] | True: 1 | Time: 0.0015s
Record 141/1000 | Predicted: [0] | True: 0 | Time: 0.0015s
Record 142/1000 | Predicted: [0] | True: 0 | Time: 0.0015s
Record 143/1000 | Predicted: [0] | True: 0 | Time: 0.0015s
Record 144/1000 | Predicted: [1] | True: 1 | Time: 0.0014s
Record 145/1000 | Predicted: [1] | True: 0 | Time: 0.0015s
Record 146/1000 | Predicted: [0] | True: 0 | Time: 0.0015s
Record 147/1000 | Predicted: [0] | True: 0 | Time: 0.0015s
Record 148/1000 | Predicted: [0] | True: 0 | Time: 0.0015s
Record 149/1000 | Predicted: [0] | True: 0 | Time: 0.0014s
Record 150/1000 | Predicted: [0] | True: 0 | Time: 0.0015s
Record 151/1000 | Predicted: [0] | True: 0 | Time: 0.0015s
Record 152/1000 | Predicted: [0] | True: 0 | Time: 0.0015s
Record 153/1000 | Predicted: [0] | True: 1 | Time: 0.0015s
Record 154/1000 | Predicted: [0] | True: 0 | Time: 0.0015s
Record 155/1000 | Predicted: [0] | True: 0 | Time: 0.0015s
Record 156/1000 | Predicted: [1] | True: 1 | Time: 0.0015s
Record 157/1000 | Predicted: [0] | True: 0 | Time: 0.0014s
Record 158/1000 | Predicted: [0] | True: 0 | Time: 0.0015s
Record 159/1000 | Predicted: [1] | True: 1 | Time: 0.0015s
Record 160/1000 | Predicted: [0] | True: 0 | Time: 0.0014s
Record 161/1000 | Predicted: [0] | True: 0 | Time: 0.0015s
Record 162/1000 | Predicted: [0] | True: 0 | Time: 0.0014s
Record 163/1000 | Predicted: [1] | True: 0 | Time: 0.0015s
Record 164/1000 | Predicted: [0] | True: 0 | Time: 0.0015s
Record 165/1000 | Predicted: [0] | True: 0 | Time: 0.0015s
Record 166/1000 | Predicted: [0] | True: 0 | Time: 0.0015s
Record 167/1000 | Predicted: [0] | True: 0 | Time: 0.0015s
Record 168/1000 | Predicted: [0] | True: 0 | Time: 0.0015s
Record 169/1000 | Predicted: [0] | True: 0 | Time: 0.0015s
Record 170/1000 | Predicted: [0] | True: 0 | Time: 0.0015s
Record 171/1000 | Predicted: [1] | True: 0 | Time: 0.0015s
Record 172/1000 | Predicted: [0] | True: 0 | Time: 0.0014s
Record 173/1000 | Predicted: [0] | True: 0 | Time: 0.0015s
Record 174/1000 | Predicted: [1] | True: 0 | Time: 0.0015s
Record 175/1000 | Predicted: [0] | True: 0 | Time: 0.0015s
Record 176/1000 | Predicted: [0] | True: 0 | Time: 0.0015s
Record 177/1000 | Predicted: [0] | True: 0 | Time: 0.0015s
Record 178/1000 | Predicted: [1] | True: 1 | Time: 0.0015s
Record 179/1000 | Predicted: [1] | True: 0 | Time: 0.0015s
Record 180/1000 | Predicted: [1] | True: 1 | Time: 0.0015s
Record 181/1000 | Predicted: [0] | True: 0 | Time: 0.0015s
Record 182/1000 | Predicted: [1] | True: 1 | Time: 0.0015s
Record 183/1000 | Predicted: [0] | True: 0 | Time: 0.0015s
Record 184/1000 | Predicted: [0] | True: 0 | Time: 0.0015s
Record 185/1000 | Predicted: [0] | True: 0 | Time: 0.0015s
Record 186/1000 | Predicted: [0] | True: 0 | Time: 0.0015s
Record 187/1000 | Predicted: [0] | True: 0 | Time: 0.0015s
Record 188/1000 | Predicted: [0] | True: 0 | Time: 0.0015s
Record 189/1000 | Predicted: [1] | True: 1 | Time: 0.0015s
Record 190/1000 | Predicted: [0] | True: 0 | Time: 0.0015s
Record 191/1000 | Predicted: [1] | True: 0 | Time: 0.0014s
Record 192/1000 | Predicted: [0] | True: 0 | Time: 0.0015s
Record 193/1000 | Predicted: [1] | True: 1 | Time: 0.0015s
Record 194/1000 | Predicted: [0] | True: 1 | Time: 0.0015s
Record 195/1000 | Predicted: [0] | True: 0 | Time: 0.0015s
Record 196/1000 | Predicted: [0] | True: 0 | Time: 0.0014s
Record 197/1000 | Predicted: [0] | True: 0 | Time: 0.0014s
Record 198/1000 | Predicted: [0] | True: 0 | Time: 0.0015s
Record 199/1000 | Predicted: [1] | True: 1 | Time: 0.0015s
Record 200/1000 | Predicted: [0] | True: 0 | Time: 0.0015s
Record 201/1000 | Predicted: [0] | True: 0 | Time: 0.0015s
Record 202/1000 | Predicted: [0] | True: 0 | Time: 0.0015s
Record 203/1000 | Predicted: [0] | True: 0 | Time: 0.0014s
Record 204/1000 | Predicted: [0] | True: 0 | Time: 0.0014s
Record 205/1000 | Predicted: [0] | True: 0 | Time: 0.0015s
Record 206/1000 | Predicted: [0] | True: 0 | Time: 0.0015s
Record 207/1000 | Predicted: [1] | True: 1 | Time: 0.0015s
Record 208/1000 | Predicted: [0] | True: 0 | Time: 0.0015s
Record 209/1000 | Predicted: [0] | True: 0 | Time: 0.0015s
Record 210/1000 | Predicted: [1] | True: 1 | Time: 0.0015s
Record 211/1000 | Predicted: [0] | True: 0 | Time: 0.0015s
Record 212/1000 | Predicted: [0] | True: 1 | Time: 0.0015s
Record 213/1000 | Predicted: [1] | True: 0 | Time: 0.0015s
Record 214/1000 | Predicted: [0] | True: 0 | Time: 0.0015s
Record 215/1000 | Predicted: [0] | True: 0 | Time: 0.0015s
Record 216/1000 | Predicted: [0] | True: 0 | Time: 0.0015s
Record 217/1000 | Predicted: [0] | True: 0 | Time: 0.0015s
Record 218/1000 | Predicted: [1] | True: 1 | Time: 0.0015s
Record 219/1000 | Predicted: [0] | True: 0 | Time: 0.0015s
Record 220/1000 | Predicted: [0] | True: 0 | Time: 0.0015s
Record 221/1000 | Predicted: [0] | True: 0 | Time: 0.0015s
Record 222/1000 | Predicted: [0] | True: 0 | Time: 0.0015s
Record 223/1000 | Predicted: [0] | True: 0 | Time: 0.0015s
Record 224/1000 | Predicted: [1] | True: 1 | Time: 0.0015s
Record 225/1000 | Predicted: [0] | True: 0 | Time: 0.0015s
Record 226/1000 | Predicted: [1] | True: 1 | Time: 0.0015s
Record 227/1000 | Predicted: [0] | True: 1 | Time: 0.0015s
Record 228/1000 | Predicted: [1] | True: 1 | Time: 0.0015s
Record 229/1000 | Predicted: [0] | True: 0 | Time: 0.0015s
Record 230/1000 | Predicted: [0] | True: 0 | Time: 0.0015s
Record 231/1000 | Predicted: [0] | True: 0 | Time: 0.0014s
Record 232/1000 | Predicted: [0] | True: 0 | Time: 0.0015s
Record 233/1000 | Predicted: [0] | True: 0 | Time: 0.0015s
Record 234/1000 | Predicted: [0] | True: 0 | Time: 0.0015s
Record 235/1000 | Predicted: [1] | True: 1 | Time: 0.0015s
Record 236/1000 | Predicted: [0] | True: 0 | Time: 0.0015s
Record 237/1000 | Predicted: [0] | True: 0 | Time: 0.0015s
Record 238/1000 | Predicted: [1] | True: 0 | Time: 0.0015s
Record 239/1000 | Predicted: [1] | True: 1 | Time: 0.0015s
Record 240/1000 | Predicted: [0] | True: 0 | Time: 0.0015s
Record 241/1000 | Predicted: [1] | True: 1 | Time: 0.0015s
Record 242/1000 | Predicted: [1] | True: 0 | Time: 0.0015s
Record 243/1000 | Predicted: [0] | True: 0 | Time: 0.0014s
Record 244/1000 | Predicted: [0] | True: 0 | Time: 0.0015s
Record 245/1000 | Predicted: [0] | True: 0 | Time: 0.0014s
Record 246/1000 | Predicted: [1] | True: 1 | Time: 0.0014s
Record 247/1000 | Predicted: [0] | True: 0 | Time: 0.0015s
Record 248/1000 | Predicted: [0] | True: 0 | Time: 0.0015s
Record 249/1000 | Predicted: [0] | True: 0 | Time: 0.0015s
Record 250/1000 | Predicted: [0] | True: 0 | Time: 0.0015s
Record 251/1000 | Predicted: [0] | True: 0 | Time: 0.0014s
Record 252/1000 | Predicted: [1] | True: 1 | Time: 0.0015s
Record 253/1000 | Predicted: [0] | True: 0 | Time: 0.0015s
Record 254/1000 | Predicted: [0] | True: 0 | Time: 0.0015s
Record 255/1000 | Predicted: [0] | True: 0 | Time: 0.0014s
Record 256/1000 | Predicted: [0] | True: 0 | Time: 0.0015s
Record 257/1000 | Predicted: [0] | True: 0 | Time: 0.0015s
Record 258/1000 | Predicted: [1] | True: 1 | Time: 0.0014s
Record 259/1000 | Predicted: [0] | True: 1 | Time: 0.0015s
Record 260/1000 | Predicted: [0] | True: 0 | Time: 0.0015s
Record 261/1000 | Predicted: [0] | True: 0 | Time: 0.0015s
Record 262/1000 | Predicted: [0] | True: 0 | Time: 0.0015s
Record 263/1000 | Predicted: [0] | True: 0 | Time: 0.0015s
Record 264/1000 | Predicted: [0] | True: 0 | Time: 0.0015s
Record 265/1000 | Predicted: [0] | True: 0 | Time: 0.0015s
Record 266/1000 | Predicted: [0] | True: 0 | Time: 0.0015s
Record 267/1000 | Predicted: [1] | True: 1 | Time: 0.0015s
Record 268/1000 | Predicted: [0] | True: 0 | Time: 0.0015s
Record 269/1000 | Predicted: [0] | True: 0 | Time: 0.0015s
Record 270/1000 | Predicted: [1] | True: 1 | Time: 0.0015s
Record 271/1000 | Predicted: [0] | True: 0 | Time: 0.0015s
Record 272/1000 | Predicted: [0] | True: 0 | Time: 0.0015s
Record 273/1000 | Predicted: [1] | True: 1 | Time: 0.0015s
Record 274/1000 | Predicted: [1] | True: 1 | Time: 0.0015s
Record 275/1000 | Predicted: [0] | True: 0 | Time: 0.0015s
Record 276/1000 | Predicted: [0] | True: 1 | Time: 0.0015s
Record 277/1000 | Predicted: [0] | True: 0 | Time: 0.0015s
Record 278/1000 | Predicted: [0] | True: 0 | Time: 0.0015s
Record 279/1000 | Predicted: [0] | True: 0 | Time: 0.0014s
Record 280/1000 | Predicted: [0] | True: 0 | Time: 0.0015s
Record 281/1000 | Predicted: [0] | True: 0 | Time: 0.0015s
Record 282/1000 | Predicted: [0] | True: 0 | Time: 0.0015s
Record 283/1000 | Predicted: [0] | True: 0 | Time: 0.0015s
Record 284/1000 | Predicted: [0] | True: 0 | Time: 0.0014s
Record 285/1000 | Predicted: [1] | True: 0 | Time: 0.0015s
Record 286/1000 | Predicted: [0] | True: 0 | Time: 0.0015s
Record 287/1000 | Predicted: [0] | True: 0 | Time: 0.0014s
Record 288/1000 | Predicted: [1] | True: 0 | Time: 0.0015s
Record 289/1000 | Predicted: [1] | True: 1 | Time: 0.0015s
Record 290/1000 | Predicted: [0] | True: 0 | Time: 0.0015s
Record 291/1000 | Predicted: [1] | True: 0 | Time: 0.0015s
Record 292/1000 | Predicted: [0] | True: 0 | Time: 0.0014s
Record 293/1000 | Predicted: [1] | True: 1 | Time: 0.0015s
Record 294/1000 | Predicted: [0] | True: 0 | Time: 0.0015s
Record 295/1000 | Predicted: [0] | True: 0 | Time: 0.0014s
Record 296/1000 | Predicted: [0] | True: 0 | Time: 0.0015s
Record 297/1000 | Predicted: [0] | True: 0 | Time: 0.0015s
Record 298/1000 | Predicted: [1] | True: 1 | Time: 0.0015s
Record 299/1000 | Predicted: [0] | True: 0 | Time: 0.0015s
Record 300/1000 | Predicted: [1] | True: 0 | Time: 0.0015s
Record 301/1000 | Predicted: [0] | True: 0 | Time: 0.0015s
Record 302/1000 | Predicted: [0] | True: 0 | Time: 0.0014s
Record 303/1000 | Predicted: [0] | True: 0 | Time: 0.0015s
Record 304/1000 | Predicted: [0] | True: 0 | Time: 0.0015s
Record 305/1000 | Predicted: [0] | True: 0 | Time: 0.0015s
Record 306/1000 | Predicted: [0] | True: 0 | Time: 0.0015s
Record 307/1000 | Predicted: [0] | True: 0 | Time: 0.0014s
Record 308/1000 | Predicted: [0] | True: 0 | Time: 0.0014s
Record 309/1000 | Predicted: [0] | True: 0 | Time: 0.0014s
Record 310/1000 | Predicted: [0] | True: 0 | Time: 0.0015s
Record 311/1000 | Predicted: [0] | True: 0 | Time: 0.0015s
Record 312/1000 | Predicted: [1] | True: 0 | Time: 0.0015s
Record 313/1000 | Predicted: [0] | True: 0 | Time: 0.0015s
Record 314/1000 | Predicted: [0] | True: 1 | Time: 0.0015s
Record 315/1000 | Predicted: [0] | True: 0 | Time: 0.0015s
Record 316/1000 | Predicted: [0] | True: 1 | Time: 0.0015s
Record 317/1000 | Predicted: [1] | True: 1 | Time: 0.0014s
Record 318/1000 | Predicted: [0] | True: 0 | Time: 0.0015s
Record 319/1000 | Predicted: [0] | True: 0 | Time: 0.0014s
Record 320/1000 | Predicted: [0] | True: 0 | Time: 0.0015s
Record 321/1000 | Predicted: [0] | True: 0 | Time: 0.0015s
Record 322/1000 | Predicted: [0] | True: 0 | Time: 0.0015s
Record 323/1000 | Predicted: [0] | True: 0 | Time: 0.0015s
Record 324/1000 | Predicted: [0] | True: 0 | Time: 0.0015s
Record 325/1000 | Predicted: [0] | True: 0 | Time: 0.0015s
Record 326/1000 | Predicted: [0] | True: 0 | Time: 0.0015s
Record 327/1000 | Predicted: [0] | True: 0 | Time: 0.0014s
Record 328/1000 | Predicted: [1] | True: 1 | Time: 0.0015s
Record 329/1000 | Predicted: [1] | True: 0 | Time: 0.0015s
Record 330/1000 | Predicted: [0] | True: 0 | Time: 0.0015s
Record 331/1000 | Predicted: [0] | True: 0 | Time: 0.0015s
Record 332/1000 | Predicted: [0] | True: 0 | Time: 0.0014s
Record 333/1000 | Predicted: [0] | True: 0 | Time: 0.0015s
Record 334/1000 | Predicted: [0] | True: 0 | Time: 0.0015s
Record 335/1000 | Predicted: [1] | True: 1 | Time: 0.0015s
Record 336/1000 | Predicted: [0] | True: 0 | Time: 0.0015s
Record 337/1000 | Predicted: [0] | True: 0 | Time: 0.0015s
Record 338/1000 | Predicted: [0] | True: 0 | Time: 0.0015s
Record 339/1000 | Predicted: [0] | True: 0 | Time: 0.0015s
Record 340/1000 | Predicted: [0] | True: 0 | Time: 0.0015s
Record 341/1000 | Predicted: [1] | True: 1 | Time: 0.0015s
Record 342/1000 | Predicted: [0] | True: 0 | Time: 0.0015s
Record 343/1000 | Predicted: [0] | True: 0 | Time: 0.0015s
Record 344/1000 | Predicted: [0] | True: 0 | Time: 0.0015s
Record 345/1000 | Predicted: [0] | True: 0 | Time: 0.0015s
Record 346/1000 | Predicted: [0] | True: 0 | Time: 0.0015s
Record 347/1000 | Predicted: [0] | True: 0 | Time: 0.0014s
Record 348/1000 | Predicted: [0] | True: 0 | Time: 0.0015s
Record 349/1000 | Predicted: [0] | True: 0 | Time: 0.0015s
Record 350/1000 | Predicted: [0] | True: 0 | Time: 0.0015s
Record 351/1000 | Predicted: [0] | True: 0 | Time: 0.0014s
Record 352/1000 | Predicted: [0] | True: 0 | Time: 0.0015s
Record 353/1000 | Predicted: [0] | True: 0 | Time: 0.0015s
Record 354/1000 | Predicted: [0] | True: 0 | Time: 0.0015s
Record 355/1000 | Predicted: [1] | True: 1 | Time: 0.0015s
Record 356/1000 | Predicted: [0] | True: 0 | Time: 0.0015s
Record 357/1000 | Predicted: [0] | True: 0 | Time: 0.0015s
Record 358/1000 | Predicted: [0] | True: 0 | Time: 0.0014s
Record 359/1000 | Predicted: [0] | True: 0 | Time: 0.0015s
Record 360/1000 | Predicted: [1] | True: 1 | Time: 0.0015s
Record 361/1000 | Predicted: [0] | True: 0 | Time: 0.0015s
Record 362/1000 | Predicted: [0] | True: 0 | Time: 0.0015s
Record 363/1000 | Predicted: [0] | True: 0 | Time: 0.0015s
Record 364/1000 | Predicted: [0] | True: 0 | Time: 0.0015s
Record 365/1000 | Predicted: [0] | True: 0 | Time: 0.0015s
Record 366/1000 | Predicted: [0] | True: 0 | Time: 0.0015s
Record 367/1000 | Predicted: [0] | True: 0 | Time: 0.0015s
Record 368/1000 | Predicted: [0] | True: 1 | Time: 0.0014s
Record 369/1000 | Predicted: [0] | True: 0 | Time: 0.0015s
Record 370/1000 | Predicted: [0] | True: 0 | Time: 0.0015s
Record 371/1000 | Predicted: [0] | True: 0 | Time: 0.0015s
Record 372/1000 | Predicted: [0] | True: 0 | Time: 0.0015s
Record 373/1000 | Predicted: [1] | True: 1 | Time: 0.0015s
Record 374/1000 | Predicted: [0] | True: 0 | Time: 0.0015s
Record 375/1000 | Predicted: [0] | True: 0 | Time: 0.0015s
Record 376/1000 | Predicted: [0] | True: 0 | Time: 0.0015s
Record 377/1000 | Predicted: [1] | True: 1 | Time: 0.0015s
Record 378/1000 | Predicted: [0] | True: 0 | Time: 0.0015s
Record 379/1000 | Predicted: [0] | True: 0 | Time: 0.0015s
Record 380/1000 | Predicted: [1] | True: 1 | Time: 0.0015s
Record 381/1000 | Predicted: [1] | True: 0 | Time: 0.0015s
Record 382/1000 | Predicted: [0] | True: 0 | Time: 0.0015s
Record 383/1000 | Predicted: [0] | True: 1 | Time: 0.0015s
Record 384/1000 | Predicted: [0] | True: 0 | Time: 0.0015s
Record 385/1000 | Predicted: [0] | True: 0 | Time: 0.0015s
Record 386/1000 | Predicted: [1] | True: 1 | Time: 0.0015s
Record 387/1000 | Predicted: [0] | True: 0 | Time: 0.0015s
Record 388/1000 | Predicted: [0] | True: 1 | Time: 0.0015s
Record 389/1000 | Predicted: [0] | True: 0 | Time: 0.0015s
Record 390/1000 | Predicted: [0] | True: 0 | Time: 0.0015s
Record 391/1000 | Predicted: [0] | True: 0 | Time: 0.0015s
Record 392/1000 | Predicted: [0] | True: 0 | Time: 0.0015s
Record 393/1000 | Predicted: [1] | True: 1 | Time: 0.0015s
Record 394/1000 | Predicted: [0] | True: 0 | Time: 0.0015s
Record 395/1000 | Predicted: [0] | True: 0 | Time: 0.0015s
Record 396/1000 | Predicted: [0] | True: 0 | Time: 0.0015s
Record 397/1000 | Predicted: [1] | True: 1 | Time: 0.0015s
Record 398/1000 | Predicted: [0] | True: 0 | Time: 0.0015s
Record 399/1000 | Predicted: [0] | True: 0 | Time: 0.0015s
Record 400/1000 | Predicted: [0] | True: 0 | Time: 0.0015s
Record 401/1000 | Predicted: [0] | True: 0 | Time: 0.0015s
Record 402/1000 | Predicted: [0] | True: 0 | Time: 0.0015s
Record 403/1000 | Predicted: [0] | True: 0 | Time: 0.0015s
Record 404/1000 | Predicted: [0] | True: 0 | Time: 0.0015s
Record 405/1000 | Predicted: [0] | True: 0 | Time: 0.0015s
Record 406/1000 | Predicted: [0] | True: 0 | Time: 0.0015s
Record 407/1000 | Predicted: [0] | True: 0 | Time: 0.0015s
Record 408/1000 | Predicted: [0] | True: 0 | Time: 0.0015s
Record 409/1000 | Predicted: [0] | True: 0 | Time: 0.0015s
Record 410/1000 | Predicted: [0] | True: 0 | Time: 0.0015s
Record 411/1000 | Predicted: [0] | True: 1 | Time: 0.0015s
Record 412/1000 | Predicted: [0] | True: 0 | Time: 0.0015s
Record 413/1000 | Predicted: [0] | True: 0 | Time: 0.0015s
Record 414/1000 | Predicted: [0] | True: 0 | Time: 0.0015s
Record 415/1000 | Predicted: [0] | True: 0 | Time: 0.0015s
Record 416/1000 | Predicted: [0] | True: 0 | Time: 0.0015s
Record 417/1000 | Predicted: [0] | True: 0 | Time: 0.0015s
Record 418/1000 | Predicted: [0] | True: 0 | Time: 0.0015s
Record 419/1000 | Predicted: [0] | True: 1 | Time: 0.0015s
Record 420/1000 | Predicted: [0] | True: 0 | Time: 0.0015s
Record 421/1000 | Predicted: [1] | True: 1 | Time: 0.0015s
Record 422/1000 | Predicted: [0] | True: 0 | Time: 0.0015s
Record 423/1000 | Predicted: [0] | True: 0 | Time: 0.0015s
Record 424/1000 | Predicted: [0] | True: 0 | Time: 0.0015s
Record 425/1000 | Predicted: [1] | True: 1 | Time: 0.0015s
Record 426/1000 | Predicted: [1] | True: 0 | Time: 0.0015s
Record 427/1000 | Predicted: [0] | True: 0 | Time: 0.0015s
Record 428/1000 | Predicted: [0] | True: 0 | Time: 0.0015s
Record 429/1000 | Predicted: [1] | True: 1 | Time: 0.0015s
Record 430/1000 | Predicted: [0] | True: 0 | Time: 0.0015s
Record 431/1000 | Predicted: [0] | True: 0 | Time: 0.0015s
Record 432/1000 | Predicted: [0] | True: 0 | Time: 0.0015s
Record 433/1000 | Predicted: [0] | True: 0 | Time: 0.0015s
Record 434/1000 | Predicted: [1] | True: 1 | Time: 0.0015s
Record 435/1000 | Predicted: [0] | True: 0 | Time: 0.0015s
Record 436/1000 | Predicted: [0] | True: 0 | Time: 0.0015s
Record 437/1000 | Predicted: [0] | True: 0 | Time: 0.0015s
Record 438/1000 | Predicted: [0] | True: 0 | Time: 0.0015s
Record 439/1000 | Predicted: [1] | True: 1 | Time: 0.0015s
Record 440/1000 | Predicted: [1] | True: 1 | Time: 0.0015s
Record 441/1000 | Predicted: [0] | True: 0 | Time: 0.0015s
Record 442/1000 | Predicted: [1] | True: 1 | Time: 0.0015s
Record 443/1000 | Predicted: [0] | True: 0 | Time: 0.0015s
Record 444/1000 | Predicted: [1] | True: 0 | Time: 0.0015s
Record 445/1000 | Predicted: [0] | True: 0 | Time: 0.0015s
Record 446/1000 | Predicted: [1] | True: 1 | Time: 0.0015s
Record 447/1000 | Predicted: [0] | True: 0 | Time: 0.0015s
Record 448/1000 | Predicted: [0] | True: 0 | Time: 0.0015s
Record 449/1000 | Predicted: [0] | True: 0 | Time: 0.0015s
Record 450/1000 | Predicted: [1] | True: 1 | Time: 0.0015s
Record 451/1000 | Predicted: [0] | True: 0 | Time: 0.0015s
Record 452/1000 | Predicted: [0] | True: 0 | Time: 0.0015s
Record 453/1000 | Predicted: [0] | True: 0 | Time: 0.0015s
Record 454/1000 | Predicted: [0] | True: 1 | Time: 0.0015s
Record 455/1000 | Predicted: [0] | True: 0 | Time: 0.0015s
Record 456/1000 | Predicted: [0] | True: 0 | Time: 0.0015s
Record 457/1000 | Predicted: [0] | True: 0 | Time: 0.0015s
Record 458/1000 | Predicted: [0] | True: 0 | Time: 0.0015s
Record 459/1000 | Predicted: [0] | True: 0 | Time: 0.0015s
Record 460/1000 | Predicted: [1] | True: 0 | Time: 0.0015s
Record 461/1000 | Predicted: [0] | True: 0 | Time: 0.0015s
Record 462/1000 | Predicted: [0] | True: 0 | Time: 0.0015s
Record 463/1000 | Predicted: [0] | True: 0 | Time: 0.0015s
Record 464/1000 | Predicted: [0] | True: 0 | Time: 0.0015s
Record 465/1000 | Predicted: [0] | True: 1 | Time: 0.0015s
Record 466/1000 | Predicted: [0] | True: 0 | Time: 0.0015s
Record 467/1000 | Predicted: [0] | True: 0 | Time: 0.0015s
Record 468/1000 | Predicted: [0] | True: 0 | Time: 0.0015s
Record 469/1000 | Predicted: [0] | True: 0 | Time: 0.0015s
Record 470/1000 | Predicted: [0] | True: 0 | Time: 0.0015s
Record 471/1000 | Predicted: [0] | True: 0 | Time: 0.0015s
Record 472/1000 | Predicted: [0] | True: 0 | Time: 0.0015s
Record 473/1000 | Predicted: [0] | True: 0 | Time: 0.0015s
Record 474/1000 | Predicted: [0] | True: 0 | Time: 0.0015s
Record 475/1000 | Predicted: [0] | True: 0 | Time: 0.0015s
Record 476/1000 | Predicted: [0] | True: 0 | Time: 0.0015s
Record 477/1000 | Predicted: [0] | True: 0 | Time: 0.0015s
Record 478/1000 | Predicted: [0] | True: 0 | Time: 0.0015s
Record 479/1000 | Predicted: [0] | True: 0 | Time: 0.0015s
Record 480/1000 | Predicted: [0] | True: 0 | Time: 0.0015s
Record 481/1000 | Predicted: [0] | True: 0 | Time: 0.0015s
Record 482/1000 | Predicted: [0] | True: 0 | Time: 0.0015s
Record 483/1000 | Predicted: [0] | True: 0 | Time: 0.0014s
Record 484/1000 | Predicted: [0] | True: 0 | Time: 0.0015s
Record 485/1000 | Predicted: [0] | True: 0 | Time: 0.0015s
Record 486/1000 | Predicted: [0] | True: 0 | Time: 0.0015s
Record 487/1000 | Predicted: [1] | True: 1 | Time: 0.0015s
Record 488/1000 | Predicted: [0] | True: 0 | Time: 0.0015s
Record 489/1000 | Predicted: [0] | True: 0 | Time: 0.0015s
Record 490/1000 | Predicted: [0] | True: 0 | Time: 0.0015s
Record 491/1000 | Predicted: [0] | True: 0 | Time: 0.0014s
Record 492/1000 | Predicted: [1] | True: 1 | Time: 0.0015s
Record 493/1000 | Predicted: [0] | True: 0 | Time: 0.0014s
Record 494/1000 | Predicted: [0] | True: 0 | Time: 0.0015s
Record 495/1000 | Predicted: [0] | True: 0 | Time: 0.0015s
Record 496/1000 | Predicted: [0] | True: 0 | Time: 0.0015s
Record 497/1000 | Predicted: [0] | True: 0 | Time: 0.0015s
Record 498/1000 | Predicted: [0] | True: 1 | Time: 0.0014s
Record 499/1000 | Predicted: [0] | True: 0 | Time: 0.0015s
Record 500/1000 | Predicted: [0] | True: 0 | Time: 0.0014s
Record 501/1000 | Predicted: [0] | True: 0 | Time: 0.0015s
Record 502/1000 | Predicted: [0] | True: 0 | Time: 0.0015s
Record 503/1000 | Predicted: [0] | True: 0 | Time: 0.0015s
Record 504/1000 | Predicted: [0] | True: 1 | Time: 0.0015s
Record 505/1000 | Predicted: [1] | True: 1 | Time: 0.0015s
Record 506/1000 | Predicted: [0] | True: 0 | Time: 0.0015s
Record 507/1000 | Predicted: [1] | True: 1 | Time: 0.0015s
Record 508/1000 | Predicted: [0] | True: 0 | Time: 0.0015s
Record 509/1000 | Predicted: [0] | True: 0 | Time: 0.0015s
Record 510/1000 | Predicted: [0] | True: 0 | Time: 0.0014s
Record 511/1000 | Predicted: [1] | True: 1 | Time: 0.0015s
Record 512/1000 | Predicted: [0] | True: 0 | Time: 0.0015s
Record 513/1000 | Predicted: [0] | True: 0 | Time: 0.0015s
Record 514/1000 | Predicted: [0] | True: 0 | Time: 0.0015s
Record 515/1000 | Predicted: [0] | True: 0 | Time: 0.0015s
Record 516/1000 | Predicted: [0] | True: 0 | Time: 0.0014s
Record 517/1000 | Predicted: [0] | True: 0 | Time: 0.0015s
Record 518/1000 | Predicted: [1] | True: 1 | Time: 0.0014s
Record 519/1000 | Predicted: [0] | True: 0 | Time: 0.0015s
Record 520/1000 | Predicted: [0] | True: 0 | Time: 0.0015s
Record 521/1000 | Predicted: [1] | True: 1 | Time: 0.0015s
Record 522/1000 | Predicted: [0] | True: 0 | Time: 0.0015s
Record 523/1000 | Predicted: [0] | True: 0 | Time: 0.0014s
Record 524/1000 | Predicted: [0] | True: 0 | Time: 0.0015s
Record 525/1000 | Predicted: [0] | True: 0 | Time: 0.0014s
Record 526/1000 | Predicted: [0] | True: 0 | Time: 0.0015s
Record 527/1000 | Predicted: [1] | True: 0 | Time: 0.0014s
Record 528/1000 | Predicted: [0] | True: 0 | Time: 0.0014s
Record 529/1000 | Predicted: [1] | True: 0 | Time: 0.0015s
Record 530/1000 | Predicted: [0] | True: 0 | Time: 0.0015s
Record 531/1000 | Predicted: [0] | True: 0 | Time: 0.0015s
Record 532/1000 | Predicted: [0] | True: 0 | Time: 0.0015s
Record 533/1000 | Predicted: [0] | True: 0 | Time: 0.0015s
Record 534/1000 | Predicted: [1] | True: 1 | Time: 0.0015s
Record 535/1000 | Predicted: [1] | True: 1 | Time: 0.0015s
Record 536/1000 | Predicted: [0] | True: 0 | Time: 0.0015s
Record 537/1000 | Predicted: [0] | True: 0 | Time: 0.0015s
Record 538/1000 | Predicted: [1] | True: 0 | Time: 0.0015s
Record 539/1000 | Predicted: [0] | True: 0 | Time: 0.0015s
Record 540/1000 | Predicted: [0] | True: 0 | Time: 0.0015s
Record 541/1000 | Predicted: [0] | True: 0 | Time: 0.0015s
Record 542/1000 | Predicted: [1] | True: 1 | Time: 0.0015s
Record 543/1000 | Predicted: [0] | True: 0 | Time: 0.0014s
Record 544/1000 | Predicted: [0] | True: 0 | Time: 0.0015s
Record 545/1000 | Predicted: [0] | True: 0 | Time: 0.0015s
Record 546/1000 | Predicted: [1] | True: 1 | Time: 0.0015s
Record 547/1000 | Predicted: [0] | True: 0 | Time: 0.0015s
Record 548/1000 | Predicted: [1] | True: 1 | Time: 0.0015s
Record 549/1000 | Predicted: [0] | True: 0 | Time: 0.0015s
Record 550/1000 | Predicted: [0] | True: 0 | Time: 0.0014s
Record 551/1000 | Predicted: [1] | True: 1 | Time: 0.0015s
Record 552/1000 | Predicted: [1] | True: 0 | Time: 0.0015s
Record 553/1000 | Predicted: [0] | True: 0 | Time: 0.0015s
Record 554/1000 | Predicted: [0] | True: 0 | Time: 0.0015s
Record 555/1000 | Predicted: [1] | True: 1 | Time: 0.0015s
Record 556/1000 | Predicted: [1] | True: 0 | Time: 0.0015s
Record 557/1000 | Predicted: [1] | True: 1 | Time: 0.0015s
Record 558/1000 | Predicted: [0] | True: 0 | Time: 0.0015s
Record 559/1000 | Predicted: [0] | True: 0 | Time: 0.0015s
Record 560/1000 | Predicted: [0] | True: 0 | Time: 0.0015s
Record 561/1000 | Predicted: [1] | True: 1 | Time: 0.0015s
Record 562/1000 | Predicted: [0] | True: 0 | Time: 0.0016s
Record 563/1000 | Predicted: [1] | True: 1 | Time: 0.0016s
Record 564/1000 | Predicted: [0] | True: 0 | Time: 0.0016s
Record 565/1000 | Predicted: [0] | True: 0 | Time: 0.0016s
Record 566/1000 | Predicted: [0] | True: 0 | Time: 0.0016s
Record 567/1000 | Predicted: [0] | True: 0 | Time: 0.0016s
Record 568/1000 | Predicted: [1] | True: 0 | Time: 0.0016s
Record 569/1000 | Predicted: [1] | True: 1 | Time: 0.0016s
Record 570/1000 | Predicted: [0] | True: 0 | Time: 0.0016s
Record 571/1000 | Predicted: [1] | True: 0 | Time: 0.0015s
Record 572/1000 | Predicted: [1] | True: 1 | Time: 0.0016s
Record 573/1000 | Predicted: [0] | True: 0 | Time: 0.0015s
Record 574/1000 | Predicted: [1] | True: 1 | Time: 0.0016s
Record 575/1000 | Predicted: [0] | True: 0 | Time: 0.0015s
Record 576/1000 | Predicted: [0] | True: 0 | Time: 0.0015s
Record 577/1000 | Predicted: [0] | True: 0 | Time: 0.0015s
Record 578/1000 | Predicted: [0] | True: 0 | Time: 0.0015s
Record 579/1000 | Predicted: [0] | True: 0 | Time: 0.0016s
Record 580/1000 | Predicted: [0] | True: 0 | Time: 0.0016s
Record 581/1000 | Predicted: [1] | True: 0 | Time: 0.0016s
Record 582/1000 | Predicted: [0] | True: 0 | Time: 0.0016s
Record 583/1000 | Predicted: [0] | True: 0 | Time: 0.0016s
Record 584/1000 | Predicted: [1] | True: 0 | Time: 0.0016s
Record 585/1000 | Predicted: [0] | True: 0 | Time: 0.0015s
Record 586/1000 | Predicted: [0] | True: 0 | Time: 0.0016s
Record 587/1000 | Predicted: [0] | True: 0 | Time: 0.0015s
Record 588/1000 | Predicted: [1] | True: 1 | Time: 0.0016s
Record 589/1000 | Predicted: [0] | True: 0 | Time: 0.0015s
Record 590/1000 | Predicted: [0] | True: 0 | Time: 0.0016s
Record 591/1000 | Predicted: [1] | True: 1 | Time: 0.0016s
Record 592/1000 | Predicted: [0] | True: 0 | Time: 0.0016s
Record 593/1000 | Predicted: [0] | True: 0 | Time: 0.0015s
Record 594/1000 | Predicted: [0] | True: 0 | Time: 0.0015s
Record 595/1000 | Predicted: [1] | True: 1 | Time: 0.0016s
Record 596/1000 | Predicted: [0] | True: 0 | Time: 0.0017s
Record 597/1000 | Predicted: [0] | True: 0 | Time: 0.0027s
Record 598/1000 | Predicted: [0] | True: 0 | Time: 0.0030s
Record 599/1000 | Predicted: [0] | True: 0 | Time: 0.0028s
Record 600/1000 | Predicted: [0] | True: 0 | Time: 0.0027s
Record 601/1000 | Predicted: [1] | True: 1 | Time: 0.0027s
Record 602/1000 | Predicted: [0] | True: 0 | Time: 0.0027s
Record 603/1000 | Predicted: [0] | True: 1 | Time: 0.0020s
Record 604/1000 | Predicted: [1] | True: 1 | Time: 0.0016s
Record 605/1000 | Predicted: [0] | True: 0 | Time: 0.0015s
Record 606/1000 | Predicted: [0] | True: 0 | Time: 0.0016s
Record 607/1000 | Predicted: [0] | True: 0 | Time: 0.0015s
Record 608/1000 | Predicted: [0] | True: 0 | Time: 0.0016s
Record 609/1000 | Predicted: [0] | True: 0 | Time: 0.0015s
Record 610/1000 | Predicted: [0] | True: 0 | Time: 0.0016s
Record 611/1000 | Predicted: [0] | True: 0 | Time: 0.0015s
Record 612/1000 | Predicted: [1] | True: 1 | Time: 0.0015s
Record 613/1000 | Predicted: [0] | True: 0 | Time: 0.0016s
Record 614/1000 | Predicted: [0] | True: 0 | Time: 0.0015s
Record 615/1000 | Predicted: [0] | True: 0 | Time: 0.0016s
Record 616/1000 | Predicted: [1] | True: 1 | Time: 0.0015s
Record 617/1000 | Predicted: [0] | True: 0 | Time: 0.0016s
Record 618/1000 | Predicted: [0] | True: 0 | Time: 0.0015s
Record 619/1000 | Predicted: [0] | True: 0 | Time: 0.0016s
Record 620/1000 | Predicted: [0] | True: 0 | Time: 0.0016s
Record 621/1000 | Predicted: [0] | True: 0 | Time: 0.0016s
Record 622/1000 | Predicted: [0] | True: 0 | Time: 0.0016s
Record 623/1000 | Predicted: [0] | True: 0 | Time: 0.0015s
Record 624/1000 | Predicted: [0] | True: 0 | Time: 0.0015s
Record 625/1000 | Predicted: [0] | True: 0 | Time: 0.0015s
Record 626/1000 | Predicted: [0] | True: 0 | Time: 0.0016s
Record 627/1000 | Predicted: [0] | True: 0 | Time: 0.0015s
Record 628/1000 | Predicted: [0] | True: 0 | Time: 0.0015s
Record 629/1000 | Predicted: [0] | True: 0 | Time: 0.0016s
Record 630/1000 | Predicted: [0] | True: 0 | Time: 0.0017s
Record 631/1000 | Predicted: [0] | True: 0 | Time: 0.0016s
Record 632/1000 | Predicted: [1] | True: 1 | Time: 0.0015s
Record 633/1000 | Predicted: [0] | True: 0 | Time: 0.0015s
Record 634/1000 | Predicted: [0] | True: 0 | Time: 0.0015s
Record 635/1000 | Predicted: [1] | True: 1 | Time: 0.0015s
Record 636/1000 | Predicted: [0] | True: 0 | Time: 0.0015s
Record 637/1000 | Predicted: [0] | True: 0 | Time: 0.0015s
Record 638/1000 | Predicted: [0] | True: 0 | Time: 0.0015s
Record 639/1000 | Predicted: [0] | True: 0 | Time: 0.0015s
Record 640/1000 | Predicted: [0] | True: 0 | Time: 0.0015s
Record 641/1000 | Predicted: [1] | True: 1 | Time: 0.0015s
Record 642/1000 | Predicted: [0] | True: 0 | Time: 0.0015s
Record 643/1000 | Predicted: [0] | True: 0 | Time: 0.0015s
Record 644/1000 | Predicted: [1] | True: 1 | Time: 0.0015s
Record 645/1000 | Predicted: [0] | True: 0 | Time: 0.0015s
Record 646/1000 | Predicted: [0] | True: 0 | Time: 0.0015s
Record 647/1000 | Predicted: [0] | True: 0 | Time: 0.0015s
Record 648/1000 | Predicted: [0] | True: 0 | Time: 0.0015s
Record 649/1000 | Predicted: [0] | True: 0 | Time: 0.0015s
Record 650/1000 | Predicted: [0] | True: 0 | Time: 0.0015s
Record 651/1000 | Predicted: [0] | True: 0 | Time: 0.0015s
Record 652/1000 | Predicted: [0] | True: 0 | Time: 0.0015s
Record 653/1000 | Predicted: [0] | True: 0 | Time: 0.0015s
Record 654/1000 | Predicted: [0] | True: 0 | Time: 0.0015s
Record 655/1000 | Predicted: [0] | True: 0 | Time: 0.0015s
Record 656/1000 | Predicted: [0] | True: 0 | Time: 0.0015s
Record 657/1000 | Predicted: [0] | True: 0 | Time: 0.0015s
Record 658/1000 | Predicted: [0] | True: 0 | Time: 0.0015s
Record 659/1000 | Predicted: [0] | True: 0 | Time: 0.0015s
Record 660/1000 | Predicted: [1] | True: 0 | Time: 0.0015s
Record 661/1000 | Predicted: [0] | True: 0 | Time: 0.0015s
Record 662/1000 | Predicted: [0] | True: 0 | Time: 0.0015s
Record 663/1000 | Predicted: [1] | True: 1 | Time: 0.0015s
Record 664/1000 | Predicted: [0] | True: 0 | Time: 0.0015s
Record 665/1000 | Predicted: [0] | True: 0 | Time: 0.0016s
Record 666/1000 | Predicted: [1] | True: 1 | Time: 0.0015s
Record 667/1000 | Predicted: [0] | True: 0 | Time: 0.0015s
Record 668/1000 | Predicted: [1] | True: 1 | Time: 0.0015s
Record 669/1000 | Predicted: [0] | True: 0 | Time: 0.0015s
Record 670/1000 | Predicted: [0] | True: 0 | Time: 0.0015s
Record 671/1000 | Predicted: [0] | True: 0 | Time: 0.0015s
Record 672/1000 | Predicted: [0] | True: 0 | Time: 0.0014s
Record 673/1000 | Predicted: [0] | True: 0 | Time: 0.0015s
Record 674/1000 | Predicted: [0] | True: 0 | Time: 0.0014s
Record 675/1000 | Predicted: [0] | True: 0 | Time: 0.0015s
Record 676/1000 | Predicted: [0] | True: 0 | Time: 0.0014s
Record 677/1000 | Predicted: [0] | True: 0 | Time: 0.0015s
Record 678/1000 | Predicted: [0] | True: 0 | Time: 0.0015s
Record 679/1000 | Predicted: [0] | True: 0 | Time: 0.0014s
Record 680/1000 | Predicted: [0] | True: 0 | Time: 0.0015s
Record 681/1000 | Predicted: [0] | True: 0 | Time: 0.0015s
Record 682/1000 | Predicted: [0] | True: 0 | Time: 0.0015s
Record 683/1000 | Predicted: [0] | True: 0 | Time: 0.0015s
Record 684/1000 | Predicted: [0] | True: 0 | Time: 0.0015s
Record 685/1000 | Predicted: [1] | True: 1 | Time: 0.0015s
Record 686/1000 | Predicted: [0] | True: 0 | Time: 0.0014s
Record 687/1000 | Predicted: [1] | True: 1 | Time: 0.0015s
Record 688/1000 | Predicted: [0] | True: 0 | Time: 0.0015s
Record 689/1000 | Predicted: [0] | True: 0 | Time: 0.0015s
Record 690/1000 | Predicted: [0] | True: 0 | Time: 0.0015s
Record 691/1000 | Predicted: [0] | True: 0 | Time: 0.0015s
Record 692/1000 | Predicted: [0] | True: 0 | Time: 0.0015s
Record 693/1000 | Predicted: [0] | True: 0 | Time: 0.0015s
Record 694/1000 | Predicted: [1] | True: 1 | Time: 0.0015s
Record 695/1000 | Predicted: [0] | True: 0 | Time: 0.0014s
Record 696/1000 | Predicted: [0] | True: 0 | Time: 0.0015s
Record 697/1000 | Predicted: [0] | True: 0 | Time: 0.0015s
Record 698/1000 | Predicted: [0] | True: 1 | Time: 0.0015s
Record 699/1000 | Predicted: [0] | True: 0 | Time: 0.0014s
Record 700/1000 | Predicted: [1] | True: 1 | Time: 0.0015s
Record 701/1000 | Predicted: [0] | True: 0 | Time: 0.0015s
Record 702/1000 | Predicted: [1] | True: 1 | Time: 0.0015s
Record 703/1000 | Predicted: [0] | True: 0 | Time: 0.0015s
Record 704/1000 | Predicted: [1] | True: 1 | Time: 0.0015s
Record 705/1000 | Predicted: [0] | True: 0 | Time: 0.0015s
Record 706/1000 | Predicted: [1] | True: 1 | Time: 0.0015s
Record 707/1000 | Predicted: [0] | True: 1 | Time: 0.0015s
Record 708/1000 | Predicted: [0] | True: 0 | Time: 0.0015s
Record 709/1000 | Predicted: [0] | True: 0 | Time: 0.0015s
Record 710/1000 | Predicted: [0] | True: 0 | Time: 0.0015s
Record 711/1000 | Predicted: [1] | True: 1 | Time: 0.0015s
Record 712/1000 | Predicted: [0] | True: 0 | Time: 0.0015s
Record 713/1000 | Predicted: [0] | True: 0 | Time: 0.0015s
Record 714/1000 | Predicted: [0] | True: 0 | Time: 0.0015s
Record 715/1000 | Predicted: [1] | True: 1 | Time: 0.0014s
Record 716/1000 | Predicted: [0] | True: 0 | Time: 0.0015s
Record 717/1000 | Predicted: [0] | True: 0 | Time: 0.0015s
Record 718/1000 | Predicted: [1] | True: 1 | Time: 0.0015s
Record 719/1000 | Predicted: [0] | True: 0 | Time: 0.0015s
Record 720/1000 | Predicted: [1] | True: 1 | Time: 0.0014s
Record 721/1000 | Predicted: [0] | True: 0 | Time: 0.0015s
Record 722/1000 | Predicted: [0] | True: 0 | Time: 0.0015s
Record 723/1000 | Predicted: [0] | True: 1 | Time: 0.0015s
Record 724/1000 | Predicted: [1] | True: 1 | Time: 0.0015s
Record 725/1000 | Predicted: [0] | True: 0 | Time: 0.0015s
Record 726/1000 | Predicted: [1] | True: 1 | Time: 0.0015s
Record 727/1000 | Predicted: [0] | True: 0 | Time: 0.0015s
Record 728/1000 | Predicted: [0] | True: 0 | Time: 0.0015s
Record 729/1000 | Predicted: [0] | True: 0 | Time: 0.0015s
Record 730/1000 | Predicted: [0] | True: 0 | Time: 0.0015s
Record 731/1000 | Predicted: [0] | True: 0 | Time: 0.0015s
Record 732/1000 | Predicted: [0] | True: 0 | Time: 0.0015s
Record 733/1000 | Predicted: [0] | True: 0 | Time: 0.0015s
Record 734/1000 | Predicted: [0] | True: 0 | Time: 0.0015s
Record 735/1000 | Predicted: [0] | True: 0 | Time: 0.0015s
Record 736/1000 | Predicted: [0] | True: 0 | Time: 0.0015s
Record 737/1000 | Predicted: [0] | True: 0 | Time: 0.0015s
Record 738/1000 | Predicted: [0] | True: 0 | Time: 0.0015s
Record 739/1000 | Predicted: [1] | True: 1 | Time: 0.0015s
Record 740/1000 | Predicted: [0] | True: 0 | Time: 0.0015s
Record 741/1000 | Predicted: [0] | True: 0 | Time: 0.0015s
Record 742/1000 | Predicted: [0] | True: 0 | Time: 0.0015s
Record 743/1000 | Predicted: [0] | True: 0 | Time: 0.0015s
Record 744/1000 | Predicted: [0] | True: 0 | Time: 0.0015s
Record 745/1000 | Predicted: [0] | True: 0 | Time: 0.0015s
Record 746/1000 | Predicted: [0] | True: 0 | Time: 0.0015s
Record 747/1000 | Predicted: [0] | True: 0 | Time: 0.0015s
Record 748/1000 | Predicted: [1] | True: 1 | Time: 0.0015s
Record 749/1000 | Predicted: [1] | True: 0 | Time: 0.0015s
Record 750/1000 | Predicted: [1] | True: 1 | Time: 0.0015s
Record 751/1000 | Predicted: [0] | True: 0 | Time: 0.0015s
Record 752/1000 | Predicted: [1] | True: 1 | Time: 0.0014s
Record 753/1000 | Predicted: [0] | True: 0 | Time: 0.0015s
Record 754/1000 | Predicted: [1] | True: 0 | Time: 0.0015s
Record 755/1000 | Predicted: [0] | True: 0 | Time: 0.0015s
Record 756/1000 | Predicted: [0] | True: 0 | Time: 0.0015s
Record 757/1000 | Predicted: [1] | True: 1 | Time: 0.0014s
Record 758/1000 | Predicted: [1] | True: 1 | Time: 0.0015s
Record 759/1000 | Predicted: [0] | True: 1 | Time: 0.0015s
Record 760/1000 | Predicted: [0] | True: 0 | Time: 0.0015s
Record 761/1000 | Predicted: [0] | True: 0 | Time: 0.0015s
Record 762/1000 | Predicted: [0] | True: 0 | Time: 0.0015s
Record 763/1000 | Predicted: [0] | True: 0 | Time: 0.0015s
Record 764/1000 | Predicted: [1] | True: 0 | Time: 0.0015s
Record 765/1000 | Predicted: [0] | True: 0 | Time: 0.0015s
Record 766/1000 | Predicted: [1] | True: 1 | Time: 0.0015s
Record 767/1000 | Predicted: [0] | True: 0 | Time: 0.0015s
Record 768/1000 | Predicted: [0] | True: 0 | Time: 0.0015s
Record 769/1000 | Predicted: [0] | True: 0 | Time: 0.0014s
Record 770/1000 | Predicted: [1] | True: 1 | Time: 0.0015s
Record 771/1000 | Predicted: [1] | True: 0 | Time: 0.0015s
Record 772/1000 | Predicted: [0] | True: 0 | Time: 0.0015s
Record 773/1000 | Predicted: [0] | True: 0 | Time: 0.0015s
Record 774/1000 | Predicted: [1] | True: 1 | Time: 0.0015s
Record 775/1000 | Predicted: [0] | True: 0 | Time: 0.0015s
Record 776/1000 | Predicted: [0] | True: 0 | Time: 0.0015s
Record 777/1000 | Predicted: [0] | True: 0 | Time: 0.0015s
Record 778/1000 | Predicted: [1] | True: 0 | Time: 0.0015s
Record 779/1000 | Predicted: [0] | True: 0 | Time: 0.0015s
Record 780/1000 | Predicted: [0] | True: 1 | Time: 0.0015s
Record 781/1000 | Predicted: [0] | True: 0 | Time: 0.0014s
Record 782/1000 | Predicted: [0] | True: 0 | Time: 0.0015s
Record 783/1000 | Predicted: [0] | True: 0 | Time: 0.0015s
Record 784/1000 | Predicted: [0] | True: 0 | Time: 0.0015s
Record 785/1000 | Predicted: [0] | True: 0 | Time: 0.0015s
Record 786/1000 | Predicted: [0] | True: 0 | Time: 0.0015s
Record 787/1000 | Predicted: [0] | True: 0 | Time: 0.0015s
Record 788/1000 | Predicted: [0] | True: 0 | Time: 0.0015s
Record 789/1000 | Predicted: [0] | True: 0 | Time: 0.0015s
Record 790/1000 | Predicted: [0] | True: 0 | Time: 0.0015s
Record 791/1000 | Predicted: [0] | True: 0 | Time: 0.0015s
Record 792/1000 | Predicted: [0] | True: 0 | Time: 0.0015s
Record 793/1000 | Predicted: [0] | True: 0 | Time: 0.0015s
Record 794/1000 | Predicted: [0] | True: 0 | Time: 0.0015s
Record 795/1000 | Predicted: [1] | True: 1 | Time: 0.0015s
Record 796/1000 | Predicted: [0] | True: 0 | Time: 0.0015s
Record 797/1000 | Predicted: [0] | True: 0 | Time: 0.0015s
Record 798/1000 | Predicted: [0] | True: 0 | Time: 0.0015s
Record 799/1000 | Predicted: [0] | True: 0 | Time: 0.0015s
Record 800/1000 | Predicted: [1] | True: 1 | Time: 0.0015s
Record 801/1000 | Predicted: [0] | True: 0 | Time: 0.0015s
Record 802/1000 | Predicted: [0] | True: 0 | Time: 0.0015s
Record 803/1000 | Predicted: [0] | True: 0 | Time: 0.0015s
Record 804/1000 | Predicted: [0] | True: 0 | Time: 0.0015s
Record 805/1000 | Predicted: [0] | True: 0 | Time: 0.0015s
Record 806/1000 | Predicted: [0] | True: 0 | Time: 0.0014s
Record 807/1000 | Predicted: [1] | True: 1 | Time: 0.0015s
Record 808/1000 | Predicted: [0] | True: 0 | Time: 0.0015s
Record 809/1000 | Predicted: [0] | True: 0 | Time: 0.0015s
Record 810/1000 | Predicted: [0] | True: 0 | Time: 0.0015s
Record 811/1000 | Predicted: [0] | True: 0 | Time: 0.0014s
Record 812/1000 | Predicted: [0] | True: 0 | Time: 0.0015s
Record 813/1000 | Predicted: [0] | True: 0 | Time: 0.0015s
Record 814/1000 | Predicted: [0] | True: 0 | Time: 0.0015s
Record 815/1000 | Predicted: [0] | True: 0 | Time: 0.0015s
Record 816/1000 | Predicted: [0] | True: 0 | Time: 0.0015s
Record 817/1000 | Predicted: [1] | True: 1 | Time: 0.0015s
Record 818/1000 | Predicted: [0] | True: 0 | Time: 0.0015s
Record 819/1000 | Predicted: [1] | True: 1 | Time: 0.0015s
Record 820/1000 | Predicted: [0] | True: 0 | Time: 0.0015s
Record 821/1000 | Predicted: [0] | True: 0 | Time: 0.0015s
Record 822/1000 | Predicted: [1] | True: 0 | Time: 0.0015s
Record 823/1000 | Predicted: [0] | True: 0 | Time: 0.0015s
Record 824/1000 | Predicted: [0] | True: 0 | Time: 0.0015s
Record 825/1000 | Predicted: [0] | True: 0 | Time: 0.0015s
Record 826/1000 | Predicted: [0] | True: 0 | Time: 0.0015s
Record 827/1000 | Predicted: [0] | True: 0 | Time: 0.0015s
Record 828/1000 | Predicted: [0] | True: 0 | Time: 0.0015s
Record 829/1000 | Predicted: [1] | True: 1 | Time: 0.0014s
Record 830/1000 | Predicted: [1] | True: 1 | Time: 0.0014s
Record 831/1000 | Predicted: [0] | True: 0 | Time: 0.0015s
Record 832/1000 | Predicted: [0] | True: 0 | Time: 0.0015s
Record 833/1000 | Predicted: [1] | True: 1 | Time: 0.0015s
Record 834/1000 | Predicted: [0] | True: 0 | Time: 0.0015s
Record 835/1000 | Predicted: [0] | True: 0 | Time: 0.0015s
Record 836/1000 | Predicted: [0] | True: 0 | Time: 0.0014s
Record 837/1000 | Predicted: [0] | True: 0 | Time: 0.0015s
Record 838/1000 | Predicted: [0] | True: 0 | Time: 0.0014s
Record 839/1000 | Predicted: [0] | True: 0 | Time: 0.0015s
Record 840/1000 | Predicted: [0] | True: 0 | Time: 0.0015s
Record 841/1000 | Predicted: [0] | True: 0 | Time: 0.0015s
Record 842/1000 | Predicted: [1] | True: 1 | Time: 0.0015s
Record 843/1000 | Predicted: [1] | True: 1 | Time: 0.0015s
Record 844/1000 | Predicted: [0] | True: 0 | Time: 0.0015s
Record 845/1000 | Predicted: [0] | True: 0 | Time: 0.0015s
Record 846/1000 | Predicted: [1] | True: 1 | Time: 0.0015s
Record 847/1000 | Predicted: [0] | True: 0 | Time: 0.0015s
Record 848/1000 | Predicted: [0] | True: 0 | Time: 0.0015s
Record 849/1000 | Predicted: [0] | True: 0 | Time: 0.0015s
Record 850/1000 | Predicted: [0] | True: 0 | Time: 0.0015s
Record 851/1000 | Predicted: [0] | True: 0 | Time: 0.0015s
Record 852/1000 | Predicted: [0] | True: 0 | Time: 0.0015s
Record 853/1000 | Predicted: [0] | True: 0 | Time: 0.0015s
Record 854/1000 | Predicted: [0] | True: 0 | Time: 0.0015s
Record 855/1000 | Predicted: [0] | True: 0 | Time: 0.0014s
Record 856/1000 | Predicted: [0] | True: 0 | Time: 0.0015s
Record 857/1000 | Predicted: [0] | True: 0 | Time: 0.0015s
Record 858/1000 | Predicted: [0] | True: 0 | Time: 0.0015s
Record 859/1000 | Predicted: [0] | True: 0 | Time: 0.0015s
Record 860/1000 | Predicted: [0] | True: 0 | Time: 0.0015s
Record 861/1000 | Predicted: [0] | True: 0 | Time: 0.0015s
Record 862/1000 | Predicted: [0] | True: 0 | Time: 0.0015s
Record 863/1000 | Predicted: [0] | True: 0 | Time: 0.0014s
Record 864/1000 | Predicted: [0] | True: 0 | Time: 0.0015s
Record 865/1000 | Predicted: [0] | True: 0 | Time: 0.0015s
Record 866/1000 | Predicted: [0] | True: 0 | Time: 0.0015s
Record 867/1000 | Predicted: [0] | True: 1 | Time: 0.0015s
Record 868/1000 | Predicted: [0] | True: 0 | Time: 0.0015s
Record 869/1000 | Predicted: [0] | True: 0 | Time: 0.0014s
Record 870/1000 | Predicted: [0] | True: 0 | Time: 0.0015s
Record 871/1000 | Predicted: [0] | True: 0 | Time: 0.0015s
Record 872/1000 | Predicted: [0] | True: 0 | Time: 0.0015s
Record 873/1000 | Predicted: [1] | True: 0 | Time: 0.0015s
Record 874/1000 | Predicted: [0] | True: 0 | Time: 0.0015s
Record 875/1000 | Predicted: [0] | True: 0 | Time: 0.0015s
Record 876/1000 | Predicted: [0] | True: 0 | Time: 0.0015s
Record 877/1000 | Predicted: [0] | True: 1 | Time: 0.0015s
Record 878/1000 | Predicted: [0] | True: 0 | Time: 0.0015s
Record 879/1000 | Predicted: [0] | True: 0 | Time: 0.0015s
Record 880/1000 | Predicted: [0] | True: 0 | Time: 0.0015s
Record 881/1000 | Predicted: [0] | True: 0 | Time: 0.0015s
Record 882/1000 | Predicted: [0] | True: 0 | Time: 0.0015s
Record 883/1000 | Predicted: [1] | True: 1 | Time: 0.0015s
Record 884/1000 | Predicted: [0] | True: 0 | Time: 0.0015s
Record 885/1000 | Predicted: [0] | True: 0 | Time: 0.0015s
Record 886/1000 | Predicted: [0] | True: 0 | Time: 0.0015s
Record 887/1000 | Predicted: [0] | True: 0 | Time: 0.0014s
Record 888/1000 | Predicted: [1] | True: 0 | Time: 0.0015s
Record 889/1000 | Predicted: [0] | True: 0 | Time: 0.0015s
Record 890/1000 | Predicted: [0] | True: 0 | Time: 0.0015s
Record 891/1000 | Predicted: [0] | True: 0 | Time: 0.0015s
Record 892/1000 | Predicted: [0] | True: 0 | Time: 0.0015s
Record 893/1000 | Predicted: [0] | True: 0 | Time: 0.0015s
Record 894/1000 | Predicted: [1] | True: 1 | Time: 0.0014s
Record 895/1000 | Predicted: [1] | True: 1 | Time: 0.0015s
Record 896/1000 | Predicted: [0] | True: 0 | Time: 0.0015s
Record 897/1000 | Predicted: [1] | True: 1 | Time: 0.0015s
Record 898/1000 | Predicted: [0] | True: 1 | Time: 0.0015s
Record 899/1000 | Predicted: [0] | True: 0 | Time: 0.0015s
Record 900/1000 | Predicted: [0] | True: 0 | Time: 0.0015s
Record 901/1000 | Predicted: [0] | True: 0 | Time: 0.0015s
Record 902/1000 | Predicted: [0] | True: 0 | Time: 0.0014s
Record 903/1000 | Predicted: [0] | True: 0 | Time: 0.0015s
Record 904/1000 | Predicted: [0] | True: 0 | Time: 0.0015s
Record 905/1000 | Predicted: [1] | True: 1 | Time: 0.0015s
Record 906/1000 | Predicted: [0] | True: 0 | Time: 0.0015s
Record 907/1000 | Predicted: [0] | True: 0 | Time: 0.0014s
Record 908/1000 | Predicted: [1] | True: 1 | Time: 0.0015s
Record 909/1000 | Predicted: [0] | True: 0 | Time: 0.0015s
Record 910/1000 | Predicted: [0] | True: 0 | Time: 0.0015s
Record 911/1000 | Predicted: [0] | True: 0 | Time: 0.0015s
Record 912/1000 | Predicted: [0] | True: 0 | Time: 0.0015s
Record 913/1000 | Predicted: [0] | True: 0 | Time: 0.0015s
Record 914/1000 | Predicted: [0] | True: 1 | Time: 0.0015s
Record 915/1000 | Predicted: [0] | True: 1 | Time: 0.0015s
Record 916/1000 | Predicted: [1] | True: 1 | Time: 0.0014s
Record 917/1000 | Predicted: [1] | True: 1 | Time: 0.0015s
Record 918/1000 | Predicted: [0] | True: 0 | Time: 0.0014s
Record 919/1000 | Predicted: [0] | True: 0 | Time: 0.0015s
Record 920/1000 | Predicted: [0] | True: 0 | Time: 0.0015s
Record 921/1000 | Predicted: [0] | True: 1 | Time: 0.0015s
Record 922/1000 | Predicted: [0] | True: 0 | Time: 0.0015s
Record 923/1000 | Predicted: [0] | True: 0 | Time: 0.0015s
Record 924/1000 | Predicted: [0] | True: 0 | Time: 0.0014s
Record 925/1000 | Predicted: [0] | True: 0 | Time: 0.0015s
Record 926/1000 | Predicted: [0] | True: 0 | Time: 0.0015s
Record 927/1000 | Predicted: [0] | True: 0 | Time: 0.0015s
Record 928/1000 | Predicted: [1] | True: 1 | Time: 0.0015s
Record 929/1000 | Predicted: [0] | True: 0 | Time: 0.0015s
Record 930/1000 | Predicted: [0] | True: 0 | Time: 0.0015s
Record 931/1000 | Predicted: [0] | True: 0 | Time: 0.0015s
Record 932/1000 | Predicted: [1] | True: 1 | Time: 0.0015s
Record 933/1000 | Predicted: [0] | True: 0 | Time: 0.0015s
Record 934/1000 | Predicted: [0] | True: 0 | Time: 0.0015s
Record 935/1000 | Predicted: [0] | True: 0 | Time: 0.0015s
Record 936/1000 | Predicted: [0] | True: 0 | Time: 0.0015s
Record 937/1000 | Predicted: [1] | True: 1 | Time: 0.0015s
Record 938/1000 | Predicted: [0] | True: 0 | Time: 0.0014s
Record 939/1000 | Predicted: [1] | True: 1 | Time: 0.0015s
Record 940/1000 | Predicted: [0] | True: 0 | Time: 0.0015s
Record 941/1000 | Predicted: [0] | True: 0 | Time: 0.0015s
Record 942/1000 | Predicted: [0] | True: 0 | Time: 0.0015s
Record 943/1000 | Predicted: [1] | True: 1 | Time: 0.0015s
Record 944/1000 | Predicted: [1] | True: 0 | Time: 0.0015s
Record 945/1000 | Predicted: [0] | True: 0 | Time: 0.0015s
Record 946/1000 | Predicted: [0] | True: 0 | Time: 0.0015s
Record 947/1000 | Predicted: [1] | True: 1 | Time: 0.0015s
Record 948/1000 | Predicted: [0] | True: 0 | Time: 0.0014s
Record 949/1000 | Predicted: [0] | True: 0 | Time: 0.0015s
Record 950/1000 | Predicted: [1] | True: 1 | Time: 0.0015s
Record 951/1000 | Predicted: [0] | True: 0 | Time: 0.0015s
Record 952/1000 | Predicted: [0] | True: 0 | Time: 0.0015s
Record 953/1000 | Predicted: [0] | True: 0 | Time: 0.0015s
Record 954/1000 | Predicted: [0] | True: 0 | Time: 0.0015s
Record 955/1000 | Predicted: [0] | True: 0 | Time: 0.0015s
Record 956/1000 | Predicted: [0] | True: 0 | Time: 0.0015s
Record 957/1000 | Predicted: [0] | True: 0 | Time: 0.0015s
Record 958/1000 | Predicted: [0] | True: 0 | Time: 0.0015s
Record 959/1000 | Predicted: [1] | True: 1 | Time: 0.0015s
Record 960/1000 | Predicted: [0] | True: 0 | Time: 0.0014s
Record 961/1000 | Predicted: [0] | True: 0 | Time: 0.0015s
Record 962/1000 | Predicted: [0] | True: 0 | Time: 0.0015s
Record 963/1000 | Predicted: [0] | True: 0 | Time: 0.0015s
Record 964/1000 | Predicted: [0] | True: 0 | Time: 0.0015s
Record 965/1000 | Predicted: [0] | True: 0 | Time: 0.0015s
Record 966/1000 | Predicted: [0] | True: 0 | Time: 0.0015s
Record 967/1000 | Predicted: [0] | True: 0 | Time: 0.0015s
Record 968/1000 | Predicted: [0] | True: 0 | Time: 0.0015s
Record 969/1000 | Predicted: [0] | True: 0 | Time: 0.0015s
Record 970/1000 | Predicted: [0] | True: 0 | Time: 0.0015s
Record 971/1000 | Predicted: [0] | True: 0 | Time: 0.0015s
Record 972/1000 | Predicted: [0] | True: 0 | Time: 0.0015s
Record 973/1000 | Predicted: [0] | True: 0 | Time: 0.0015s
Record 974/1000 | Predicted: [1] | True: 0 | Time: 0.0015s
Record 975/1000 | Predicted: [0] | True: 0 | Time: 0.0015s
Record 976/1000 | Predicted: [1] | True: 1 | Time: 0.0015s
Record 977/1000 | Predicted: [1] | True: 1 | Time: 0.0015s
Record 978/1000 | Predicted: [0] | True: 0 | Time: 0.0015s
Record 979/1000 | Predicted: [0] | True: 0 | Time: 0.0015s
Record 980/1000 | Predicted: [0] | True: 0 | Time: 0.0015s
Record 981/1000 | Predicted: [0] | True: 0 | Time: 0.0015s
Record 982/1000 | Predicted: [1] | True: 1 | Time: 0.0015s
Record 983/1000 | Predicted: [0] | True: 0 | Time: 0.0015s
Record 984/1000 | Predicted: [1] | True: 0 | Time: 0.0015s
Record 985/1000 | Predicted: [0] | True: 0 | Time: 0.0015s
Record 986/1000 | Predicted: [0] | True: 0 | Time: 0.0015s
Record 987/1000 | Predicted: [0] | True: 0 | Time: 0.0015s
Record 988/1000 | Predicted: [0] | True: 0 | Time: 0.0015s
Record 989/1000 | Predicted: [0] | True: 0 | Time: 0.0015s
Record 990/1000 | Predicted: [1] | True: 0 | Time: 0.0014s
Record 991/1000 | Predicted: [0] | True: 0 | Time: 0.0015s
Record 992/1000 | Predicted: [0] | True: 0 | Time: 0.0015s
Record 993/1000 | Predicted: [0] | True: 0 | Time: 0.0015s
Record 994/1000 | Predicted: [0] | True: 0 | Time: 0.0015s
Record 995/1000 | Predicted: [0] | True: 0 | Time: 0.0014s
Record 996/1000 | Predicted: [0] | True: 0 | Time: 0.0015s
Record 997/1000 | Predicted: [0] | True: 0 | Time: 0.0014s
Record 998/1000 | Predicted: [0] | True: 0 | Time: 0.0015s
Record 999/1000 | Predicted: [0] | True: 0 | Time: 0.0015s
Record 1000/1000 | Predicted: [0] | True: 0 | Time: 0.0015s

[STEP 4] Calculating final statistics...
[LOG] Current time: 2025-08-15 19:06:53 -03-0300

==================== INFERENCE SUMMARY ====================
Total records processed: 1000
   Total inference time: 1.4847 seconds
Mean inference time/record: 0.0015 seconds
=============================================================

[LOG] Current time: 2025-08-15 19:06:53 -03-0300
--- FHE Prediction with Before & After Comparison ---

[STEP 1] Loading pre-compiled FHE circuit and preprocessor...

[STEP 2] Preparing and inspecting data on the CLIENT-SIDE before encryption...

[STEP 3] Processing all records...
Record 1/1000 | Predicted: 0 | True: 0 | Time: 2.4982s
Record 2/1000 | Predicted: 0 | True: 0 | Time: 2.2081s
Record 3/1000 | Predicted: 0 | True: 0 | Time: 2.2609s
Record 4/1000 | Predicted: 0 | True: 0 | Time: 2.2788s
Record 5/1000 | Predicted: 0 | True: 0 | Time: 2.2928s
Record 6/1000 | Predicted: 0 | True: 0 | Time: 2.2788s
Record 7/1000 | Predicted: 0 | True: 0 | Time: 2.2175s
Record 8/1000 | Predicted: 1 | True: 1 | Time: 2.2572s
Record 9/1000 | Predicted: 1 | True: 1 | Time: 2.3190s
Record 10/1000 | Predicted: 0 | True: 0 | Time: 2.2097s
Record 11/1000 | Predicted: 1 | True: 1 | Time: 2.2131s
Record 12/1000 | Predicted: 0 | True: 0 | Time: 2.2795s
Record 13/1000 | Predicted: 0 | True: 0 | Time: 2.2621s
Record 14/1000 | Predicted: 0 | True: 0 | Time: 2.2970s
Record 15/1000 | Predicted: 1 | True: 0 | Time: 2.2322s
Record 16/1000 | Predicted: 1 | True: 1 | Time: 2.2386s
Record 17/1000 | Predicted: 1 | True: 1 | Time: 2.2293s
Record 18/1000 | Predicted: 0 | True: 0 | Time: 2.2860s
Record 19/1000 | Predicted: 0 | True: 0 | Time: 2.2239s
Record 20/1000 | Predicted: 1 | True: 1 | Time: 2.2816s
Record 21/1000 | Predicted: 0 | True: 0 | Time: 2.2775s
Record 22/1000 | Predicted: 0 | True: 0 | Time: 2.2202s
Record 23/1000 | Predicted: 0 | True: 0 | Time: 2.2562s
Record 24/1000 | Predicted: 1 | True: 1 | Time: 2.2406s
Record 25/1000 | Predicted: 0 | True: 0 | Time: 2.2538s
Record 26/1000 | Predicted: 1 | True: 0 | Time: 2.2960s
Record 27/1000 | Predicted: 0 | True: 0 | Time: 2.2881s
Record 28/1000 | Predicted: 0 | True: 0 | Time: 2.2509s
Record 29/1000 | Predicted: 1 | True: 1 | Time: 2.2513s
Record 30/1000 | Predicted: 1 | True: 1 | Time: 2.2377s
Record 31/1000 | Predicted: 0 | True: 0 | Time: 2.2801s
Record 32/1000 | Predicted: 0 | True: 0 | Time: 2.2958s
Record 33/1000 | Predicted: 0 | True: 0 | Time: 2.2308s
Record 34/1000 | Predicted: 0 | True: 0 | Time: 2.2287s
Record 35/1000 | Predicted: 0 | True: 0 | Time: 2.2852s
Record 36/1000 | Predicted: 1 | True: 0 | Time: 2.2510s
Record 37/1000 | Predicted: 1 | True: 0 | Time: 2.1991s
Record 38/1000 | Predicted: 0 | True: 0 | Time: 2.2548s
Record 39/1000 | Predicted: 0 | True: 0 | Time: 2.2147s
Record 40/1000 | Predicted: 0 | True: 0 | Time: 2.2184s
Record 41/1000 | Predicted: 0 | True: 0 | Time: 2.2797s
Record 42/1000 | Predicted: 0 | True: 0 | Time: 2.2635s
Record 43/1000 | Predicted: 1 | True: 1 | Time: 2.2073s
Record 44/1000 | Predicted: 0 | True: 0 | Time: 2.2136s
Record 45/1000 | Predicted: 0 | True: 0 | Time: 2.2774s
Record 46/1000 | Predicted: 0 | True: 0 | Time: 2.2229s
Record 47/1000 | Predicted: 0 | True: 0 | Time: 2.6620s
Record 48/1000 | Predicted: 0 | True: 0 | Time: 2.2344s
Record 49/1000 | Predicted: 0 | True: 0 | Time: 2.2349s
Record 50/1000 | Predicted: 0 | True: 0 | Time: 2.2476s
Record 51/1000 | Predicted: 0 | True: 0 | Time: 2.2346s
Record 52/1000 | Predicted: 0 | True: 0 | Time: 2.2391s
Record 53/1000 | Predicted: 0 | True: 0 | Time: 2.2631s
Record 54/1000 | Predicted: 0 | True: 0 | Time: 2.2191s
Record 55/1000 | Predicted: 0 | True: 0 | Time: 2.2274s
Record 56/1000 | Predicted: 0 | True: 0 | Time: 2.2814s
Record 57/1000 | Predicted: 0 | True: 1 | Time: 2.2262s
Record 58/1000 | Predicted: 0 | True: 0 | Time: 2.2880s
Record 59/1000 | Predicted: 0 | True: 0 | Time: 2.2451s
Record 60/1000 | Predicted: 0 | True: 0 | Time: 2.2474s
Record 61/1000 | Predicted: 0 | True: 0 | Time: 2.2279s
Record 62/1000 | Predicted: 0 | True: 0 | Time: 2.3024s
Record 63/1000 | Predicted: 1 | True: 1 | Time: 2.2152s
Record 64/1000 | Predicted: 0 | True: 0 | Time: 2.2559s
Record 65/1000 | Predicted: 0 | True: 0 | Time: 2.2463s
Record 66/1000 | Predicted: 0 | True: 0 | Time: 2.2608s
Record 67/1000 | Predicted: 0 | True: 1 | Time: 2.2705s
Record 68/1000 | Predicted: 0 | True: 0 | Time: 2.2463s
Record 69/1000 | Predicted: 0 | True: 0 | Time: 2.2569s
Record 70/1000 | Predicted: 0 | True: 0 | Time: 2.3408s
Record 71/1000 | Predicted: 1 | True: 0 | Time: 2.2667s
Record 72/1000 | Predicted: 0 | True: 0 | Time: 2.2093s
Record 73/1000 | Predicted: 0 | True: 0 | Time: 2.1972s
Record 74/1000 | Predicted: 1 | True: 0 | Time: 2.2202s
Record 75/1000 | Predicted: 0 | True: 0 | Time: 2.2773s
Record 76/1000 | Predicted: 0 | True: 0 | Time: 2.2555s
Record 77/1000 | Predicted: 0 | True: 0 | Time: 2.2541s
Record 78/1000 | Predicted: 0 | True: 0 | Time: 2.2168s
Record 79/1000 | Predicted: 0 | True: 0 | Time: 2.2570s
Record 80/1000 | Predicted: 0 | True: 0 | Time: 2.3050s
Record 81/1000 | Predicted: 0 | True: 0 | Time: 2.2483s
Record 82/1000 | Predicted: 0 | True: 0 | Time: 2.2696s
Record 83/1000 | Predicted: 0 | True: 0 | Time: 2.2639s
Record 84/1000 | Predicted: 0 | True: 0 | Time: 2.2543s
Record 85/1000 | Predicted: 0 | True: 0 | Time: 2.2837s
Record 86/1000 | Predicted: 0 | True: 0 | Time: 2.2890s
Record 87/1000 | Predicted: 1 | True: 1 | Time: 2.2600s
Record 88/1000 | Predicted: 0 | True: 0 | Time: 2.2578s
Record 89/1000 | Predicted: 0 | True: 0 | Time: 2.2688s
Record 90/1000 | Predicted: 1 | True: 1 | Time: 2.2215s
Record 91/1000 | Predicted: 0 | True: 0 | Time: 2.2234s
Record 92/1000 | Predicted: 1 | True: 1 | Time: 2.2430s
Record 93/1000 | Predicted: 0 | True: 0 | Time: 2.2821s
Record 94/1000 | Predicted: 0 | True: 0 | Time: 2.2176s
Record 95/1000 | Predicted: 1 | True: 1 | Time: 2.2068s
Record 96/1000 | Predicted: 0 | True: 0 | Time: 2.2823s
Record 97/1000 | Predicted: 0 | True: 0 | Time: 2.2382s
Record 98/1000 | Predicted: 0 | True: 0 | Time: 2.2291s
Record 99/1000 | Predicted: 1 | True: 1 | Time: 2.2138s
Record 100/1000 | Predicted: 0 | True: 0 | Time: 2.1969s
Record 101/1000 | Predicted: 1 | True: 1 | Time: 2.2910s
Record 102/1000 | Predicted: 0 | True: 0 | Time: 2.3018s
Record 103/1000 | Predicted: 0 | True: 0 | Time: 2.2245s
Record 104/1000 | Predicted: 0 | True: 0 | Time: 2.2436s
Record 105/1000 | Predicted: 0 | True: 0 | Time: 2.2226s
Record 106/1000 | Predicted: 0 | True: 0 | Time: 2.2219s
Record 107/1000 | Predicted: 1 | True: 0 | Time: 2.2807s
Record 108/1000 | Predicted: 0 | True: 0 | Time: 2.2543s
Record 109/1000 | Predicted: 0 | True: 0 | Time: 2.1977s
Record 110/1000 | Predicted: 0 | True: 0 | Time: 2.1808s
Record 111/1000 | Predicted: 0 | True: 0 | Time: 2.2722s
Record 112/1000 | Predicted: 0 | True: 0 | Time: 2.2559s
Record 113/1000 | Predicted: 0 | True: 0 | Time: 2.1987s
Record 114/1000 | Predicted: 0 | True: 0 | Time: 2.2952s
Record 115/1000 | Predicted: 1 | True: 1 | Time: 2.2347s
Record 116/1000 | Predicted: 0 | True: 0 | Time: 2.2001s
Record 117/1000 | Predicted: 0 | True: 0 | Time: 2.2027s
Record 118/1000 | Predicted: 0 | True: 0 | Time: 2.2153s
Record 119/1000 | Predicted: 1 | True: 1 | Time: 2.1969s
Record 120/1000 | Predicted: 1 | True: 1 | Time: 2.1706s
Record 121/1000 | Predicted: 1 | True: 0 | Time: 2.1901s
Record 122/1000 | Predicted: 0 | True: 0 | Time: 2.2543s
Record 123/1000 | Predicted: 0 | True: 0 | Time: 2.2825s
Record 124/1000 | Predicted: 0 | True: 0 | Time: 2.1926s
Record 125/1000 | Predicted: 0 | True: 0 | Time: 2.2487s
Record 126/1000 | Predicted: 0 | True: 0 | Time: 2.2943s
Record 127/1000 | Predicted: 0 | True: 0 | Time: 2.2761s
Record 128/1000 | Predicted: 0 | True: 0 | Time: 2.2796s
Record 129/1000 | Predicted: 0 | True: 0 | Time: 2.2473s
Record 130/1000 | Predicted: 0 | True: 1 | Time: 2.2856s
Record 131/1000 | Predicted: 0 | True: 0 | Time: 2.3073s
Record 132/1000 | Predicted: 0 | True: 0 | Time: 2.2876s
Record 133/1000 | Predicted: 1 | True: 0 | Time: 2.2332s
Record 134/1000 | Predicted: 0 | True: 0 | Time: 2.2825s
Record 135/1000 | Predicted: 1 | True: 0 | Time: 2.2867s
Record 136/1000 | Predicted: 1 | True: 1 | Time: 2.2218s
Record 137/1000 | Predicted: 1 | True: 1 | Time: 2.1994s
Record 138/1000 | Predicted: 0 | True: 1 | Time: 2.2317s
Record 139/1000 | Predicted: 0 | True: 0 | Time: 2.2777s
Record 140/1000 | Predicted: 1 | True: 1 | Time: 2.2637s
Record 141/1000 | Predicted: 0 | True: 0 | Time: 2.2511s
Record 142/1000 | Predicted: 0 | True: 0 | Time: 2.2260s
Record 143/1000 | Predicted: 0 | True: 0 | Time: 2.2938s
Record 144/1000 | Predicted: 1 | True: 1 | Time: 2.2871s
Record 145/1000 | Predicted: 1 | True: 0 | Time: 2.3046s
Record 146/1000 | Predicted: 0 | True: 0 | Time: 2.1977s
Record 147/1000 | Predicted: 0 | True: 0 | Time: 2.2281s
Record 148/1000 | Predicted: 0 | True: 0 | Time: 2.2805s
Record 149/1000 | Predicted: 0 | True: 0 | Time: 2.2117s
Record 150/1000 | Predicted: 0 | True: 0 | Time: 2.2260s
Record 151/1000 | Predicted: 0 | True: 0 | Time: 2.2631s
Record 152/1000 | Predicted: 0 | True: 0 | Time: 2.2518s
Record 153/1000 | Predicted: 0 | True: 1 | Time: 2.2139s
Record 154/1000 | Predicted: 0 | True: 0 | Time: 2.3062s
Record 155/1000 | Predicted: 0 | True: 0 | Time: 2.2240s
Record 156/1000 | Predicted: 1 | True: 1 | Time: 2.2758s
Record 157/1000 | Predicted: 0 | True: 0 | Time: 2.2729s
Record 158/1000 | Predicted: 0 | True: 0 | Time: 2.3256s
Record 159/1000 | Predicted: 1 | True: 1 | Time: 2.2285s
Record 160/1000 | Predicted: 0 | True: 0 | Time: 2.2075s
Record 161/1000 | Predicted: 0 | True: 0 | Time: 2.2569s
Record 162/1000 | Predicted: 0 | True: 0 | Time: 2.2852s
Record 163/1000 | Predicted: 1 | True: 0 | Time: 2.2806s
Record 164/1000 | Predicted: 0 | True: 0 | Time: 2.2616s
Record 165/1000 | Predicted: 0 | True: 0 | Time: 2.1957s
Record 166/1000 | Predicted: 0 | True: 0 | Time: 2.2606s
Record 167/1000 | Predicted: 0 | True: 0 | Time: 2.2671s
Record 168/1000 | Predicted: 0 | True: 0 | Time: 2.2359s
Record 169/1000 | Predicted: 0 | True: 0 | Time: 2.2371s
Record 170/1000 | Predicted: 0 | True: 0 | Time: 2.2391s
Record 171/1000 | Predicted: 1 | True: 0 | Time: 2.2455s
Record 172/1000 | Predicted: 0 | True: 0 | Time: 2.2920s
Record 173/1000 | Predicted: 0 | True: 0 | Time: 2.2116s
Record 174/1000 | Predicted: 1 | True: 0 | Time: 2.2393s
Record 175/1000 | Predicted: 0 | True: 0 | Time: 2.2910s
Record 176/1000 | Predicted: 0 | True: 0 | Time: 2.2820s
Record 177/1000 | Predicted: 0 | True: 0 | Time: 2.1595s
Record 178/1000 | Predicted: 1 | True: 1 | Time: 2.2228s
Record 179/1000 | Predicted: 1 | True: 0 | Time: 2.3262s
Record 180/1000 | Predicted: 1 | True: 1 | Time: 2.2786s
Record 181/1000 | Predicted: 0 | True: 0 | Time: 2.2303s
Record 182/1000 | Predicted: 1 | True: 1 | Time: 2.2206s
Record 183/1000 | Predicted: 0 | True: 0 | Time: 2.2687s
Record 184/1000 | Predicted: 0 | True: 0 | Time: 2.2486s
Record 185/1000 | Predicted: 0 | True: 0 | Time: 2.2383s
Record 186/1000 | Predicted: 0 | True: 0 | Time: 2.2492s
Record 187/1000 | Predicted: 0 | True: 0 | Time: 2.2189s
Record 188/1000 | Predicted: 0 | True: 0 | Time: 2.3008s
Record 189/1000 | Predicted: 1 | True: 1 | Time: 2.2598s
Record 190/1000 | Predicted: 0 | True: 0 | Time: 2.2472s
Record 191/1000 | Predicted: 1 | True: 0 | Time: 2.1938s
Record 192/1000 | Predicted: 0 | True: 0 | Time: 2.1820s
Record 193/1000 | Predicted: 1 | True: 1 | Time: 2.2573s
Record 194/1000 | Predicted: 0 | True: 1 | Time: 2.2668s
Record 195/1000 | Predicted: 0 | True: 0 | Time: 2.2452s
Record 196/1000 | Predicted: 0 | True: 0 | Time: 2.2039s
Record 197/1000 | Predicted: 0 | True: 0 | Time: 2.2443s
Record 198/1000 | Predicted: 0 | True: 0 | Time: 2.2844s
Record 199/1000 | Predicted: 1 | True: 1 | Time: 2.2584s
Record 200/1000 | Predicted: 0 | True: 0 | Time: 2.2415s
Record 201/1000 | Predicted: 0 | True: 0 | Time: 2.2209s
Record 202/1000 | Predicted: 0 | True: 0 | Time: 2.2832s
Record 203/1000 | Predicted: 0 | True: 0 | Time: 2.3107s
Record 204/1000 | Predicted: 0 | True: 0 | Time: 2.2551s
Record 205/1000 | Predicted: 0 | True: 0 | Time: 2.3307s
Record 206/1000 | Predicted: 0 | True: 0 | Time: 2.2999s
Record 207/1000 | Predicted: 1 | True: 1 | Time: 2.2214s
Record 208/1000 | Predicted: 0 | True: 0 | Time: 2.1980s
Record 209/1000 | Predicted: 0 | True: 0 | Time: 2.1747s
Record 210/1000 | Predicted: 1 | True: 1 | Time: 2.1808s
Record 211/1000 | Predicted: 0 | True: 0 | Time: 2.1927s
Record 212/1000 | Predicted: 0 | True: 1 | Time: 2.2433s
Record 213/1000 | Predicted: 1 | True: 0 | Time: 2.2634s
Record 214/1000 | Predicted: 0 | True: 0 | Time: 2.2213s
Record 215/1000 | Predicted: 0 | True: 0 | Time: 2.2344s
Record 216/1000 | Predicted: 0 | True: 0 | Time: 2.3182s
Record 217/1000 | Predicted: 0 | True: 0 | Time: 2.2258s
Record 218/1000 | Predicted: 1 | True: 1 | Time: 2.2446s
Record 219/1000 | Predicted: 0 | True: 0 | Time: 2.2121s
Record 220/1000 | Predicted: 0 | True: 0 | Time: 2.2541s
Record 221/1000 | Predicted: 0 | True: 0 | Time: 2.2610s
Record 222/1000 | Predicted: 0 | True: 0 | Time: 2.2374s
Record 223/1000 | Predicted: 0 | True: 0 | Time: 2.2324s
Record 224/1000 | Predicted: 1 | True: 1 | Time: 2.2112s
Record 225/1000 | Predicted: 0 | True: 0 | Time: 2.2483s
Record 226/1000 | Predicted: 1 | True: 1 | Time: 2.2057s
Record 227/1000 | Predicted: 0 | True: 1 | Time: 2.2777s
Record 228/1000 | Predicted: 1 | True: 1 | Time: 2.2320s
Record 229/1000 | Predicted: 0 | True: 0 | Time: 2.2140s
Record 230/1000 | Predicted: 0 | True: 0 | Time: 2.2827s
Record 231/1000 | Predicted: 0 | True: 0 | Time: 2.3242s
Record 232/1000 | Predicted: 0 | True: 0 | Time: 2.2084s
Record 233/1000 | Predicted: 0 | True: 0 | Time: 2.2737s
Record 234/1000 | Predicted: 0 | True: 0 | Time: 2.2634s
Record 235/1000 | Predicted: 1 | True: 1 | Time: 2.2905s
Record 236/1000 | Predicted: 0 | True: 0 | Time: 2.2960s
Record 237/1000 | Predicted: 0 | True: 0 | Time: 2.2036s
Record 238/1000 | Predicted: 1 | True: 0 | Time: 2.2896s
Record 239/1000 | Predicted: 1 | True: 1 | Time: 2.2637s
Record 240/1000 | Predicted: 0 | True: 0 | Time: 2.2586s
Record 241/1000 | Predicted: 1 | True: 1 | Time: 2.2157s
Record 242/1000 | Predicted: 1 | True: 0 | Time: 2.2122s
Record 243/1000 | Predicted: 0 | True: 0 | Time: 2.2568s
Record 244/1000 | Predicted: 0 | True: 0 | Time: 2.2473s
Record 245/1000 | Predicted: 0 | True: 0 | Time: 2.2211s
Record 246/1000 | Predicted: 1 | True: 1 | Time: 2.2272s
Record 247/1000 | Predicted: 0 | True: 0 | Time: 2.2311s
Record 248/1000 | Predicted: 0 | True: 0 | Time: 2.2744s
Record 249/1000 | Predicted: 0 | True: 0 | Time: 2.2187s
Record 250/1000 | Predicted: 0 | True: 0 | Time: 2.2330s
Record 251/1000 | Predicted: 0 | True: 0 | Time: 2.2484s
Record 252/1000 | Predicted: 1 | True: 1 | Time: 2.2560s
Record 253/1000 | Predicted: 0 | True: 0 | Time: 2.2600s
Record 254/1000 | Predicted: 0 | True: 0 | Time: 2.2414s
Record 255/1000 | Predicted: 0 | True: 0 | Time: 2.2045s
Record 256/1000 | Predicted: 0 | True: 0 | Time: 2.2178s
Record 257/1000 | Predicted: 0 | True: 0 | Time: 2.2595s
Record 258/1000 | Predicted: 1 | True: 1 | Time: 2.3075s
Record 259/1000 | Predicted: 0 | True: 1 | Time: 2.2543s
Record 260/1000 | Predicted: 0 | True: 0 | Time: 2.2153s
Record 261/1000 | Predicted: 0 | True: 0 | Time: 2.2528s
Record 262/1000 | Predicted: 0 | True: 0 | Time: 2.2549s
Record 263/1000 | Predicted: 0 | True: 0 | Time: 2.2554s
Record 264/1000 | Predicted: 0 | True: 0 | Time: 2.2655s
Record 265/1000 | Predicted: 0 | True: 0 | Time: 2.2122s
Record 266/1000 | Predicted: 0 | True: 0 | Time: 2.2355s
Record 267/1000 | Predicted: 1 | True: 1 | Time: 2.2615s
Record 268/1000 | Predicted: 0 | True: 0 | Time: 2.2735s
Record 269/1000 | Predicted: 0 | True: 0 | Time: 2.2689s
Record 270/1000 | Predicted: 1 | True: 1 | Time: 2.2458s
Record 271/1000 | Predicted: 0 | True: 0 | Time: 2.2690s
Record 272/1000 | Predicted: 0 | True: 0 | Time: 2.2660s
Record 273/1000 | Predicted: 1 | True: 1 | Time: 2.2867s
Record 274/1000 | Predicted: 1 | True: 1 | Time: 2.2802s
Record 275/1000 | Predicted: 0 | True: 0 | Time: 2.2007s
Record 276/1000 | Predicted: 0 | True: 1 | Time: 2.2755s
Record 277/1000 | Predicted: 0 | True: 0 | Time: 2.2023s
Record 278/1000 | Predicted: 0 | True: 0 | Time: 2.2070s
Record 279/1000 | Predicted: 0 | True: 0 | Time: 2.3189s
Record 280/1000 | Predicted: 0 | True: 0 | Time: 2.2633s
Record 281/1000 | Predicted: 0 | True: 0 | Time: 2.2164s
Record 282/1000 | Predicted: 0 | True: 0 | Time: 2.2273s
Record 283/1000 | Predicted: 0 | True: 0 | Time: 2.2193s
Record 284/1000 | Predicted: 0 | True: 0 | Time: 2.2527s
Record 285/1000 | Predicted: 1 | True: 0 | Time: 2.2631s
Record 286/1000 | Predicted: 0 | True: 0 | Time: 2.2434s
Record 287/1000 | Predicted: 0 | True: 0 | Time: 2.2470s
Record 288/1000 | Predicted: 1 | True: 0 | Time: 2.1661s
Record 289/1000 | Predicted: 1 | True: 1 | Time: 2.1989s
Record 290/1000 | Predicted: 0 | True: 0 | Time: 2.2462s
Record 291/1000 | Predicted: 1 | True: 0 | Time: 2.2335s
Record 292/1000 | Predicted: 0 | True: 0 | Time: 2.2368s
Record 293/1000 | Predicted: 1 | True: 1 | Time: 2.2655s
Record 294/1000 | Predicted: 0 | True: 0 | Time: 2.2157s
Record 295/1000 | Predicted: 0 | True: 0 | Time: 2.2479s
Record 296/1000 | Predicted: 0 | True: 0 | Time: 2.2615s
Record 297/1000 | Predicted: 0 | True: 0 | Time: 2.2362s
Record 298/1000 | Predicted: 1 | True: 1 | Time: 2.2408s
Record 299/1000 | Predicted: 0 | True: 0 | Time: 2.1979s
Record 300/1000 | Predicted: 1 | True: 0 | Time: 2.2431s
Record 301/1000 | Predicted: 0 | True: 0 | Time: 2.2770s
Record 302/1000 | Predicted: 0 | True: 0 | Time: 2.2682s
Record 303/1000 | Predicted: 0 | True: 0 | Time: 2.2712s
Record 304/1000 | Predicted: 0 | True: 0 | Time: 2.2610s
Record 305/1000 | Predicted: 0 | True: 0 | Time: 2.2409s
Record 306/1000 | Predicted: 0 | True: 0 | Time: 2.2437s
Record 307/1000 | Predicted: 0 | True: 0 | Time: 2.2432s
Record 308/1000 | Predicted: 0 | True: 0 | Time: 2.2914s
Record 309/1000 | Predicted: 0 | True: 0 | Time: 2.4589s
Record 310/1000 | Predicted: 0 | True: 0 | Time: 2.6217s
Record 311/1000 | Predicted: 0 | True: 0 | Time: 2.2738s
Record 312/1000 | Predicted: 1 | True: 0 | Time: 2.2067s
Record 313/1000 | Predicted: 0 | True: 0 | Time: 2.1848s
Record 314/1000 | Predicted: 0 | True: 1 | Time: 2.1871s
Record 315/1000 | Predicted: 0 | True: 0 | Time: 2.2567s
Record 316/1000 | Predicted: 0 | True: 1 | Time: 2.2225s
Record 317/1000 | Predicted: 1 | True: 1 | Time: 2.1888s
Record 318/1000 | Predicted: 0 | True: 0 | Time: 2.2064s
Record 319/1000 | Predicted: 0 | True: 0 | Time: 2.2448s
Record 320/1000 | Predicted: 0 | True: 0 | Time: 2.2168s
Record 321/1000 | Predicted: 0 | True: 0 | Time: 2.2932s
Record 322/1000 | Predicted: 0 | True: 0 | Time: 2.2568s
Record 323/1000 | Predicted: 0 | True: 0 | Time: 2.2652s
Record 324/1000 | Predicted: 0 | True: 0 | Time: 2.2909s
Record 325/1000 | Predicted: 0 | True: 0 | Time: 2.2564s
Record 326/1000 | Predicted: 0 | True: 0 | Time: 2.1966s
Record 327/1000 | Predicted: 0 | True: 0 | Time: 2.2664s
Record 328/1000 | Predicted: 1 | True: 1 | Time: 2.2806s
Record 329/1000 | Predicted: 1 | True: 0 | Time: 2.2510s
Record 330/1000 | Predicted: 0 | True: 0 | Time: 2.2684s
Record 331/1000 | Predicted: 0 | True: 0 | Time: 2.2787s
Record 332/1000 | Predicted: 0 | True: 0 | Time: 2.2931s
Record 333/1000 | Predicted: 0 | True: 0 | Time: 2.2525s
Record 334/1000 | Predicted: 0 | True: 0 | Time: 2.2679s
Record 335/1000 | Predicted: 1 | True: 1 | Time: 2.2691s
Record 336/1000 | Predicted: 0 | True: 0 | Time: 2.3399s
Record 337/1000 | Predicted: 0 | True: 0 | Time: 2.2722s
Record 338/1000 | Predicted: 0 | True: 0 | Time: 2.2603s
Record 339/1000 | Predicted: 0 | True: 0 | Time: 2.2735s
Record 340/1000 | Predicted: 0 | True: 0 | Time: 2.2857s
Record 341/1000 | Predicted: 1 | True: 1 | Time: 2.2163s
Record 342/1000 | Predicted: 0 | True: 0 | Time: 2.2286s
Record 343/1000 | Predicted: 0 | True: 0 | Time: 2.2194s
Record 344/1000 | Predicted: 0 | True: 0 | Time: 2.2684s
Record 345/1000 | Predicted: 0 | True: 0 | Time: 2.2743s
Record 346/1000 | Predicted: 0 | True: 0 | Time: 2.2354s
Record 347/1000 | Predicted: 0 | True: 0 | Time: 2.2485s
Record 348/1000 | Predicted: 0 | True: 0 | Time: 2.2247s
Record 349/1000 | Predicted: 0 | True: 0 | Time: 2.2571s
Record 350/1000 | Predicted: 0 | True: 0 | Time: 2.2680s
Record 351/1000 | Predicted: 0 | True: 0 | Time: 2.3081s
Record 352/1000 | Predicted: 0 | True: 0 | Time: 2.2322s
Record 353/1000 | Predicted: 0 | True: 0 | Time: 2.2432s
Record 354/1000 | Predicted: 0 | True: 0 | Time: 2.1979s
Record 355/1000 | Predicted: 1 | True: 1 | Time: 2.2711s
Record 356/1000 | Predicted: 0 | True: 0 | Time: 2.2718s
Record 357/1000 | Predicted: 0 | True: 0 | Time: 2.2207s
Record 358/1000 | Predicted: 0 | True: 0 | Time: 2.2580s
Record 359/1000 | Predicted: 0 | True: 0 | Time: 2.2723s
Record 360/1000 | Predicted: 1 | True: 1 | Time: 2.2336s
Record 361/1000 | Predicted: 0 | True: 0 | Time: 2.2029s
Record 362/1000 | Predicted: 0 | True: 0 | Time: 2.2131s
Record 363/1000 | Predicted: 0 | True: 0 | Time: 2.2134s
Record 364/1000 | Predicted: 0 | True: 0 | Time: 2.2788s
Record 365/1000 | Predicted: 0 | True: 0 | Time: 2.2246s
Record 366/1000 | Predicted: 0 | True: 0 | Time: 2.2460s
Record 367/1000 | Predicted: 0 | True: 0 | Time: 2.2282s
Record 368/1000 | Predicted: 0 | True: 1 | Time: 2.2820s
Record 369/1000 | Predicted: 0 | True: 0 | Time: 2.2542s
Record 370/1000 | Predicted: 0 | True: 0 | Time: 2.2650s
Record 371/1000 | Predicted: 0 | True: 0 | Time: 2.2246s
Record 372/1000 | Predicted: 0 | True: 0 | Time: 2.2812s
Record 373/1000 | Predicted: 1 | True: 1 | Time: 2.2415s
Record 374/1000 | Predicted: 0 | True: 0 | Time: 2.3003s
Record 375/1000 | Predicted: 0 | True: 0 | Time: 2.2191s
Record 376/1000 | Predicted: 0 | True: 0 | Time: 2.2317s
Record 377/1000 | Predicted: 1 | True: 1 | Time: 2.3039s
Record 378/1000 | Predicted: 0 | True: 0 | Time: 2.2731s
Record 379/1000 | Predicted: 0 | True: 0 | Time: 2.2068s
Record 380/1000 | Predicted: 1 | True: 1 | Time: 2.2560s
Record 381/1000 | Predicted: 1 | True: 0 | Time: 2.2869s
Record 382/1000 | Predicted: 0 | True: 0 | Time: 2.2849s
Record 383/1000 | Predicted: 0 | True: 1 | Time: 2.2459s
Record 384/1000 | Predicted: 0 | True: 0 | Time: 2.2120s
Record 385/1000 | Predicted: 0 | True: 0 | Time: 2.2441s
Record 386/1000 | Predicted: 1 | True: 1 | Time: 2.2271s
Record 387/1000 | Predicted: 0 | True: 0 | Time: 2.2093s
Record 388/1000 | Predicted: 0 | True: 1 | Time: 2.2343s
Record 389/1000 | Predicted: 0 | True: 0 | Time: 2.2220s
Record 390/1000 | Predicted: 0 | True: 0 | Time: 2.2763s
Record 391/1000 | Predicted: 0 | True: 0 | Time: 2.2775s
Record 392/1000 | Predicted: 0 | True: 0 | Time: 2.2838s
Record 393/1000 | Predicted: 1 | True: 1 | Time: 2.3050s
Record 394/1000 | Predicted: 0 | True: 0 | Time: 2.2020s
Record 395/1000 | Predicted: 0 | True: 0 | Time: 2.2871s
Record 396/1000 | Predicted: 0 | True: 0 | Time: 2.2771s
Record 397/1000 | Predicted: 1 | True: 1 | Time: 2.2440s
Record 398/1000 | Predicted: 0 | True: 0 | Time: 2.2560s
Record 399/1000 | Predicted: 0 | True: 0 | Time: 2.2630s
Record 400/1000 | Predicted: 0 | True: 0 | Time: 2.2063s
Record 401/1000 | Predicted: 0 | True: 0 | Time: 2.2636s
Record 402/1000 | Predicted: 0 | True: 0 | Time: 2.1742s
Record 403/1000 | Predicted: 0 | True: 0 | Time: 2.2355s
Record 404/1000 | Predicted: 0 | True: 0 | Time: 2.2587s
Record 405/1000 | Predicted: 0 | True: 0 | Time: 2.3035s
Record 406/1000 | Predicted: 0 | True: 0 | Time: 2.2306s
Record 407/1000 | Predicted: 0 | True: 0 | Time: 2.2636s
Record 408/1000 | Predicted: 0 | True: 0 | Time: 2.3085s
Record 409/1000 | Predicted: 0 | True: 0 | Time: 2.2610s
Record 410/1000 | Predicted: 0 | True: 0 | Time: 2.2493s
Record 411/1000 | Predicted: 0 | True: 1 | Time: 2.2932s
Record 412/1000 | Predicted: 0 | True: 0 | Time: 2.2097s
Record 413/1000 | Predicted: 0 | True: 0 | Time: 2.1796s
Record 414/1000 | Predicted: 0 | True: 0 | Time: 2.2338s
Record 415/1000 | Predicted: 0 | True: 0 | Time: 2.2176s
Record 416/1000 | Predicted: 0 | True: 0 | Time: 2.3056s
Record 417/1000 | Predicted: 0 | True: 0 | Time: 2.2479s
Record 418/1000 | Predicted: 0 | True: 0 | Time: 2.2576s
Record 419/1000 | Predicted: 0 | True: 1 | Time: 2.2342s
Record 420/1000 | Predicted: 0 | True: 0 | Time: 2.2931s
Record 421/1000 | Predicted: 1 | True: 1 | Time: 2.2472s
Record 422/1000 | Predicted: 0 | True: 0 | Time: 2.3304s
Record 423/1000 | Predicted: 0 | True: 0 | Time: 2.2845s
Record 424/1000 | Predicted: 0 | True: 0 | Time: 2.2792s
Record 425/1000 | Predicted: 1 | True: 1 | Time: 2.3169s
Record 426/1000 | Predicted: 1 | True: 0 | Time: 2.1763s
Record 427/1000 | Predicted: 0 | True: 0 | Time: 2.2303s
Record 428/1000 | Predicted: 0 | True: 0 | Time: 2.2064s
Record 429/1000 | Predicted: 1 | True: 1 | Time: 2.2106s
Record 430/1000 | Predicted: 0 | True: 0 | Time: 2.2483s
Record 431/1000 | Predicted: 0 | True: 0 | Time: 2.2597s
Record 432/1000 | Predicted: 0 | True: 0 | Time: 2.2062s
Record 433/1000 | Predicted: 0 | True: 0 | Time: 2.2571s
Record 434/1000 | Predicted: 1 | True: 1 | Time: 2.2349s
Record 435/1000 | Predicted: 0 | True: 0 | Time: 2.1916s
Record 436/1000 | Predicted: 0 | True: 0 | Time: 2.2931s
Record 437/1000 | Predicted: 0 | True: 0 | Time: 2.2034s
Record 438/1000 | Predicted: 0 | True: 0 | Time: 2.2254s
Record 439/1000 | Predicted: 1 | True: 1 | Time: 2.2587s
Record 440/1000 | Predicted: 1 | True: 1 | Time: 2.2485s
Record 441/1000 | Predicted: 0 | True: 0 | Time: 2.2807s
Record 442/1000 | Predicted: 1 | True: 1 | Time: 2.2695s
Record 443/1000 | Predicted: 0 | True: 0 | Time: 2.2427s
Record 444/1000 | Predicted: 1 | True: 0 | Time: 2.3047s
Record 445/1000 | Predicted: 0 | True: 0 | Time: 2.2541s
Record 446/1000 | Predicted: 1 | True: 1 | Time: 2.2906s
Record 447/1000 | Predicted: 0 | True: 0 | Time: 2.1999s
Record 448/1000 | Predicted: 0 | True: 0 | Time: 2.2986s
Record 449/1000 | Predicted: 0 | True: 0 | Time: 2.2511s
Record 450/1000 | Predicted: 1 | True: 1 | Time: 2.2639s
Record 451/1000 | Predicted: 0 | True: 0 | Time: 2.2743s
Record 452/1000 | Predicted: 0 | True: 0 | Time: 2.3090s
Record 453/1000 | Predicted: 0 | True: 0 | Time: 2.2341s
Record 454/1000 | Predicted: 0 | True: 1 | Time: 2.2185s
Record 455/1000 | Predicted: 0 | True: 0 | Time: 2.2725s
Record 456/1000 | Predicted: 0 | True: 0 | Time: 2.2317s
Record 457/1000 | Predicted: 0 | True: 0 | Time: 2.3266s
Record 458/1000 | Predicted: 0 | True: 0 | Time: 2.2226s
Record 459/1000 | Predicted: 0 | True: 0 | Time: 2.2046s
Record 460/1000 | Predicted: 1 | True: 0 | Time: 2.2590s
Record 461/1000 | Predicted: 0 | True: 0 | Time: 2.2362s
Record 462/1000 | Predicted: 0 | True: 0 | Time: 2.2963s
Record 463/1000 | Predicted: 0 | True: 0 | Time: 2.2354s
Record 464/1000 | Predicted: 0 | True: 0 | Time: 2.2182s
Record 465/1000 | Predicted: 0 | True: 1 | Time: 2.2675s
Record 466/1000 | Predicted: 0 | True: 0 | Time: 2.2112s
Record 467/1000 | Predicted: 0 | True: 0 | Time: 2.2411s
Record 468/1000 | Predicted: 0 | True: 0 | Time: 2.2141s
Record 469/1000 | Predicted: 0 | True: 0 | Time: 2.2714s
Record 470/1000 | Predicted: 0 | True: 0 | Time: 2.2463s
Record 471/1000 | Predicted: 0 | True: 0 | Time: 2.2539s
Record 472/1000 | Predicted: 0 | True: 0 | Time: 2.2347s
Record 473/1000 | Predicted: 0 | True: 0 | Time: 2.2569s
Record 474/1000 | Predicted: 0 | True: 0 | Time: 2.2704s
Record 475/1000 | Predicted: 0 | True: 0 | Time: 2.2702s
Record 476/1000 | Predicted: 0 | True: 0 | Time: 2.2293s
Record 477/1000 | Predicted: 0 | True: 0 | Time: 2.2255s
Record 478/1000 | Predicted: 0 | True: 0 | Time: 2.2436s
Record 479/1000 | Predicted: 0 | True: 0 | Time: 2.2254s
Record 480/1000 | Predicted: 0 | True: 0 | Time: 2.2824s
Record 481/1000 | Predicted: 0 | True: 0 | Time: 2.2481s
Record 482/1000 | Predicted: 0 | True: 0 | Time: 2.3022s
Record 483/1000 | Predicted: 0 | True: 0 | Time: 2.2148s
Record 484/1000 | Predicted: 0 | True: 0 | Time: 2.2318s
Record 485/1000 | Predicted: 0 | True: 0 | Time: 2.2017s
Record 486/1000 | Predicted: 0 | True: 0 | Time: 2.2515s
Record 487/1000 | Predicted: 1 | True: 1 | Time: 2.2053s
Record 488/1000 | Predicted: 0 | True: 0 | Time: 2.2742s
Record 489/1000 | Predicted: 0 | True: 0 | Time: 2.2904s
Record 490/1000 | Predicted: 0 | True: 0 | Time: 2.2598s
Record 491/1000 | Predicted: 0 | True: 0 | Time: 2.2453s
Record 492/1000 | Predicted: 1 | True: 1 | Time: 2.2580s
Record 493/1000 | Predicted: 0 | True: 0 | Time: 2.2567s
Record 494/1000 | Predicted: 0 | True: 0 | Time: 2.3283s
Record 495/1000 | Predicted: 0 | True: 0 | Time: 2.2180s
Record 496/1000 | Predicted: 0 | True: 0 | Time: 2.2012s
Record 497/1000 | Predicted: 0 | True: 0 | Time: 2.2416s
Record 498/1000 | Predicted: 0 | True: 1 | Time: 2.2712s
Record 499/1000 | Predicted: 0 | True: 0 | Time: 2.2535s
Record 500/1000 | Predicted: 0 | True: 0 | Time: 2.2535s
Record 501/1000 | Predicted: 0 | True: 0 | Time: 2.2120s
Record 502/1000 | Predicted: 0 | True: 0 | Time: 2.2529s
Record 503/1000 | Predicted: 0 | True: 0 | Time: 2.2515s
Record 504/1000 | Predicted: 0 | True: 1 | Time: 2.2235s
Record 505/1000 | Predicted: 1 | True: 1 | Time: 2.2811s
Record 506/1000 | Predicted: 0 | True: 0 | Time: 2.3050s
Record 507/1000 | Predicted: 1 | True: 1 | Time: 2.2268s
Record 508/1000 | Predicted: 0 | True: 0 | Time: 2.2644s
Record 509/1000 | Predicted: 0 | True: 0 | Time: 2.1940s
Record 510/1000 | Predicted: 0 | True: 0 | Time: 2.2154s
Record 511/1000 | Predicted: 1 | True: 1 | Time: 2.2582s
Record 512/1000 | Predicted: 0 | True: 0 | Time: 2.2039s
Record 513/1000 | Predicted: 0 | True: 0 | Time: 2.2607s
Record 514/1000 | Predicted: 0 | True: 0 | Time: 2.1921s
Record 515/1000 | Predicted: 0 | True: 0 | Time: 2.2480s
Record 516/1000 | Predicted: 0 | True: 0 | Time: 2.3109s
Record 517/1000 | Predicted: 0 | True: 0 | Time: 2.2247s
Record 518/1000 | Predicted: 1 | True: 1 | Time: 2.2255s
Record 519/1000 | Predicted: 0 | True: 0 | Time: 2.1970s
Record 520/1000 | Predicted: 0 | True: 0 | Time: 2.2837s
Record 521/1000 | Predicted: 1 | True: 1 | Time: 2.2759s
Record 522/1000 | Predicted: 0 | True: 0 | Time: 2.2280s
Record 523/1000 | Predicted: 0 | True: 0 | Time: 2.2055s
Record 524/1000 | Predicted: 0 | True: 0 | Time: 2.2296s
Record 525/1000 | Predicted: 0 | True: 0 | Time: 2.2792s
Record 526/1000 | Predicted: 0 | True: 0 | Time: 2.2493s
Record 527/1000 | Predicted: 1 | True: 0 | Time: 2.2484s
Record 528/1000 | Predicted: 0 | True: 0 | Time: 2.2060s
Record 529/1000 | Predicted: 1 | True: 0 | Time: 2.2774s
Record 530/1000 | Predicted: 0 | True: 0 | Time: 2.2288s
Record 531/1000 | Predicted: 0 | True: 0 | Time: 2.2568s
Record 532/1000 | Predicted: 0 | True: 0 | Time: 2.2434s
Record 533/1000 | Predicted: 0 | True: 0 | Time: 2.1518s
Record 534/1000 | Predicted: 1 | True: 1 | Time: 2.2644s
Record 535/1000 | Predicted: 1 | True: 1 | Time: 2.2809s
Record 536/1000 | Predicted: 0 | True: 0 | Time: 2.2426s
Record 537/1000 | Predicted: 0 | True: 0 | Time: 2.1801s
Record 538/1000 | Predicted: 1 | True: 0 | Time: 2.2653s
Record 539/1000 | Predicted: 0 | True: 0 | Time: 2.2906s
Record 540/1000 | Predicted: 0 | True: 0 | Time: 2.2191s
Record 541/1000 | Predicted: 0 | True: 0 | Time: 2.2835s
Record 542/1000 | Predicted: 1 | True: 1 | Time: 2.2487s
Record 543/1000 | Predicted: 0 | True: 0 | Time: 2.2214s
Record 544/1000 | Predicted: 0 | True: 0 | Time: 2.1982s
Record 545/1000 | Predicted: 0 | True: 0 | Time: 2.2274s
Record 546/1000 | Predicted: 1 | True: 1 | Time: 2.2559s
Record 547/1000 | Predicted: 0 | True: 0 | Time: 2.2648s
Record 548/1000 | Predicted: 1 | True: 1 | Time: 2.2514s
Record 549/1000 | Predicted: 0 | True: 0 | Time: 2.2370s
Record 550/1000 | Predicted: 0 | True: 0 | Time: 2.2283s
Record 551/1000 | Predicted: 1 | True: 1 | Time: 2.1983s
Record 552/1000 | Predicted: 1 | True: 0 | Time: 2.2450s
Record 553/1000 | Predicted: 0 | True: 0 | Time: 2.3015s
Record 554/1000 | Predicted: 0 | True: 0 | Time: 2.1937s
Record 555/1000 | Predicted: 1 | True: 1 | Time: 2.1988s
Record 556/1000 | Predicted: 1 | True: 0 | Time: 2.3022s
Record 557/1000 | Predicted: 1 | True: 1 | Time: 2.3030s
Record 558/1000 | Predicted: 0 | True: 0 | Time: 2.2782s
Record 559/1000 | Predicted: 0 | True: 0 | Time: 2.2209s
Record 560/1000 | Predicted: 0 | True: 0 | Time: 2.2887s
Record 561/1000 | Predicted: 1 | True: 1 | Time: 2.2463s
Record 562/1000 | Predicted: 0 | True: 0 | Time: 2.2576s
Record 563/1000 | Predicted: 1 | True: 1 | Time: 2.2438s
Record 564/1000 | Predicted: 0 | True: 0 | Time: 2.2166s
Record 565/1000 | Predicted: 0 | True: 0 | Time: 2.2674s
Record 566/1000 | Predicted: 0 | True: 0 | Time: 2.2280s
Record 567/1000 | Predicted: 0 | True: 0 | Time: 2.3437s
Record 568/1000 | Predicted: 1 | True: 0 | Time: 2.2973s
Record 569/1000 | Predicted: 1 | True: 1 | Time: 2.2562s
Record 570/1000 | Predicted: 0 | True: 0 | Time: 2.2571s
Record 571/1000 | Predicted: 1 | True: 0 | Time: 2.2057s
Record 572/1000 | Predicted: 1 | True: 1 | Time: 2.4363s
Record 573/1000 | Predicted: 0 | True: 0 | Time: 2.4863s
Record 574/1000 | Predicted: 1 | True: 1 | Time: 2.2433s
Record 575/1000 | Predicted: 0 | True: 0 | Time: 2.1732s
Record 576/1000 | Predicted: 0 | True: 0 | Time: 2.2194s
Record 577/1000 | Predicted: 0 | True: 0 | Time: 2.2475s
Record 578/1000 | Predicted: 0 | True: 0 | Time: 2.2901s
Record 579/1000 | Predicted: 0 | True: 0 | Time: 2.2200s
Record 580/1000 | Predicted: 0 | True: 0 | Time: 2.2263s
Record 581/1000 | Predicted: 1 | True: 0 | Time: 2.2353s
Record 582/1000 | Predicted: 0 | True: 0 | Time: 2.2816s
Record 583/1000 | Predicted: 0 | True: 0 | Time: 2.2494s
Record 584/1000 | Predicted: 1 | True: 0 | Time: 2.2189s
Record 585/1000 | Predicted: 0 | True: 0 | Time: 2.2311s
Record 586/1000 | Predicted: 0 | True: 0 | Time: 2.2354s
Record 587/1000 | Predicted: 0 | True: 0 | Time: 2.2806s
Record 588/1000 | Predicted: 1 | True: 1 | Time: 2.1820s
Record 589/1000 | Predicted: 0 | True: 0 | Time: 2.2258s
Record 590/1000 | Predicted: 0 | True: 0 | Time: 2.2567s
Record 591/1000 | Predicted: 1 | True: 1 | Time: 2.2833s
Record 592/1000 | Predicted: 0 | True: 0 | Time: 2.2761s
Record 593/1000 | Predicted: 0 | True: 0 | Time: 2.2832s
Record 594/1000 | Predicted: 0 | True: 0 | Time: 2.2401s
Record 595/1000 | Predicted: 1 | True: 1 | Time: 2.1738s
Record 596/1000 | Predicted: 0 | True: 0 | Time: 2.2713s
Record 597/1000 | Predicted: 0 | True: 0 | Time: 2.2497s
Record 598/1000 | Predicted: 0 | True: 0 | Time: 2.2412s
Record 599/1000 | Predicted: 0 | True: 0 | Time: 2.3663s
Record 600/1000 | Predicted: 0 | True: 0 | Time: 2.2360s
Record 601/1000 | Predicted: 1 | True: 1 | Time: 2.2445s
Record 602/1000 | Predicted: 0 | True: 0 | Time: 2.2452s
Record 603/1000 | Predicted: 0 | True: 1 | Time: 2.2242s
Record 604/1000 | Predicted: 1 | True: 1 | Time: 2.2005s
Record 605/1000 | Predicted: 0 | True: 0 | Time: 2.2778s
Record 606/1000 | Predicted: 0 | True: 0 | Time: 2.2301s
Record 607/1000 | Predicted: 0 | True: 0 | Time: 2.2411s
Record 608/1000 | Predicted: 0 | True: 0 | Time: 2.2514s
Record 609/1000 | Predicted: 0 | True: 0 | Time: 2.2488s
Record 610/1000 | Predicted: 0 | True: 0 | Time: 2.2468s
Record 611/1000 | Predicted: 0 | True: 0 | Time: 2.3105s
Record 612/1000 | Predicted: 1 | True: 1 | Time: 2.2084s
Record 613/1000 | Predicted: 0 | True: 0 | Time: 2.2505s
Record 614/1000 | Predicted: 0 | True: 0 | Time: 2.2529s
Record 615/1000 | Predicted: 0 | True: 0 | Time: 2.3051s
Record 616/1000 | Predicted: 1 | True: 1 | Time: 2.2922s
Record 617/1000 | Predicted: 0 | True: 0 | Time: 2.2929s
Record 618/1000 | Predicted: 0 | True: 0 | Time: 2.2764s
Record 619/1000 | Predicted: 0 | True: 0 | Time: 2.2508s
Record 620/1000 | Predicted: 0 | True: 0 | Time: 2.2778s
Record 621/1000 | Predicted: 0 | True: 0 | Time: 2.2402s
Record 622/1000 | Predicted: 0 | True: 0 | Time: 2.2942s
Record 623/1000 | Predicted: 0 | True: 0 | Time: 2.2405s
Record 624/1000 | Predicted: 0 | True: 0 | Time: 2.2167s
Record 625/1000 | Predicted: 0 | True: 0 | Time: 2.3009s
Record 626/1000 | Predicted: 0 | True: 0 | Time: 2.3070s
Record 627/1000 | Predicted: 0 | True: 0 | Time: 2.2688s
Record 628/1000 | Predicted: 0 | True: 0 | Time: 2.2123s
Record 629/1000 | Predicted: 0 | True: 0 | Time: 2.2392s
Record 630/1000 | Predicted: 0 | True: 0 | Time: 2.2237s
Record 631/1000 | Predicted: 0 | True: 0 | Time: 2.2161s
Record 632/1000 | Predicted: 1 | True: 1 | Time: 2.1994s
Record 633/1000 | Predicted: 0 | True: 0 | Time: 2.2221s
Record 634/1000 | Predicted: 0 | True: 0 | Time: 2.1773s
Record 635/1000 | Predicted: 1 | True: 1 | Time: 2.2283s
Record 636/1000 | Predicted: 0 | True: 0 | Time: 2.2553s
Record 637/1000 | Predicted: 0 | True: 0 | Time: 2.2306s
Record 638/1000 | Predicted: 0 | True: 0 | Time: 2.2278s
Record 639/1000 | Predicted: 0 | True: 0 | Time: 2.2494s
Record 640/1000 | Predicted: 0 | True: 0 | Time: 2.2890s
Record 641/1000 | Predicted: 1 | True: 1 | Time: 2.2645s
Record 642/1000 | Predicted: 0 | True: 0 | Time: 2.2631s
Record 643/1000 | Predicted: 0 | True: 0 | Time: 2.2451s
Record 644/1000 | Predicted: 1 | True: 1 | Time: 2.2693s
Record 645/1000 | Predicted: 0 | True: 0 | Time: 2.2103s
Record 646/1000 | Predicted: 0 | True: 0 | Time: 2.2465s
Record 647/1000 | Predicted: 0 | True: 0 | Time: 2.2306s
Record 648/1000 | Predicted: 0 | True: 0 | Time: 2.2390s
Record 649/1000 | Predicted: 0 | True: 0 | Time: 2.1905s
Record 650/1000 | Predicted: 0 | True: 0 | Time: 2.2915s
Record 651/1000 | Predicted: 0 | True: 0 | Time: 2.2707s
Record 652/1000 | Predicted: 0 | True: 0 | Time: 2.2240s
Record 653/1000 | Predicted: 0 | True: 0 | Time: 2.2053s
Record 654/1000 | Predicted: 0 | True: 0 | Time: 2.2320s
Record 655/1000 | Predicted: 0 | True: 0 | Time: 2.2694s
Record 656/1000 | Predicted: 0 | True: 0 | Time: 2.2460s
Record 657/1000 | Predicted: 0 | True: 0 | Time: 2.2828s
Record 658/1000 | Predicted: 0 | True: 0 | Time: 2.2480s
Record 659/1000 | Predicted: 0 | True: 0 | Time: 2.2542s
Record 660/1000 | Predicted: 1 | True: 0 | Time: 2.2436s
Record 661/1000 | Predicted: 0 | True: 0 | Time: 2.2442s
Record 662/1000 | Predicted: 0 | True: 0 | Time: 2.2192s
Record 663/1000 | Predicted: 1 | True: 1 | Time: 2.2261s
Record 664/1000 | Predicted: 0 | True: 0 | Time: 2.2189s
Record 665/1000 | Predicted: 0 | True: 0 | Time: 2.3120s
Record 666/1000 | Predicted: 1 | True: 1 | Time: 2.1983s
Record 667/1000 | Predicted: 0 | True: 0 | Time: 2.2106s
Record 668/1000 | Predicted: 1 | True: 1 | Time: 2.2379s
Record 669/1000 | Predicted: 0 | True: 0 | Time: 2.2134s
Record 670/1000 | Predicted: 0 | True: 0 | Time: 2.2279s
Record 671/1000 | Predicted: 0 | True: 0 | Time: 2.2629s
Record 672/1000 | Predicted: 0 | True: 0 | Time: 2.1974s
Record 673/1000 | Predicted: 0 | True: 0 | Time: 2.3057s
Record 674/1000 | Predicted: 0 | True: 0 | Time: 2.2745s
Record 675/1000 | Predicted: 0 | True: 0 | Time: 2.1733s
Record 676/1000 | Predicted: 0 | True: 0 | Time: 2.2030s
Record 677/1000 | Predicted: 0 | True: 0 | Time: 2.2321s
Record 678/1000 | Predicted: 0 | True: 0 | Time: 2.2132s
Record 679/1000 | Predicted: 0 | True: 0 | Time: 2.2637s
Record 680/1000 | Predicted: 0 | True: 0 | Time: 2.2221s
Record 681/1000 | Predicted: 0 | True: 0 | Time: 2.2271s
Record 682/1000 | Predicted: 0 | True: 0 | Time: 2.2838s
Record 683/1000 | Predicted: 0 | True: 0 | Time: 2.2310s
Record 684/1000 | Predicted: 0 | True: 0 | Time: 2.2884s
Record 685/1000 | Predicted: 1 | True: 1 | Time: 2.2885s
Record 686/1000 | Predicted: 0 | True: 0 | Time: 2.2460s
Record 687/1000 | Predicted: 1 | True: 1 | Time: 2.2876s
Record 688/1000 | Predicted: 0 | True: 0 | Time: 2.2860s
Record 689/1000 | Predicted: 0 | True: 0 | Time: 2.2200s
Record 690/1000 | Predicted: 0 | True: 0 | Time: 2.2217s
Record 691/1000 | Predicted: 0 | True: 0 | Time: 2.3037s
Record 692/1000 | Predicted: 0 | True: 0 | Time: 2.2475s
Record 693/1000 | Predicted: 0 | True: 0 | Time: 2.1851s
Record 694/1000 | Predicted: 1 | True: 1 | Time: 2.2089s
Record 695/1000 | Predicted: 0 | True: 0 | Time: 2.2200s
Record 696/1000 | Predicted: 0 | True: 0 | Time: 2.2626s
Record 697/1000 | Predicted: 0 | True: 0 | Time: 2.2506s
Record 698/1000 | Predicted: 0 | True: 1 | Time: 2.2130s
Record 699/1000 | Predicted: 0 | True: 0 | Time: 2.2326s
Record 700/1000 | Predicted: 1 | True: 1 | Time: 2.2736s
Record 701/1000 | Predicted: 0 | True: 0 | Time: 2.3033s
Record 702/1000 | Predicted: 1 | True: 1 | Time: 2.2616s
Record 703/1000 | Predicted: 0 | True: 0 | Time: 2.2390s
Record 704/1000 | Predicted: 1 | True: 1 | Time: 2.2797s
Record 705/1000 | Predicted: 0 | True: 0 | Time: 2.2175s
Record 706/1000 | Predicted: 1 | True: 1 | Time: 2.2150s
Record 707/1000 | Predicted: 0 | True: 1 | Time: 2.2199s
Record 708/1000 | Predicted: 0 | True: 0 | Time: 2.1818s
Record 709/1000 | Predicted: 0 | True: 0 | Time: 2.2492s
Record 710/1000 | Predicted: 0 | True: 0 | Time: 2.2166s
Record 711/1000 | Predicted: 1 | True: 1 | Time: 2.1996s
Record 712/1000 | Predicted: 0 | True: 0 | Time: 2.2515s
Record 713/1000 | Predicted: 0 | True: 0 | Time: 2.1898s
Record 714/1000 | Predicted: 0 | True: 0 | Time: 2.2772s
Record 715/1000 | Predicted: 1 | True: 1 | Time: 2.2545s
Record 716/1000 | Predicted: 0 | True: 0 | Time: 2.2481s
Record 717/1000 | Predicted: 0 | True: 0 | Time: 2.2846s
Record 718/1000 | Predicted: 1 | True: 1 | Time: 2.2215s
Record 719/1000 | Predicted: 0 | True: 0 | Time: 2.2773s
Record 720/1000 | Predicted: 1 | True: 1 | Time: 2.2758s
Record 721/1000 | Predicted: 0 | True: 0 | Time: 2.2569s
Record 722/1000 | Predicted: 0 | True: 0 | Time: 2.2168s
Record 723/1000 | Predicted: 0 | True: 1 | Time: 2.2318s
Record 724/1000 | Predicted: 1 | True: 1 | Time: 2.2363s
Record 725/1000 | Predicted: 0 | True: 0 | Time: 2.2218s
Record 726/1000 | Predicted: 1 | True: 1 | Time: 2.2640s
Record 727/1000 | Predicted: 0 | True: 0 | Time: 2.2369s
Record 728/1000 | Predicted: 0 | True: 0 | Time: 2.2278s
Record 729/1000 | Predicted: 0 | True: 0 | Time: 2.3262s
Record 730/1000 | Predicted: 0 | True: 0 | Time: 2.3007s
Record 731/1000 | Predicted: 0 | True: 0 | Time: 2.2565s
Record 732/1000 | Predicted: 0 | True: 0 | Time: 2.2967s
Record 733/1000 | Predicted: 0 | True: 0 | Time: 2.2302s
Record 734/1000 | Predicted: 0 | True: 0 | Time: 2.2522s
Record 735/1000 | Predicted: 0 | True: 0 | Time: 2.2556s
Record 736/1000 | Predicted: 0 | True: 0 | Time: 2.2701s
Record 737/1000 | Predicted: 0 | True: 0 | Time: 2.2930s
Record 738/1000 | Predicted: 0 | True: 0 | Time: 2.2297s
Record 739/1000 | Predicted: 1 | True: 1 | Time: 2.2674s
Record 740/1000 | Predicted: 0 | True: 0 | Time: 2.2759s
Record 741/1000 | Predicted: 0 | True: 0 | Time: 2.1671s
Record 742/1000 | Predicted: 0 | True: 0 | Time: 2.1723s
Record 743/1000 | Predicted: 0 | True: 0 | Time: 2.2756s
Record 744/1000 | Predicted: 0 | True: 0 | Time: 2.2126s
Record 745/1000 | Predicted: 0 | True: 0 | Time: 2.2446s
Record 746/1000 | Predicted: 0 | True: 0 | Time: 2.2536s
Record 747/1000 | Predicted: 0 | True: 0 | Time: 2.3177s
Record 748/1000 | Predicted: 1 | True: 1 | Time: 2.2427s
Record 749/1000 | Predicted: 1 | True: 0 | Time: 2.2739s
Record 750/1000 | Predicted: 1 | True: 1 | Time: 2.2187s
Record 751/1000 | Predicted: 0 | True: 0 | Time: 2.2106s
Record 752/1000 | Predicted: 1 | True: 1 | Time: 2.2428s
Record 753/1000 | Predicted: 0 | True: 0 | Time: 2.2398s
Record 754/1000 | Predicted: 1 | True: 0 | Time: 2.2521s
Record 755/1000 | Predicted: 0 | True: 0 | Time: 2.2360s
Record 756/1000 | Predicted: 0 | True: 0 | Time: 2.2961s
Record 757/1000 | Predicted: 1 | True: 1 | Time: 2.2687s
Record 758/1000 | Predicted: 1 | True: 1 | Time: 2.2805s
Record 759/1000 | Predicted: 0 | True: 1 | Time: 2.2194s
Record 760/1000 | Predicted: 0 | True: 0 | Time: 2.2544s
Record 761/1000 | Predicted: 0 | True: 0 | Time: 2.2092s
Record 762/1000 | Predicted: 0 | True: 0 | Time: 2.2252s
Record 763/1000 | Predicted: 0 | True: 0 | Time: 2.3277s
Record 764/1000 | Predicted: 1 | True: 0 | Time: 2.2569s
Record 765/1000 | Predicted: 0 | True: 0 | Time: 2.2292s
Record 766/1000 | Predicted: 1 | True: 1 | Time: 2.2155s
Record 767/1000 | Predicted: 0 | True: 0 | Time: 2.1647s
Record 768/1000 | Predicted: 0 | True: 0 | Time: 2.2051s
Record 769/1000 | Predicted: 0 | True: 0 | Time: 2.2106s
Record 770/1000 | Predicted: 1 | True: 1 | Time: 2.2568s
Record 771/1000 | Predicted: 1 | True: 0 | Time: 2.1890s
Record 772/1000 | Predicted: 0 | True: 0 | Time: 2.2223s
Record 773/1000 | Predicted: 0 | True: 0 | Time: 2.2954s
Record 774/1000 | Predicted: 1 | True: 1 | Time: 2.3473s
Record 775/1000 | Predicted: 0 | True: 0 | Time: 2.2365s
Record 776/1000 | Predicted: 0 | True: 0 | Time: 2.2182s
Record 777/1000 | Predicted: 0 | True: 0 | Time: 2.2334s
Record 778/1000 | Predicted: 1 | True: 0 | Time: 2.2114s
Record 779/1000 | Predicted: 0 | True: 0 | Time: 2.2042s
Record 780/1000 | Predicted: 0 | True: 1 | Time: 2.1959s
Record 781/1000 | Predicted: 0 | True: 0 | Time: 2.2376s
Record 782/1000 | Predicted: 0 | True: 0 | Time: 2.2510s
Record 783/1000 | Predicted: 0 | True: 0 | Time: 2.2787s
Record 784/1000 | Predicted: 0 | True: 0 | Time: 2.2416s
Record 785/1000 | Predicted: 0 | True: 0 | Time: 2.2307s
Record 786/1000 | Predicted: 0 | True: 0 | Time: 2.2544s
Record 787/1000 | Predicted: 0 | True: 0 | Time: 2.2987s
Record 788/1000 | Predicted: 0 | True: 0 | Time: 2.2606s
Record 789/1000 | Predicted: 0 | True: 0 | Time: 2.2762s
Record 790/1000 | Predicted: 0 | True: 0 | Time: 2.2488s
Record 791/1000 | Predicted: 0 | True: 0 | Time: 2.2403s
Record 792/1000 | Predicted: 0 | True: 0 | Time: 2.2904s
Record 793/1000 | Predicted: 0 | True: 0 | Time: 2.2633s
Record 794/1000 | Predicted: 0 | True: 0 | Time: 2.2382s
Record 795/1000 | Predicted: 1 | True: 1 | Time: 2.2657s
Record 796/1000 | Predicted: 0 | True: 0 | Time: 2.2577s
Record 797/1000 | Predicted: 0 | True: 0 | Time: 2.2776s
Record 798/1000 | Predicted: 0 | True: 0 | Time: 2.2760s
Record 799/1000 | Predicted: 0 | True: 0 | Time: 2.2473s
Record 800/1000 | Predicted: 1 | True: 1 | Time: 2.2249s
Record 801/1000 | Predicted: 0 | True: 0 | Time: 2.2331s
Record 802/1000 | Predicted: 0 | True: 0 | Time: 2.1881s
Record 803/1000 | Predicted: 0 | True: 0 | Time: 2.2389s
Record 804/1000 | Predicted: 0 | True: 0 | Time: 2.2302s
Record 805/1000 | Predicted: 0 | True: 0 | Time: 2.2602s
Record 806/1000 | Predicted: 0 | True: 0 | Time: 2.2970s
Record 807/1000 | Predicted: 1 | True: 1 | Time: 2.2364s
Record 808/1000 | Predicted: 0 | True: 0 | Time: 2.2061s
Record 809/1000 | Predicted: 0 | True: 0 | Time: 2.3042s
Record 810/1000 | Predicted: 0 | True: 0 | Time: 2.2556s
Record 811/1000 | Predicted: 0 | True: 0 | Time: 2.1846s
Record 812/1000 | Predicted: 0 | True: 0 | Time: 2.2589s
Record 813/1000 | Predicted: 0 | True: 0 | Time: 2.2665s
Record 814/1000 | Predicted: 0 | True: 0 | Time: 2.2635s
Record 815/1000 | Predicted: 0 | True: 0 | Time: 2.3295s
Record 816/1000 | Predicted: 0 | True: 0 | Time: 2.2688s
Record 817/1000 | Predicted: 1 | True: 1 | Time: 2.2592s
Record 818/1000 | Predicted: 0 | True: 0 | Time: 2.2209s
Record 819/1000 | Predicted: 1 | True: 1 | Time: 2.2738s
Record 820/1000 | Predicted: 0 | True: 0 | Time: 2.2282s
Record 821/1000 | Predicted: 0 | True: 0 | Time: 2.2565s
Record 822/1000 | Predicted: 1 | True: 0 | Time: 2.2908s
Record 823/1000 | Predicted: 0 | True: 0 | Time: 2.3072s
Record 824/1000 | Predicted: 0 | True: 0 | Time: 2.2360s
Record 825/1000 | Predicted: 0 | True: 0 | Time: 2.2679s
Record 826/1000 | Predicted: 0 | True: 0 | Time: 2.2529s
Record 827/1000 | Predicted: 0 | True: 0 | Time: 2.2481s
Record 828/1000 | Predicted: 0 | True: 0 | Time: 2.2353s
Record 829/1000 | Predicted: 1 | True: 1 | Time: 2.2076s
Record 830/1000 | Predicted: 1 | True: 1 | Time: 2.2517s
Record 831/1000 | Predicted: 0 | True: 0 | Time: 2.2349s
Record 832/1000 | Predicted: 0 | True: 0 | Time: 2.3091s
Record 833/1000 | Predicted: 1 | True: 1 | Time: 2.2270s
Record 834/1000 | Predicted: 0 | True: 0 | Time: 2.2950s
Record 835/1000 | Predicted: 0 | True: 0 | Time: 2.3210s
Record 836/1000 | Predicted: 0 | True: 0 | Time: 2.6031s
Record 837/1000 | Predicted: 0 | True: 0 | Time: 2.6218s
Record 838/1000 | Predicted: 0 | True: 0 | Time: 2.2768s
Record 839/1000 | Predicted: 0 | True: 0 | Time: 2.2299s
Record 840/1000 | Predicted: 0 | True: 0 | Time: 2.2944s
Record 841/1000 | Predicted: 0 | True: 0 | Time: 2.3039s
Record 842/1000 | Predicted: 1 | True: 1 | Time: 2.2826s
Record 843/1000 | Predicted: 1 | True: 1 | Time: 2.2980s
Record 844/1000 | Predicted: 0 | True: 0 | Time: 2.2790s
Record 845/1000 | Predicted: 0 | True: 0 | Time: 2.2601s
Record 846/1000 | Predicted: 1 | True: 1 | Time: 2.2776s
Record 847/1000 | Predicted: 0 | True: 0 | Time: 2.2422s
Record 848/1000 | Predicted: 0 | True: 0 | Time: 2.2418s
Record 849/1000 | Predicted: 0 | True: 0 | Time: 2.2086s
Record 850/1000 | Predicted: 0 | True: 0 | Time: 2.2201s
Record 851/1000 | Predicted: 0 | True: 0 | Time: 2.2883s
Record 852/1000 | Predicted: 0 | True: 0 | Time: 2.2626s
Record 853/1000 | Predicted: 0 | True: 0 | Time: 2.2151s
Record 854/1000 | Predicted: 0 | True: 0 | Time: 2.3116s
Record 855/1000 | Predicted: 0 | True: 0 | Time: 2.2623s
Record 856/1000 | Predicted: 0 | True: 0 | Time: 2.2385s
Record 857/1000 | Predicted: 0 | True: 0 | Time: 2.2827s
Record 858/1000 | Predicted: 0 | True: 0 | Time: 2.1844s
Record 859/1000 | Predicted: 0 | True: 0 | Time: 2.2181s
Record 860/1000 | Predicted: 0 | True: 0 | Time: 2.2506s
Record 861/1000 | Predicted: 0 | True: 0 | Time: 2.2943s
Record 862/1000 | Predicted: 0 | True: 0 | Time: 2.1721s
Record 863/1000 | Predicted: 0 | True: 0 | Time: 2.2556s
Record 864/1000 | Predicted: 0 | True: 0 | Time: 2.2462s
Record 865/1000 | Predicted: 0 | True: 0 | Time: 2.2412s
Record 866/1000 | Predicted: 0 | True: 0 | Time: 2.2074s
Record 867/1000 | Predicted: 0 | True: 1 | Time: 2.2307s
Record 868/1000 | Predicted: 0 | True: 0 | Time: 2.2983s
Record 869/1000 | Predicted: 0 | True: 0 | Time: 2.2285s
Record 870/1000 | Predicted: 0 | True: 0 | Time: 2.2627s
Record 871/1000 | Predicted: 0 | True: 0 | Time: 2.2946s
Record 872/1000 | Predicted: 0 | True: 0 | Time: 2.3098s
Record 873/1000 | Predicted: 1 | True: 0 | Time: 2.1704s
Record 874/1000 | Predicted: 0 | True: 0 | Time: 2.2389s
Record 875/1000 | Predicted: 0 | True: 0 | Time: 2.2657s
Record 876/1000 | Predicted: 0 | True: 0 | Time: 2.2424s
Record 877/1000 | Predicted: 0 | True: 1 | Time: 2.2578s
Record 878/1000 | Predicted: 0 | True: 0 | Time: 2.1722s
Record 879/1000 | Predicted: 0 | True: 0 | Time: 2.2904s
Record 880/1000 | Predicted: 0 | True: 0 | Time: 2.2330s
Record 881/1000 | Predicted: 0 | True: 0 | Time: 2.2949s
Record 882/1000 | Predicted: 0 | True: 0 | Time: 2.2452s
Record 883/1000 | Predicted: 1 | True: 1 | Time: 2.2284s
Record 884/1000 | Predicted: 0 | True: 0 | Time: 2.2650s
Record 885/1000 | Predicted: 0 | True: 0 | Time: 2.2854s
Record 886/1000 | Predicted: 0 | True: 0 | Time: 2.2930s
Record 887/1000 | Predicted: 0 | True: 0 | Time: 2.2305s
Record 888/1000 | Predicted: 1 | True: 0 | Time: 2.2375s
Record 889/1000 | Predicted: 0 | True: 0 | Time: 2.1982s
Record 890/1000 | Predicted: 0 | True: 0 | Time: 2.2308s
Record 891/1000 | Predicted: 0 | True: 0 | Time: 2.2746s
Record 892/1000 | Predicted: 0 | True: 0 | Time: 2.2424s
Record 893/1000 | Predicted: 0 | True: 0 | Time: 2.2802s
Record 894/1000 | Predicted: 1 | True: 1 | Time: 2.2686s
Record 895/1000 | Predicted: 1 | True: 1 | Time: 2.2235s
Record 896/1000 | Predicted: 0 | True: 0 | Time: 2.2426s
Record 897/1000 | Predicted: 1 | True: 1 | Time: 2.2276s
Record 898/1000 | Predicted: 0 | True: 1 | Time: 2.1940s
Record 899/1000 | Predicted: 0 | True: 0 | Time: 2.2300s
Record 900/1000 | Predicted: 0 | True: 0 | Time: 2.2820s
Record 901/1000 | Predicted: 0 | True: 0 | Time: 2.2392s
Record 902/1000 | Predicted: 0 | True: 0 | Time: 2.2818s
Record 903/1000 | Predicted: 0 | True: 0 | Time: 2.2136s
Record 904/1000 | Predicted: 0 | True: 0 | Time: 2.2402s
Record 905/1000 | Predicted: 1 | True: 1 | Time: 2.2157s
Record 906/1000 | Predicted: 0 | True: 0 | Time: 2.2206s
Record 907/1000 | Predicted: 0 | True: 0 | Time: 2.2448s
Record 908/1000 | Predicted: 1 | True: 1 | Time: 2.2137s
Record 909/1000 | Predicted: 0 | True: 0 | Time: 2.2287s
Record 910/1000 | Predicted: 0 | True: 0 | Time: 2.2452s
Record 911/1000 | Predicted: 0 | True: 0 | Time: 2.2006s
Record 912/1000 | Predicted: 0 | True: 0 | Time: 2.2002s
Record 913/1000 | Predicted: 0 | True: 0 | Time: 2.2769s
Record 914/1000 | Predicted: 0 | True: 1 | Time: 2.3332s
Record 915/1000 | Predicted: 0 | True: 1 | Time: 2.2524s
Record 916/1000 | Predicted: 1 | True: 1 | Time: 2.1869s
Record 917/1000 | Predicted: 1 | True: 1 | Time: 2.1902s
Record 918/1000 | Predicted: 0 | True: 0 | Time: 2.2481s
Record 919/1000 | Predicted: 0 | True: 0 | Time: 2.2944s
Record 920/1000 | Predicted: 0 | True: 0 | Time: 2.2457s
Record 921/1000 | Predicted: 0 | True: 1 | Time: 2.2757s
Record 922/1000 | Predicted: 0 | True: 0 | Time: 2.2749s
Record 923/1000 | Predicted: 0 | True: 0 | Time: 2.2028s
Record 924/1000 | Predicted: 0 | True: 0 | Time: 2.2499s
Record 925/1000 | Predicted: 0 | True: 0 | Time: 2.2724s
Record 926/1000 | Predicted: 0 | True: 0 | Time: 2.2598s
Record 927/1000 | Predicted: 0 | True: 0 | Time: 2.2868s
Record 928/1000 | Predicted: 1 | True: 1 | Time: 2.2347s
Record 929/1000 | Predicted: 0 | True: 0 | Time: 2.2753s
Record 930/1000 | Predicted: 0 | True: 0 | Time: 2.2919s
Record 931/1000 | Predicted: 0 | True: 0 | Time: 2.2409s
Record 932/1000 | Predicted: 1 | True: 1 | Time: 2.2798s
Record 933/1000 | Predicted: 0 | True: 0 | Time: 2.2311s
Record 934/1000 | Predicted: 0 | True: 0 | Time: 2.2458s
Record 935/1000 | Predicted: 0 | True: 0 | Time: 2.2641s
Record 936/1000 | Predicted: 0 | True: 0 | Time: 2.2693s
Record 937/1000 | Predicted: 1 | True: 1 | Time: 2.2426s
Record 938/1000 | Predicted: 0 | True: 0 | Time: 2.2288s
Record 939/1000 | Predicted: 1 | True: 1 | Time: 2.2782s
Record 940/1000 | Predicted: 0 | True: 0 | Time: 2.3226s
Record 941/1000 | Predicted: 0 | True: 0 | Time: 2.2873s
Record 942/1000 | Predicted: 0 | True: 0 | Time: 2.2772s
Record 943/1000 | Predicted: 1 | True: 1 | Time: 2.2551s
Record 944/1000 | Predicted: 1 | True: 0 | Time: 2.1917s
Record 945/1000 | Predicted: 0 | True: 0 | Time: 2.2446s
Record 946/1000 | Predicted: 0 | True: 0 | Time: 2.2360s
Record 947/1000 | Predicted: 1 | True: 1 | Time: 2.3205s
Record 948/1000 | Predicted: 0 | True: 0 | Time: 2.2705s
Record 949/1000 | Predicted: 0 | True: 0 | Time: 2.2725s
Record 950/1000 | Predicted: 1 | True: 1 | Time: 2.2328s
Record 951/1000 | Predicted: 0 | True: 0 | Time: 2.2471s
Record 952/1000 | Predicted: 0 | True: 0 | Time: 2.2774s
Record 953/1000 | Predicted: 0 | True: 0 | Time: 2.2484s
Record 954/1000 | Predicted: 0 | True: 0 | Time: 2.3292s
Record 955/1000 | Predicted: 0 | True: 0 | Time: 2.2919s
Record 956/1000 | Predicted: 0 | True: 0 | Time: 2.2753s
Record 957/1000 | Predicted: 0 | True: 0 | Time: 2.2719s
Record 958/1000 | Predicted: 0 | True: 0 | Time: 2.2184s
Record 959/1000 | Predicted: 1 | True: 1 | Time: 2.2163s
Record 960/1000 | Predicted: 0 | True: 0 | Time: 2.2537s
Record 961/1000 | Predicted: 0 | True: 0 | Time: 2.2659s
Record 962/1000 | Predicted: 0 | True: 0 | Time: 2.2442s
Record 963/1000 | Predicted: 0 | True: 0 | Time: 2.2488s
Record 964/1000 | Predicted: 0 | True: 0 | Time: 2.2719s
Record 965/1000 | Predicted: 0 | True: 0 | Time: 2.2756s
Record 966/1000 | Predicted: 0 | True: 0 | Time: 2.2692s
Record 967/1000 | Predicted: 0 | True: 0 | Time: 2.2720s
Record 968/1000 | Predicted: 0 | True: 0 | Time: 2.1883s
Record 969/1000 | Predicted: 0 | True: 0 | Time: 2.1606s
Record 970/1000 | Predicted: 0 | True: 0 | Time: 2.1560s
Record 971/1000 | Predicted: 0 | True: 0 | Time: 2.1880s
Record 972/1000 | Predicted: 0 | True: 0 | Time: 2.2563s
Record 973/1000 | Predicted: 0 | True: 0 | Time: 2.2164s
Record 974/1000 | Predicted: 1 | True: 0 | Time: 2.2263s
Record 975/1000 | Predicted: 0 | True: 0 | Time: 2.2490s
Record 976/1000 | Predicted: 1 | True: 1 | Time: 2.2434s
Record 977/1000 | Predicted: 1 | True: 1 | Time: 2.2404s
Record 978/1000 | Predicted: 0 | True: 0 | Time: 2.2456s
Record 979/1000 | Predicted: 0 | True: 0 | Time: 2.3243s
Record 980/1000 | Predicted: 0 | True: 0 | Time: 2.3071s
Record 981/1000 | Predicted: 0 | True: 0 | Time: 2.2576s
Record 982/1000 | Predicted: 1 | True: 1 | Time: 2.2685s
Record 983/1000 | Predicted: 0 | True: 0 | Time: 2.2414s
Record 984/1000 | Predicted: 1 | True: 0 | Time: 2.2863s
Record 985/1000 | Predicted: 0 | True: 0 | Time: 2.2334s
Record 986/1000 | Predicted: 0 | True: 0 | Time: 2.2590s
Record 987/1000 | Predicted: 0 | True: 0 | Time: 2.2624s
Record 988/1000 | Predicted: 0 | True: 0 | Time: 2.2172s
Record 989/1000 | Predicted: 0 | True: 0 | Time: 2.2163s
Record 990/1000 | Predicted: 1 | True: 0 | Time: 2.2054s
Record 991/1000 | Predicted: 0 | True: 0 | Time: 2.2497s
Record 992/1000 | Predicted: 0 | True: 0 | Time: 2.2060s
Record 993/1000 | Predicted: 0 | True: 0 | Time: 2.2853s
Record 994/1000 | Predicted: 0 | True: 0 | Time: 2.2538s
Record 995/1000 | Predicted: 0 | True: 0 | Time: 2.2672s
Record 996/1000 | Predicted: 0 | True: 0 | Time: 2.2444s
Record 997/1000 | Predicted: 0 | True: 0 | Time: 2.2536s
Record 998/1000 | Predicted: 0 | True: 0 | Time: 2.2101s
Record 999/1000 | Predicted: 0 | True: 0 | Time: 2.2359s
Record 1000/1000 | Predicted: 0 | True: 0 | Time: 2.2136s

[STEP 4] Calculating final statistics...
[LOG] Current time: 2025-08-15 19:45:03 -03-0300

==================== INFERENCE SUMMARY ====================
Total records processed: 1000
   Total inference time: 2250.9978 seconds
Mean inference time/record: 2.2510 seconds
=============================================================

