nohup: ignoring input
Data split into 2262300 training samples and 565576 testing samples.
Applying preprocessing (MinMaxScaler and OneHotEncoder)...
Shape after initial preprocessing (sparse) - X_train: (2262300, 51251), X_test: (565576, 51251)

==================== TESTING MODEL: estimators=2, depth=4, svd=200 ====================

Applying TruncatedSVD to reduce feature count from 51251 to 200...
Shape after SVD reduction (dense) - X_train: (2262300, 200), X_test: (565576, 200)
Final training data shape: (2262300, 200)
Final testing data shape: (565576, 200)
Record 1/1000 | Predicted: [0] | True: 0 | Time: 0.0019s
Record 2/1000 | Predicted: [0] | True: 0 | Time: 0.0017s
Record 3/1000 | Predicted: [0] | True: 0 | Time: 0.0016s
Record 4/1000 | Predicted: [0] | True: 0 | Time: 0.0016s
Record 5/1000 | Predicted: [0] | True: 0 | Time: 0.0016s
Record 6/1000 | Predicted: [0] | True: 0 | Time: 0.0015s
Record 7/1000 | Predicted: [0] | True: 0 | Time: 0.0015s
Record 8/1000 | Predicted: [1] | True: 1 | Time: 0.0016s
Record 9/1000 | Predicted: [1] | True: 1 | Time: 0.0016s
Record 10/1000 | Predicted: [0] | True: 0 | Time: 0.0015s
Record 11/1000 | Predicted: [1] | True: 1 | Time: 0.0015s
Record 12/1000 | Predicted: [0] | True: 0 | Time: 0.0015s
Record 13/1000 | Predicted: [0] | True: 0 | Time: 0.0015s
Record 14/1000 | Predicted: [0] | True: 0 | Time: 0.0015s
Record 15/1000 | Predicted: [1] | True: 0 | Time: 0.0015s
Record 16/1000 | Predicted: [1] | True: 1 | Time: 0.0015s
Record 17/1000 | Predicted: [1] | True: 1 | Time: 0.0015s
Record 18/1000 | Predicted: [0] | True: 0 | Time: 0.0016s
Record 19/1000 | Predicted: [0] | True: 0 | Time: 0.0015s
Record 20/1000 | Predicted: [1] | True: 1 | Time: 0.0015s
Record 21/1000 | Predicted: [0] | True: 0 | Time: 0.0015s
Record 22/1000 | Predicted: [0] | True: 0 | Time: 0.0015s
Record 23/1000 | Predicted: [0] | True: 0 | Time: 0.0015s
Record 24/1000 | Predicted: [1] | True: 1 | Time: 0.0015s
Record 25/1000 | Predicted: [0] | True: 0 | Time: 0.0015s
Record 26/1000 | Predicted: [1] | True: 0 | Time: 0.0015s
Record 27/1000 | Predicted: [0] | True: 0 | Time: 0.0015s
Record 28/1000 | Predicted: [0] | True: 0 | Time: 0.0015s
Record 29/1000 | Predicted: [1] | True: 1 | Time: 0.0015s
Record 30/1000 | Predicted: [1] | True: 1 | Time: 0.0015s
Record 31/1000 | Predicted: [0] | True: 0 | Time: 0.0015s
Record 32/1000 | Predicted: [0] | True: 0 | Time: 0.0015s
Record 33/1000 | Predicted: [0] | True: 0 | Time: 0.0015s
Record 34/1000 | Predicted: [0] | True: 0 | Time: 0.0015s
Record 35/1000 | Predicted: [0] | True: 0 | Time: 0.0015s
Record 36/1000 | Predicted: [1] | True: 0 | Time: 0.0015s
Record 37/1000 | Predicted: [1] | True: 0 | Time: 0.0015s
Record 38/1000 | Predicted: [0] | True: 0 | Time: 0.0015s
Record 39/1000 | Predicted: [0] | True: 0 | Time: 0.0015s
Record 40/1000 | Predicted: [0] | True: 0 | Time: 0.0015s
Record 41/1000 | Predicted: [0] | True: 0 | Time: 0.0015s
Record 42/1000 | Predicted: [0] | True: 0 | Time: 0.0015s
Record 43/1000 | Predicted: [1] | True: 1 | Time: 0.0015s
Record 44/1000 | Predicted: [0] | True: 0 | Time: 0.0015s
Record 45/1000 | Predicted: [0] | True: 0 | Time: 0.0015s
Record 46/1000 | Predicted: [0] | True: 0 | Time: 0.0015s
Record 47/1000 | Predicted: [0] | True: 0 | Time: 0.0016s
Record 48/1000 | Predicted: [0] | True: 0 | Time: 0.0015s
Record 49/1000 | Predicted: [0] | True: 0 | Time: 0.0015s
Record 50/1000 | Predicted: [0] | True: 0 | Time: 0.0015s
Record 51/1000 | Predicted: [0] | True: 0 | Time: 0.0015s
Record 52/1000 | Predicted: [0] | True: 0 | Time: 0.0016s
Record 53/1000 | Predicted: [0] | True: 0 | Time: 0.0015s
Record 54/1000 | Predicted: [0] | True: 0 | Time: 0.0015s
Record 55/1000 | Predicted: [0] | True: 0 | Time: 0.0015s
Record 56/1000 | Predicted: [0] | True: 0 | Time: 0.0015s
Record 57/1000 | Predicted: [0] | True: 1 | Time: 0.0015s
Record 58/1000 | Predicted: [0] | True: 0 | Time: 0.0015s
Record 59/1000 | Predicted: [0] | True: 0 | Time: 0.0015s
Record 60/1000 | Predicted: [0] | True: 0 | Time: 0.0015s
Record 61/1000 | Predicted: [0] | True: 0 | Time: 0.0016s
Record 62/1000 | Predicted: [0] | True: 0 | Time: 0.0015s
Record 63/1000 | Predicted: [1] | True: 1 | Time: 0.0015s
Record 64/1000 | Predicted: [0] | True: 0 | Time: 0.0015s
Record 65/1000 | Predicted: [0] | True: 0 | Time: 0.0015s
Record 66/1000 | Predicted: [0] | True: 0 | Time: 0.0015s
Record 67/1000 | Predicted: [0] | True: 1 | Time: 0.0015s
Record 68/1000 | Predicted: [0] | True: 0 | Time: 0.0015s
Record 69/1000 | Predicted: [0] | True: 0 | Time: 0.0015s
Record 70/1000 | Predicted: [0] | True: 0 | Time: 0.0015s
Record 71/1000 | Predicted: [1] | True: 0 | Time: 0.0015s
Record 72/1000 | Predicted: [0] | True: 0 | Time: 0.0015s
Record 73/1000 | Predicted: [0] | True: 0 | Time: 0.0016s
Record 74/1000 | Predicted: [1] | True: 0 | Time: 0.0015s
Record 75/1000 | Predicted: [0] | True: 0 | Time: 0.0015s
Record 76/1000 | Predicted: [0] | True: 0 | Time: 0.0015s
Record 77/1000 | Predicted: [0] | True: 0 | Time: 0.0015s
Record 78/1000 | Predicted: [0] | True: 0 | Time: 0.0015s
Record 79/1000 | Predicted: [0] | True: 0 | Time: 0.0015s
Record 80/1000 | Predicted: [0] | True: 0 | Time: 0.0015s
Record 81/1000 | Predicted: [0] | True: 0 | Time: 0.0015s
Record 82/1000 | Predicted: [0] | True: 0 | Time: 0.0015s
Record 83/1000 | Predicted: [0] | True: 0 | Time: 0.0015s
Record 84/1000 | Predicted: [0] | True: 0 | Time: 0.0015s
Record 85/1000 | Predicted: [0] | True: 0 | Time: 0.0016s
Record 86/1000 | Predicted: [0] | True: 0 | Time: 0.0015s
Record 87/1000 | Predicted: [1] | True: 1 | Time: 0.0015s
Record 88/1000 | Predicted: [0] | True: 0 | Time: 0.0015s
Record 89/1000 | Predicted: [0] | True: 0 | Time: 0.0016s
Record 90/1000 | Predicted: [1] | True: 1 | Time: 0.0015s
Record 91/1000 | Predicted: [0] | True: 0 | Time: 0.0015s
Record 92/1000 | Predicted: [1] | True: 1 | Time: 0.0015s
Record 93/1000 | Predicted: [0] | True: 0 | Time: 0.0015s
Record 94/1000 | Predicted: [0] | True: 0 | Time: 0.0015s
Record 95/1000 | Predicted: [1] | True: 1 | Time: 0.0015s
Record 96/1000 | Predicted: [0] | True: 0 | Time: 0.0016s
Record 97/1000 | Predicted: [0] | True: 0 | Time: 0.0015s
Record 98/1000 | Predicted: [0] | True: 0 | Time: 0.0015s
Record 99/1000 | Predicted: [1] | True: 1 | Time: 0.0016s
Record 100/1000 | Predicted: [0] | True: 0 | Time: 0.0016s
Record 101/1000 | Predicted: [1] | True: 1 | Time: 0.0016s
Record 102/1000 | Predicted: [0] | True: 0 | Time: 0.0016s
Record 103/1000 | Predicted: [0] | True: 0 | Time: 0.0015s
Record 104/1000 | Predicted: [0] | True: 0 | Time: 0.0015s
Record 105/1000 | Predicted: [0] | True: 0 | Time: 0.0015s
Record 106/1000 | Predicted: [0] | True: 0 | Time: 0.0015s
Record 107/1000 | Predicted: [1] | True: 0 | Time: 0.0015s
Record 108/1000 | Predicted: [0] | True: 0 | Time: 0.0016s
Record 109/1000 | Predicted: [0] | True: 0 | Time: 0.0016s
Record 110/1000 | Predicted: [0] | True: 0 | Time: 0.0015s
Record 111/1000 | Predicted: [0] | True: 0 | Time: 0.0015s
Record 112/1000 | Predicted: [0] | True: 0 | Time: 0.0015s
Record 113/1000 | Predicted: [0] | True: 0 | Time: 0.0015s
Record 114/1000 | Predicted: [0] | True: 0 | Time: 0.0015s
Record 115/1000 | Predicted: [1] | True: 1 | Time: 0.0015s
Record 116/1000 | Predicted: [0] | True: 0 | Time: 0.0015s
Record 117/1000 | Predicted: [0] | True: 0 | Time: 0.0015s
Record 118/1000 | Predicted: [0] | True: 0 | Time: 0.0015s
Record 119/1000 | Predicted: [1] | True: 1 | Time: 0.0015s
Record 120/1000 | Predicted: [1] | True: 1 | Time: 0.0015s
Record 121/1000 | Predicted: [1] | True: 0 | Time: 0.0015s
Record 122/1000 | Predicted: [0] | True: 0 | Time: 0.0015s
Record 123/1000 | Predicted: [0] | True: 0 | Time: 0.0015s
Record 124/1000 | Predicted: [0] | True: 0 | Time: 0.0015s
Record 125/1000 | Predicted: [0] | True: 0 | Time: 0.0015s
Record 126/1000 | Predicted: [0] | True: 0 | Time: 0.0016s
Record 127/1000 | Predicted: [0] | True: 0 | Time: 0.0016s
Record 128/1000 | Predicted: [0] | True: 0 | Time: 0.0015s
Record 129/1000 | Predicted: [0] | True: 0 | Time: 0.0015s
Record 130/1000 | Predicted: [0] | True: 1 | Time: 0.0015s
Record 131/1000 | Predicted: [0] | True: 0 | Time: 0.0015s
Record 132/1000 | Predicted: [0] | True: 0 | Time: 0.0015s
Record 133/1000 | Predicted: [1] | True: 0 | Time: 0.0015s
Record 134/1000 | Predicted: [0] | True: 0 | Time: 0.0015s
Record 135/1000 | Predicted: [1] | True: 0 | Time: 0.0015s
Record 136/1000 | Predicted: [1] | True: 1 | Time: 0.0015s
Record 137/1000 | Predicted: [1] | True: 1 | Time: 0.0015s
Record 138/1000 | Predicted: [0] | True: 1 | Time: 0.0015s
Record 139/1000 | Predicted: [0] | True: 0 | Time: 0.0016s
Record 140/1000 | Predicted: [1] | True: 1 | Time: 0.0015s
Record 141/1000 | Predicted: [0] | True: 0 | Time: 0.0015s
Record 142/1000 | Predicted: [0] | True: 0 | Time: 0.0016s
Record 143/1000 | Predicted: [0] | True: 0 | Time: 0.0015s
Record 144/1000 | Predicted: [1] | True: 1 | Time: 0.0015s
Record 145/1000 | Predicted: [1] | True: 0 | Time: 0.0015s
Record 146/1000 | Predicted: [0] | True: 0 | Time: 0.0015s
Record 147/1000 | Predicted: [0] | True: 0 | Time: 0.0015s
Record 148/1000 | Predicted: [0] | True: 0 | Time: 0.0015s
Record 149/1000 | Predicted: [0] | True: 0 | Time: 0.0015s
Record 150/1000 | Predicted: [0] | True: 0 | Time: 0.0015s
Record 151/1000 | Predicted: [0] | True: 0 | Time: 0.0015s
Record 152/1000 | Predicted: [0] | True: 0 | Time: 0.0015s
Record 153/1000 | Predicted: [0] | True: 1 | Time: 0.0015s
Record 154/1000 | Predicted: [0] | True: 0 | Time: 0.0015s
Record 155/1000 | Predicted: [0] | True: 0 | Time: 0.0015s
Record 156/1000 | Predicted: [1] | True: 1 | Time: 0.0015s
Record 157/1000 | Predicted: [0] | True: 0 | Time: 0.0015s
Record 158/1000 | Predicted: [0] | True: 0 | Time: 0.0015s
Record 159/1000 | Predicted: [1] | True: 1 | Time: 0.0015s
Record 160/1000 | Predicted: [0] | True: 0 | Time: 0.0015s
Record 161/1000 | Predicted: [0] | True: 0 | Time: 0.0015s
Record 162/1000 | Predicted: [0] | True: 0 | Time: 0.0015s
Record 163/1000 | Predicted: [1] | True: 0 | Time: 0.0015s
Record 164/1000 | Predicted: [0] | True: 0 | Time: 0.0015s
Record 165/1000 | Predicted: [0] | True: 0 | Time: 0.0015s
Record 166/1000 | Predicted: [0] | True: 0 | Time: 0.0015s
Record 167/1000 | Predicted: [0] | True: 0 | Time: 0.0015s
Record 168/1000 | Predicted: [0] | True: 0 | Time: 0.0015s
Record 169/1000 | Predicted: [0] | True: 0 | Time: 0.0015s
Record 170/1000 | Predicted: [0] | True: 0 | Time: 0.0016s
Record 171/1000 | Predicted: [1] | True: 0 | Time: 0.0015s
Record 172/1000 | Predicted: [0] | True: 0 | Time: 0.0015s
Record 173/1000 | Predicted: [0] | True: 0 | Time: 0.0015s
Record 174/1000 | Predicted: [1] | True: 0 | Time: 0.0015s
Record 175/1000 | Predicted: [0] | True: 0 | Time: 0.0015s
Record 176/1000 | Predicted: [0] | True: 0 | Time: 0.0015s
Record 177/1000 | Predicted: [0] | True: 0 | Time: 0.0016s
Record 178/1000 | Predicted: [1] | True: 1 | Time: 0.0015s
Record 179/1000 | Predicted: [1] | True: 0 | Time: 0.0015s
Record 180/1000 | Predicted: [0] | True: 1 | Time: 0.0015s
Record 181/1000 | Predicted: [0] | True: 0 | Time: 0.0015s
Record 182/1000 | Predicted: [1] | True: 1 | Time: 0.0015s
Record 183/1000 | Predicted: [0] | True: 0 | Time: 0.0015s
Record 184/1000 | Predicted: [0] | True: 0 | Time: 0.0015s
Record 185/1000 | Predicted: [0] | True: 0 | Time: 0.0015s
Record 186/1000 | Predicted: [0] | True: 0 | Time: 0.0015s
Record 187/1000 | Predicted: [0] | True: 0 | Time: 0.0015s
Record 188/1000 | Predicted: [0] | True: 0 | Time: 0.0015s
Record 189/1000 | Predicted: [1] | True: 1 | Time: 0.0015s
Record 190/1000 | Predicted: [0] | True: 0 | Time: 0.0015s
Record 191/1000 | Predicted: [1] | True: 0 | Time: 0.0016s
Record 192/1000 | Predicted: [0] | True: 0 | Time: 0.0015s
Record 193/1000 | Predicted: [1] | True: 1 | Time: 0.0015s
Record 194/1000 | Predicted: [0] | True: 1 | Time: 0.0015s
Record 195/1000 | Predicted: [0] | True: 0 | Time: 0.0015s
Record 196/1000 | Predicted: [0] | True: 0 | Time: 0.0015s
Record 197/1000 | Predicted: [0] | True: 0 | Time: 0.0015s
Record 198/1000 | Predicted: [0] | True: 0 | Time: 0.0015s
Record 199/1000 | Predicted: [1] | True: 1 | Time: 0.0015s
Record 200/1000 | Predicted: [0] | True: 0 | Time: 0.0015s
Record 201/1000 | Predicted: [0] | True: 0 | Time: 0.0015s
Record 202/1000 | Predicted: [0] | True: 0 | Time: 0.0015s
Record 203/1000 | Predicted: [0] | True: 0 | Time: 0.0015s
Record 204/1000 | Predicted: [0] | True: 0 | Time: 0.0015s
Record 205/1000 | Predicted: [0] | True: 0 | Time: 0.0015s
Record 206/1000 | Predicted: [0] | True: 0 | Time: 0.0015s
Record 207/1000 | Predicted: [0] | True: 1 | Time: 0.0015s
Record 208/1000 | Predicted: [0] | True: 0 | Time: 0.0016s
Record 209/1000 | Predicted: [0] | True: 0 | Time: 0.0015s
Record 210/1000 | Predicted: [1] | True: 1 | Time: 0.0015s
Record 211/1000 | Predicted: [0] | True: 0 | Time: 0.0015s
Record 212/1000 | Predicted: [0] | True: 1 | Time: 0.0016s
Record 213/1000 | Predicted: [1] | True: 0 | Time: 0.0015s
Record 214/1000 | Predicted: [0] | True: 0 | Time: 0.0015s
Record 215/1000 | Predicted: [0] | True: 0 | Time: 0.0015s
Record 216/1000 | Predicted: [0] | True: 0 | Time: 0.0015s
Record 217/1000 | Predicted: [0] | True: 0 | Time: 0.0015s
Record 218/1000 | Predicted: [1] | True: 1 | Time: 0.0015s
Record 219/1000 | Predicted: [0] | True: 0 | Time: 0.0015s
Record 220/1000 | Predicted: [0] | True: 0 | Time: 0.0015s
Record 221/1000 | Predicted: [0] | True: 0 | Time: 0.0015s
Record 222/1000 | Predicted: [0] | True: 0 | Time: 0.0015s
Record 223/1000 | Predicted: [0] | True: 0 | Time: 0.0015s
Record 224/1000 | Predicted: [1] | True: 1 | Time: 0.0015s
Record 225/1000 | Predicted: [0] | True: 0 | Time: 0.0015s
Record 226/1000 | Predicted: [1] | True: 1 | Time: 0.0016s
Record 227/1000 | Predicted: [0] | True: 1 | Time: 0.0015s
Record 228/1000 | Predicted: [1] | True: 1 | Time: 0.0015s
Record 229/1000 | Predicted: [0] | True: 0 | Time: 0.0015s
Record 230/1000 | Predicted: [0] | True: 0 | Time: 0.0015s
Record 231/1000 | Predicted: [0] | True: 0 | Time: 0.0016s
Record 232/1000 | Predicted: [0] | True: 0 | Time: 0.0015s
Record 233/1000 | Predicted: [0] | True: 0 | Time: 0.0015s
Record 234/1000 | Predicted: [0] | True: 0 | Time: 0.0015s
Record 235/1000 | Predicted: [1] | True: 1 | Time: 0.0015s
Record 236/1000 | Predicted: [0] | True: 0 | Time: 0.0015s
Record 237/1000 | Predicted: [0] | True: 0 | Time: 0.0015s
Record 238/1000 | Predicted: [0] | True: 0 | Time: 0.0016s
Record 239/1000 | Predicted: [1] | True: 1 | Time: 0.0015s
Record 240/1000 | Predicted: [0] | True: 0 | Time: 0.0015s
Record 241/1000 | Predicted: [1] | True: 1 | Time: 0.0015s
Record 242/1000 | Predicted: [1] | True: 0 | Time: 0.0015s
Record 243/1000 | Predicted: [0] | True: 0 | Time: 0.0015s
Record 244/1000 | Predicted: [0] | True: 0 | Time: 0.0015s
Record 245/1000 | Predicted: [0] | True: 0 | Time: 0.0015s
Record 246/1000 | Predicted: [1] | True: 1 | Time: 0.0015s
Record 247/1000 | Predicted: [0] | True: 0 | Time: 0.0015s
Record 248/1000 | Predicted: [0] | True: 0 | Time: 0.0015s
Record 249/1000 | Predicted: [0] | True: 0 | Time: 0.0016s
Record 250/1000 | Predicted: [0] | True: 0 | Time: 0.0016s
Record 251/1000 | Predicted: [0] | True: 0 | Time: 0.0015s
Record 252/1000 | Predicted: [1] | True: 1 | Time: 0.0015s
Record 253/1000 | Predicted: [0] | True: 0 | Time: 0.0015s
Record 254/1000 | Predicted: [0] | True: 0 | Time: 0.0015s
Record 255/1000 | Predicted: [0] | True: 0 | Time: 0.0015s
Record 256/1000 | Predicted: [0] | True: 0 | Time: 0.0015s
Record 257/1000 | Predicted: [0] | True: 0 | Time: 0.0016s
Record 258/1000 | Predicted: [1] | True: 1 | Time: 0.0015s
Record 259/1000 | Predicted: [0] | True: 1 | Time: 0.0015s
Record 260/1000 | Predicted: [0] | True: 0 | Time: 0.0015s
Record 261/1000 | Predicted: [0] | True: 0 | Time: 0.0015s
Record 262/1000 | Predicted: [0] | True: 0 | Time: 0.0016s
Record 263/1000 | Predicted: [0] | True: 0 | Time: 0.0015s
Record 264/1000 | Predicted: [0] | True: 0 | Time: 0.0015s
Record 265/1000 | Predicted: [0] | True: 0 | Time: 0.0015s
Record 266/1000 | Predicted: [0] | True: 0 | Time: 0.0016s
Record 267/1000 | Predicted: [0] | True: 1 | Time: 0.0015s
Record 268/1000 | Predicted: [0] | True: 0 | Time: 0.0015s
Record 269/1000 | Predicted: [0] | True: 0 | Time: 0.0016s
Record 270/1000 | Predicted: [1] | True: 1 | Time: 0.0015s
Record 271/1000 | Predicted: [0] | True: 0 | Time: 0.0015s
Record 272/1000 | Predicted: [0] | True: 0 | Time: 0.0015s
Record 273/1000 | Predicted: [1] | True: 1 | Time: 0.0016s
Record 274/1000 | Predicted: [1] | True: 1 | Time: 0.0015s
Record 275/1000 | Predicted: [0] | True: 0 | Time: 0.0015s
Record 276/1000 | Predicted: [0] | True: 1 | Time: 0.0015s
Record 277/1000 | Predicted: [0] | True: 0 | Time: 0.0015s
Record 278/1000 | Predicted: [0] | True: 0 | Time: 0.0016s
Record 279/1000 | Predicted: [0] | True: 0 | Time: 0.0015s
Record 280/1000 | Predicted: [0] | True: 0 | Time: 0.0015s
Record 281/1000 | Predicted: [0] | True: 0 | Time: 0.0015s
Record 282/1000 | Predicted: [0] | True: 0 | Time: 0.0015s
Record 283/1000 | Predicted: [0] | True: 0 | Time: 0.0015s
Record 284/1000 | Predicted: [0] | True: 0 | Time: 0.0015s
Record 285/1000 | Predicted: [1] | True: 0 | Time: 0.0016s
Record 286/1000 | Predicted: [0] | True: 0 | Time: 0.0015s
Record 287/1000 | Predicted: [0] | True: 0 | Time: 0.0015s
Record 288/1000 | Predicted: [1] | True: 0 | Time: 0.0015s
Record 289/1000 | Predicted: [1] | True: 1 | Time: 0.0015s
Record 290/1000 | Predicted: [0] | True: 0 | Time: 0.0016s
Record 291/1000 | Predicted: [0] | True: 0 | Time: 0.0016s
Record 292/1000 | Predicted: [0] | True: 0 | Time: 0.0015s
Record 293/1000 | Predicted: [1] | True: 1 | Time: 0.0015s
Record 294/1000 | Predicted: [0] | True: 0 | Time: 0.0015s
Record 295/1000 | Predicted: [0] | True: 0 | Time: 0.0015s
Record 296/1000 | Predicted: [0] | True: 0 | Time: 0.0015s
Record 297/1000 | Predicted: [0] | True: 0 | Time: 0.0016s
Record 298/1000 | Predicted: [1] | True: 1 | Time: 0.0015s
Record 299/1000 | Predicted: [0] | True: 0 | Time: 0.0015s
Record 300/1000 | Predicted: [1] | True: 0 | Time: 0.0015s
Record 301/1000 | Predicted: [0] | True: 0 | Time: 0.0015s
Record 302/1000 | Predicted: [0] | True: 0 | Time: 0.0015s
Record 303/1000 | Predicted: [0] | True: 0 | Time: 0.0016s
Record 304/1000 | Predicted: [0] | True: 0 | Time: 0.0016s
Record 305/1000 | Predicted: [0] | True: 0 | Time: 0.0015s
Record 306/1000 | Predicted: [0] | True: 0 | Time: 0.0016s
Record 307/1000 | Predicted: [0] | True: 0 | Time: 0.0015s
Record 308/1000 | Predicted: [0] | True: 0 | Time: 0.0015s
Record 309/1000 | Predicted: [0] | True: 0 | Time: 0.0016s
Record 310/1000 | Predicted: [0] | True: 0 | Time: 0.0015s
Record 311/1000 | Predicted: [0] | True: 0 | Time: 0.0015s
Record 312/1000 | Predicted: [1] | True: 0 | Time: 0.0015s
Record 313/1000 | Predicted: [0] | True: 0 | Time: 0.0015s
Record 314/1000 | Predicted: [0] | True: 1 | Time: 0.0015s
Record 315/1000 | Predicted: [0] | True: 0 | Time: 0.0015s
Record 316/1000 | Predicted: [0] | True: 1 | Time: 0.0015s
Record 317/1000 | Predicted: [1] | True: 1 | Time: 0.0015s
Record 318/1000 | Predicted: [0] | True: 0 | Time: 0.0016s
Record 319/1000 | Predicted: [0] | True: 0 | Time: 0.0015s
Record 320/1000 | Predicted: [0] | True: 0 | Time: 0.0015s
Record 321/1000 | Predicted: [0] | True: 0 | Time: 0.0015s
Record 322/1000 | Predicted: [0] | True: 0 | Time: 0.0015s
Record 323/1000 | Predicted: [0] | True: 0 | Time: 0.0015s
Record 324/1000 | Predicted: [0] | True: 0 | Time: 0.0016s
Record 325/1000 | Predicted: [0] | True: 0 | Time: 0.0015s
Record 326/1000 | Predicted: [0] | True: 0 | Time: 0.0016s
Record 327/1000 | Predicted: [0] | True: 0 | Time: 0.0015s
Record 328/1000 | Predicted: [1] | True: 1 | Time: 0.0015s
Record 329/1000 | Predicted: [0] | True: 0 | Time: 0.0015s
Record 330/1000 | Predicted: [0] | True: 0 | Time: 0.0016s
Record 331/1000 | Predicted: [0] | True: 0 | Time: 0.0015s
Record 332/1000 | Predicted: [0] | True: 0 | Time: 0.0016s
Record 333/1000 | Predicted: [0] | True: 0 | Time: 0.0015s
Record 334/1000 | Predicted: [0] | True: 0 | Time: 0.0015s
Record 335/1000 | Predicted: [1] | True: 1 | Time: 0.0015s
Record 336/1000 | Predicted: [0] | True: 0 | Time: 0.0016s
Record 337/1000 | Predicted: [0] | True: 0 | Time: 0.0015s
Record 338/1000 | Predicted: [0] | True: 0 | Time: 0.0015s
Record 339/1000 | Predicted: [0] | True: 0 | Time: 0.0015s
Record 340/1000 | Predicted: [0] | True: 0 | Time: 0.0015s
Record 341/1000 | Predicted: [1] | True: 1 | Time: 0.0015s
Record 342/1000 | Predicted: [0] | True: 0 | Time: 0.0015s
Record 343/1000 | Predicted: [0] | True: 0 | Time: 0.0015s
Record 344/1000 | Predicted: [0] | True: 0 | Time: 0.0016s
Record 345/1000 | Predicted: [0] | True: 0 | Time: 0.0015s
Record 346/1000 | Predicted: [0] | True: 0 | Time: 0.0015s
Record 347/1000 | Predicted: [0] | True: 0 | Time: 0.0015s
Record 348/1000 | Predicted: [0] | True: 0 | Time: 0.0015s
Record 349/1000 | Predicted: [0] | True: 0 | Time: 0.0016s
Record 350/1000 | Predicted: [0] | True: 0 | Time: 0.0015s
Record 351/1000 | Predicted: [0] | True: 0 | Time: 0.0015s
Record 352/1000 | Predicted: [0] | True: 0 | Time: 0.0015s
Record 353/1000 | Predicted: [0] | True: 0 | Time: 0.0015s
Record 354/1000 | Predicted: [0] | True: 0 | Time: 0.0015s
Record 355/1000 | Predicted: [0] | True: 1 | Time: 0.0015s
Record 356/1000 | Predicted: [0] | True: 0 | Time: 0.0015s
Record 357/1000 | Predicted: [0] | True: 0 | Time: 0.0015s
Record 358/1000 | Predicted: [0] | True: 0 | Time: 0.0015s
Record 359/1000 | Predicted: [0] | True: 0 | Time: 0.0015s
Record 360/1000 | Predicted: [1] | True: 1 | Time: 0.0015s
Record 361/1000 | Predicted: [0] | True: 0 | Time: 0.0016s
Record 362/1000 | Predicted: [0] | True: 0 | Time: 0.0015s
Record 363/1000 | Predicted: [0] | True: 0 | Time: 0.0015s
Record 364/1000 | Predicted: [0] | True: 0 | Time: 0.0015s
Record 365/1000 | Predicted: [0] | True: 0 | Time: 0.0015s
Record 366/1000 | Predicted: [0] | True: 0 | Time: 0.0015s
Record 367/1000 | Predicted: [0] | True: 0 | Time: 0.0015s
Record 368/1000 | Predicted: [0] | True: 1 | Time: 0.0016s
Record 369/1000 | Predicted: [0] | True: 0 | Time: 0.0015s
Record 370/1000 | Predicted: [0] | True: 0 | Time: 0.0015s
Record 371/1000 | Predicted: [0] | True: 0 | Time: 0.0015s
Record 372/1000 | Predicted: [0] | True: 0 | Time: 0.0015s
Record 373/1000 | Predicted: [1] | True: 1 | Time: 0.0015s
Record 374/1000 | Predicted: [0] | True: 0 | Time: 0.0015s
Record 375/1000 | Predicted: [0] | True: 0 | Time: 0.0015s
Record 376/1000 | Predicted: [0] | True: 0 | Time: 0.0015s
Record 377/1000 | Predicted: [1] | True: 1 | Time: 0.0015s
Record 378/1000 | Predicted: [0] | True: 0 | Time: 0.0015s
Record 379/1000 | Predicted: [0] | True: 0 | Time: 0.0015s
Record 380/1000 | Predicted: [1] | True: 1 | Time: 0.0015s
Record 381/1000 | Predicted: [1] | True: 0 | Time: 0.0015s
Record 382/1000 | Predicted: [0] | True: 0 | Time: 0.0015s
Record 383/1000 | Predicted: [0] | True: 1 | Time: 0.0015s
Record 384/1000 | Predicted: [0] | True: 0 | Time: 0.0015s
Record 385/1000 | Predicted: [0] | True: 0 | Time: 0.0016s
Record 386/1000 | Predicted: [1] | True: 1 | Time: 0.0015s
Record 387/1000 | Predicted: [0] | True: 0 | Time: 0.0015s
Record 388/1000 | Predicted: [0] | True: 1 | Time: 0.0015s
Record 389/1000 | Predicted: [0] | True: 0 | Time: 0.0015s
Record 390/1000 | Predicted: [0] | True: 0 | Time: 0.0015s
Record 391/1000 | Predicted: [0] | True: 0 | Time: 0.0015s
Record 392/1000 | Predicted: [0] | True: 0 | Time: 0.0015s
Record 393/1000 | Predicted: [1] | True: 1 | Time: 0.0015s
Record 394/1000 | Predicted: [0] | True: 0 | Time: 0.0016s
Record 395/1000 | Predicted: [0] | True: 0 | Time: 0.0015s
Record 396/1000 | Predicted: [0] | True: 0 | Time: 0.0015s
Record 397/1000 | Predicted: [1] | True: 1 | Time: 0.0015s
Record 398/1000 | Predicted: [0] | True: 0 | Time: 0.0015s
Record 399/1000 | Predicted: [0] | True: 0 | Time: 0.0016s
Record 400/1000 | Predicted: [0] | True: 0 | Time: 0.0015s
Record 401/1000 | Predicted: [0] | True: 0 | Time: 0.0015s
Record 402/1000 | Predicted: [0] | True: 0 | Time: 0.0015s
Record 403/1000 | Predicted: [0] | True: 0 | Time: 0.0015s
Record 404/1000 | Predicted: [0] | True: 0 | Time: 0.0015s
Record 405/1000 | Predicted: [0] | True: 0 | Time: 0.0015s
Record 406/1000 | Predicted: [0] | True: 0 | Time: 0.0015s
Record 407/1000 | Predicted: [0] | True: 0 | Time: 0.0015s
Record 408/1000 | Predicted: [0] | True: 0 | Time: 0.0016s
Record 409/1000 | Predicted: [0] | True: 0 | Time: 0.0015s
Record 410/1000 | Predicted: [0] | True: 0 | Time: 0.0015s
Record 411/1000 | Predicted: [0] | True: 1 | Time: 0.0016s
Record 412/1000 | Predicted: [0] | True: 0 | Time: 0.0015s
Record 413/1000 | Predicted: [0] | True: 0 | Time: 0.0016s
Record 414/1000 | Predicted: [0] | True: 0 | Time: 0.0016s
Record 415/1000 | Predicted: [0] | True: 0 | Time: 0.0015s
Record 416/1000 | Predicted: [0] | True: 0 | Time: 0.0015s
Record 417/1000 | Predicted: [0] | True: 0 | Time: 0.0015s
Record 418/1000 | Predicted: [0] | True: 0 | Time: 0.0015s
Record 419/1000 | Predicted: [0] | True: 1 | Time: 0.0015s
Record 420/1000 | Predicted: [0] | True: 0 | Time: 0.0016s
Record 421/1000 | Predicted: [1] | True: 1 | Time: 0.0015s
Record 422/1000 | Predicted: [0] | True: 0 | Time: 0.0015s
Record 423/1000 | Predicted: [0] | True: 0 | Time: 0.0015s
Record 424/1000 | Predicted: [0] | True: 0 | Time: 0.0015s
Record 425/1000 | Predicted: [1] | True: 1 | Time: 0.0015s
Record 426/1000 | Predicted: [1] | True: 0 | Time: 0.0015s
Record 427/1000 | Predicted: [0] | True: 0 | Time: 0.0016s
Record 428/1000 | Predicted: [0] | True: 0 | Time: 0.0015s
Record 429/1000 | Predicted: [1] | True: 1 | Time: 0.0015s
Record 430/1000 | Predicted: [0] | True: 0 | Time: 0.0015s
Record 431/1000 | Predicted: [0] | True: 0 | Time: 0.0015s
Record 432/1000 | Predicted: [0] | True: 0 | Time: 0.0015s
Record 433/1000 | Predicted: [0] | True: 0 | Time: 0.0016s
Record 434/1000 | Predicted: [1] | True: 1 | Time: 0.0016s
Record 435/1000 | Predicted: [0] | True: 0 | Time: 0.0015s
Record 436/1000 | Predicted: [0] | True: 0 | Time: 0.0016s
Record 437/1000 | Predicted: [0] | True: 0 | Time: 0.0015s
Record 438/1000 | Predicted: [0] | True: 0 | Time: 0.0015s
Record 439/1000 | Predicted: [1] | True: 1 | Time: 0.0015s
Record 440/1000 | Predicted: [1] | True: 1 | Time: 0.0015s
Record 441/1000 | Predicted: [0] | True: 0 | Time: 0.0016s
Record 442/1000 | Predicted: [1] | True: 1 | Time: 0.0015s
Record 443/1000 | Predicted: [0] | True: 0 | Time: 0.0015s
Record 444/1000 | Predicted: [1] | True: 0 | Time: 0.0015s
Record 445/1000 | Predicted: [0] | True: 0 | Time: 0.0015s
Record 446/1000 | Predicted: [1] | True: 1 | Time: 0.0015s
Record 447/1000 | Predicted: [0] | True: 0 | Time: 0.0015s
Record 448/1000 | Predicted: [0] | True: 0 | Time: 0.0015s
Record 449/1000 | Predicted: [0] | True: 0 | Time: 0.0015s
Record 450/1000 | Predicted: [0] | True: 1 | Time: 0.0016s
Record 451/1000 | Predicted: [0] | True: 0 | Time: 0.0016s
Record 452/1000 | Predicted: [0] | True: 0 | Time: 0.0015s
Record 453/1000 | Predicted: [0] | True: 0 | Time: 0.0015s
Record 454/1000 | Predicted: [0] | True: 1 | Time: 0.0016s
Record 455/1000 | Predicted: [0] | True: 0 | Time: 0.0015s
Record 456/1000 | Predicted: [0] | True: 0 | Time: 0.0015s
Record 457/1000 | Predicted: [0] | True: 0 | Time: 0.0015s
Record 458/1000 | Predicted: [0] | True: 0 | Time: 0.0015s
Record 459/1000 | Predicted: [0] | True: 0 | Time: 0.0015s
Record 460/1000 | Predicted: [1] | True: 0 | Time: 0.0015s
Record 461/1000 | Predicted: [0] | True: 0 | Time: 0.0015s
Record 462/1000 | Predicted: [0] | True: 0 | Time: 0.0015s
Record 463/1000 | Predicted: [0] | True: 0 | Time: 0.0015s
Record 464/1000 | Predicted: [0] | True: 0 | Time: 0.0015s
Record 465/1000 | Predicted: [0] | True: 1 | Time: 0.0015s
Record 466/1000 | Predicted: [0] | True: 0 | Time: 0.0015s
Record 467/1000 | Predicted: [0] | True: 0 | Time: 0.0015s
Record 468/1000 | Predicted: [0] | True: 0 | Time: 0.0016s
Record 469/1000 | Predicted: [0] | True: 0 | Time: 0.0015s
Record 470/1000 | Predicted: [0] | True: 0 | Time: 0.0015s
Record 471/1000 | Predicted: [0] | True: 0 | Time: 0.0015s
Record 472/1000 | Predicted: [0] | True: 0 | Time: 0.0015s
Record 473/1000 | Predicted: [0] | True: 0 | Time: 0.0015s
Record 474/1000 | Predicted: [0] | True: 0 | Time: 0.0015s
Record 475/1000 | Predicted: [0] | True: 0 | Time: 0.0015s
Record 476/1000 | Predicted: [0] | True: 0 | Time: 0.0015s
Record 477/1000 | Predicted: [0] | True: 0 | Time: 0.0015s
Record 478/1000 | Predicted: [0] | True: 0 | Time: 0.0015s
Record 479/1000 | Predicted: [0] | True: 0 | Time: 0.0016s
Record 480/1000 | Predicted: [0] | True: 0 | Time: 0.0015s
Record 481/1000 | Predicted: [0] | True: 0 | Time: 0.0015s
Record 482/1000 | Predicted: [0] | True: 0 | Time: 0.0016s
Record 483/1000 | Predicted: [0] | True: 0 | Time: 0.0015s
Record 484/1000 | Predicted: [0] | True: 0 | Time: 0.0015s
Record 485/1000 | Predicted: [0] | True: 0 | Time: 0.0015s
Record 486/1000 | Predicted: [0] | True: 0 | Time: 0.0015s
Record 487/1000 | Predicted: [1] | True: 1 | Time: 0.0015s
Record 488/1000 | Predicted: [0] | True: 0 | Time: 0.0015s
Record 489/1000 | Predicted: [0] | True: 0 | Time: 0.0015s
Record 490/1000 | Predicted: [0] | True: 0 | Time: 0.0015s
Record 491/1000 | Predicted: [0] | True: 0 | Time: 0.0016s
Record 492/1000 | Predicted: [1] | True: 1 | Time: 0.0016s
Record 493/1000 | Predicted: [0] | True: 0 | Time: 0.0016s
Record 494/1000 | Predicted: [0] | True: 0 | Time: 0.0015s
Record 495/1000 | Predicted: [0] | True: 0 | Time: 0.0015s
Record 496/1000 | Predicted: [0] | True: 0 | Time: 0.0015s
Record 497/1000 | Predicted: [0] | True: 0 | Time: 0.0015s
Record 498/1000 | Predicted: [0] | True: 1 | Time: 0.0016s
Record 499/1000 | Predicted: [0] | True: 0 | Time: 0.0015s
Record 500/1000 | Predicted: [0] | True: 0 | Time: 0.0015s
Record 501/1000 | Predicted: [0] | True: 0 | Time: 0.0015s
Record 502/1000 | Predicted: [0] | True: 0 | Time: 0.0015s
Record 503/1000 | Predicted: [0] | True: 0 | Time: 0.0015s
Record 504/1000 | Predicted: [0] | True: 1 | Time: 0.0015s
Record 505/1000 | Predicted: [1] | True: 1 | Time: 0.0015s
Record 506/1000 | Predicted: [0] | True: 0 | Time: 0.0015s
Record 507/1000 | Predicted: [1] | True: 1 | Time: 0.0015s
Record 508/1000 | Predicted: [0] | True: 0 | Time: 0.0015s
Record 509/1000 | Predicted: [0] | True: 0 | Time: 0.0015s
Record 510/1000 | Predicted: [0] | True: 0 | Time: 0.0016s
Record 511/1000 | Predicted: [1] | True: 1 | Time: 0.0015s
Record 512/1000 | Predicted: [0] | True: 0 | Time: 0.0015s
Record 513/1000 | Predicted: [0] | True: 0 | Time: 0.0015s
Record 514/1000 | Predicted: [0] | True: 0 | Time: 0.0016s
Record 515/1000 | Predicted: [0] | True: 0 | Time: 0.0015s
Record 516/1000 | Predicted: [0] | True: 0 | Time: 0.0015s
Record 517/1000 | Predicted: [0] | True: 0 | Time: 0.0015s
Record 518/1000 | Predicted: [1] | True: 1 | Time: 0.0016s
Record 519/1000 | Predicted: [0] | True: 0 | Time: 0.0015s
Record 520/1000 | Predicted: [0] | True: 0 | Time: 0.0015s
Record 521/1000 | Predicted: [1] | True: 1 | Time: 0.0015s
Record 522/1000 | Predicted: [0] | True: 0 | Time: 0.0015s
Record 523/1000 | Predicted: [0] | True: 0 | Time: 0.0015s
Record 524/1000 | Predicted: [0] | True: 0 | Time: 0.0015s
Record 525/1000 | Predicted: [0] | True: 0 | Time: 0.0015s
Record 526/1000 | Predicted: [0] | True: 0 | Time: 0.0015s
Record 527/1000 | Predicted: [1] | True: 0 | Time: 0.0016s
Record 528/1000 | Predicted: [0] | True: 0 | Time: 0.0016s
Record 529/1000 | Predicted: [1] | True: 0 | Time: 0.0015s
Record 530/1000 | Predicted: [0] | True: 0 | Time: 0.0015s
Record 531/1000 | Predicted: [0] | True: 0 | Time: 0.0015s
Record 532/1000 | Predicted: [0] | True: 0 | Time: 0.0015s
Record 533/1000 | Predicted: [0] | True: 0 | Time: 0.0015s
Record 534/1000 | Predicted: [1] | True: 1 | Time: 0.0015s
Record 535/1000 | Predicted: [1] | True: 1 | Time: 0.0015s
Record 536/1000 | Predicted: [0] | True: 0 | Time: 0.0015s
Record 537/1000 | Predicted: [0] | True: 0 | Time: 0.0015s
Record 538/1000 | Predicted: [1] | True: 0 | Time: 0.0015s
Record 539/1000 | Predicted: [0] | True: 0 | Time: 0.0015s
Record 540/1000 | Predicted: [0] | True: 0 | Time: 0.0015s
Record 541/1000 | Predicted: [0] | True: 0 | Time: 0.0015s
Record 542/1000 | Predicted: [1] | True: 1 | Time: 0.0015s
Record 543/1000 | Predicted: [0] | True: 0 | Time: 0.0015s
Record 544/1000 | Predicted: [0] | True: 0 | Time: 0.0015s
Record 545/1000 | Predicted: [0] | True: 0 | Time: 0.0016s
Record 546/1000 | Predicted: [1] | True: 1 | Time: 0.0015s
Record 547/1000 | Predicted: [0] | True: 0 | Time: 0.0015s
Record 548/1000 | Predicted: [1] | True: 1 | Time: 0.0015s
Record 549/1000 | Predicted: [0] | True: 0 | Time: 0.0015s
Record 550/1000 | Predicted: [0] | True: 0 | Time: 0.0015s
Record 551/1000 | Predicted: [1] | True: 1 | Time: 0.0016s
Record 552/1000 | Predicted: [1] | True: 0 | Time: 0.0016s
Record 553/1000 | Predicted: [0] | True: 0 | Time: 0.0017s
Record 554/1000 | Predicted: [0] | True: 0 | Time: 0.0015s
Record 555/1000 | Predicted: [1] | True: 1 | Time: 0.0015s
Record 556/1000 | Predicted: [1] | True: 0 | Time: 0.0015s
Record 557/1000 | Predicted: [1] | True: 1 | Time: 0.0015s
Record 558/1000 | Predicted: [0] | True: 0 | Time: 0.0015s
Record 559/1000 | Predicted: [0] | True: 0 | Time: 0.0015s
Record 560/1000 | Predicted: [0] | True: 0 | Time: 0.0016s
Record 561/1000 | Predicted: [1] | True: 1 | Time: 0.0015s
Record 562/1000 | Predicted: [0] | True: 0 | Time: 0.0015s
Record 563/1000 | Predicted: [1] | True: 1 | Time: 0.0015s
Record 564/1000 | Predicted: [0] | True: 0 | Time: 0.0015s
Record 565/1000 | Predicted: [0] | True: 0 | Time: 0.0015s
Record 566/1000 | Predicted: [0] | True: 0 | Time: 0.0015s
Record 567/1000 | Predicted: [0] | True: 0 | Time: 0.0015s
Record 568/1000 | Predicted: [1] | True: 0 | Time: 0.0015s
Record 569/1000 | Predicted: [1] | True: 1 | Time: 0.0015s
Record 570/1000 | Predicted: [0] | True: 0 | Time: 0.0015s
Record 571/1000 | Predicted: [0] | True: 0 | Time: 0.0015s
Record 572/1000 | Predicted: [1] | True: 1 | Time: 0.0015s
Record 573/1000 | Predicted: [0] | True: 0 | Time: 0.0015s
Record 574/1000 | Predicted: [1] | True: 1 | Time: 0.0015s
Record 575/1000 | Predicted: [0] | True: 0 | Time: 0.0015s
Record 576/1000 | Predicted: [0] | True: 0 | Time: 0.0016s
Record 577/1000 | Predicted: [0] | True: 0 | Time: 0.0015s
Record 578/1000 | Predicted: [0] | True: 0 | Time: 0.0015s
Record 579/1000 | Predicted: [0] | True: 0 | Time: 0.0015s
Record 580/1000 | Predicted: [0] | True: 0 | Time: 0.0015s
Record 581/1000 | Predicted: [1] | True: 0 | Time: 0.0015s
Record 582/1000 | Predicted: [0] | True: 0 | Time: 0.0015s
Record 583/1000 | Predicted: [0] | True: 0 | Time: 0.0015s
Record 584/1000 | Predicted: [1] | True: 0 | Time: 0.0015s
Record 585/1000 | Predicted: [0] | True: 0 | Time: 0.0016s
Record 586/1000 | Predicted: [0] | True: 0 | Time: 0.0016s
Record 587/1000 | Predicted: [0] | True: 0 | Time: 0.0015s
Record 588/1000 | Predicted: [1] | True: 1 | Time: 0.0015s
Record 589/1000 | Predicted: [0] | True: 0 | Time: 0.0015s
Record 590/1000 | Predicted: [0] | True: 0 | Time: 0.0017s
Record 591/1000 | Predicted: [1] | True: 1 | Time: 0.0016s
Record 592/1000 | Predicted: [0] | True: 0 | Time: 0.0016s
Record 593/1000 | Predicted: [0] | True: 0 | Time: 0.0016s
Record 594/1000 | Predicted: [0] | True: 0 | Time: 0.0015s
Record 595/1000 | Predicted: [1] | True: 1 | Time: 0.0015s
Record 596/1000 | Predicted: [0] | True: 0 | Time: 0.0015s
Record 597/1000 | Predicted: [0] | True: 0 | Time: 0.0015s
Record 598/1000 | Predicted: [0] | True: 0 | Time: 0.0016s
Record 599/1000 | Predicted: [0] | True: 0 | Time: 0.0016s
Record 600/1000 | Predicted: [0] | True: 0 | Time: 0.0015s
Record 601/1000 | Predicted: [1] | True: 1 | Time: 0.0016s
Record 602/1000 | Predicted: [0] | True: 0 | Time: 0.0015s
Record 603/1000 | Predicted: [0] | True: 1 | Time: 0.0015s
Record 604/1000 | Predicted: [1] | True: 1 | Time: 0.0016s
Record 605/1000 | Predicted: [0] | True: 0 | Time: 0.0015s
Record 606/1000 | Predicted: [0] | True: 0 | Time: 0.0015s
Record 607/1000 | Predicted: [0] | True: 0 | Time: 0.0016s
Record 608/1000 | Predicted: [0] | True: 0 | Time: 0.0015s
Record 609/1000 | Predicted: [0] | True: 0 | Time: 0.0015s
Record 610/1000 | Predicted: [0] | True: 0 | Time: 0.0015s
Record 611/1000 | Predicted: [0] | True: 0 | Time: 0.0015s
Record 612/1000 | Predicted: [1] | True: 1 | Time: 0.0015s
Record 613/1000 | Predicted: [0] | True: 0 | Time: 0.0015s
Record 614/1000 | Predicted: [0] | True: 0 | Time: 0.0015s
Record 615/1000 | Predicted: [0] | True: 0 | Time: 0.0015s
Record 616/1000 | Predicted: [1] | True: 1 | Time: 0.0015s
Record 617/1000 | Predicted: [0] | True: 0 | Time: 0.0015s
Record 618/1000 | Predicted: [0] | True: 0 | Time: 0.0016s
Record 619/1000 | Predicted: [0] | True: 0 | Time: 0.0015s
Record 620/1000 | Predicted: [0] | True: 0 | Time: 0.0015s
Record 621/1000 | Predicted: [0] | True: 0 | Time: 0.0016s
Record 622/1000 | Predicted: [0] | True: 0 | Time: 0.0015s
Record 623/1000 | Predicted: [0] | True: 0 | Time: 0.0015s
Record 624/1000 | Predicted: [0] | True: 0 | Time: 0.0015s
Record 625/1000 | Predicted: [0] | True: 0 | Time: 0.0015s
Record 626/1000 | Predicted: [0] | True: 0 | Time: 0.0015s
Record 627/1000 | Predicted: [0] | True: 0 | Time: 0.0016s
Record 628/1000 | Predicted: [0] | True: 0 | Time: 0.0016s
Record 629/1000 | Predicted: [0] | True: 0 | Time: 0.0016s
Record 630/1000 | Predicted: [0] | True: 0 | Time: 0.0016s
Record 631/1000 | Predicted: [0] | True: 0 | Time: 0.0015s
Record 632/1000 | Predicted: [1] | True: 1 | Time: 0.0016s
Record 633/1000 | Predicted: [0] | True: 0 | Time: 0.0016s
Record 634/1000 | Predicted: [0] | True: 0 | Time: 0.0016s
Record 635/1000 | Predicted: [1] | True: 1 | Time: 0.0016s
Record 636/1000 | Predicted: [0] | True: 0 | Time: 0.0015s
Record 637/1000 | Predicted: [0] | True: 0 | Time: 0.0016s
Record 638/1000 | Predicted: [0] | True: 0 | Time: 0.0015s
Record 639/1000 | Predicted: [0] | True: 0 | Time: 0.0016s
Record 640/1000 | Predicted: [0] | True: 0 | Time: 0.0015s
Record 641/1000 | Predicted: [1] | True: 1 | Time: 0.0015s
Record 642/1000 | Predicted: [0] | True: 0 | Time: 0.0015s
Record 643/1000 | Predicted: [0] | True: 0 | Time: 0.0015s
Record 644/1000 | Predicted: [1] | True: 1 | Time: 0.0015s
Record 645/1000 | Predicted: [0] | True: 0 | Time: 0.0015s
Record 646/1000 | Predicted: [0] | True: 0 | Time: 0.0015s
Record 647/1000 | Predicted: [0] | True: 0 | Time: 0.0015s
Record 648/1000 | Predicted: [0] | True: 0 | Time: 0.0015s
Record 649/1000 | Predicted: [0] | True: 0 | Time: 0.0015s
Record 650/1000 | Predicted: [0] | True: 0 | Time: 0.0015s
Record 651/1000 | Predicted: [0] | True: 0 | Time: 0.0015s
Record 652/1000 | Predicted: [0] | True: 0 | Time: 0.0015s
Record 653/1000 | Predicted: [0] | True: 0 | Time: 0.0016s
Record 654/1000 | Predicted: [0] | True: 0 | Time: 0.0015s
Record 655/1000 | Predicted: [0] | True: 0 | Time: 0.0015s
Record 656/1000 | Predicted: [0] | True: 0 | Time: 0.0015s
Record 657/1000 | Predicted: [0] | True: 0 | Time: 0.0015s
Record 658/1000 | Predicted: [0] | True: 0 | Time: 0.0016s
Record 659/1000 | Predicted: [0] | True: 0 | Time: 0.0015s
Record 660/1000 | Predicted: [1] | True: 0 | Time: 0.0015s
Record 661/1000 | Predicted: [0] | True: 0 | Time: 0.0015s
Record 662/1000 | Predicted: [0] | True: 0 | Time: 0.0016s
Record 663/1000 | Predicted: [1] | True: 1 | Time: 0.0015s
Record 664/1000 | Predicted: [0] | True: 0 | Time: 0.0015s
Record 665/1000 | Predicted: [0] | True: 0 | Time: 0.0016s
Record 666/1000 | Predicted: [1] | True: 1 | Time: 0.0015s
Record 667/1000 | Predicted: [0] | True: 0 | Time: 0.0015s
Record 668/1000 | Predicted: [1] | True: 1 | Time: 0.0015s
Record 669/1000 | Predicted: [0] | True: 0 | Time: 0.0015s
Record 670/1000 | Predicted: [0] | True: 0 | Time: 0.0015s
Record 671/1000 | Predicted: [0] | True: 0 | Time: 0.0015s
Record 672/1000 | Predicted: [0] | True: 0 | Time: 0.0016s
Record 673/1000 | Predicted: [0] | True: 0 | Time: 0.0015s
Record 674/1000 | Predicted: [0] | True: 0 | Time: 0.0016s
Record 675/1000 | Predicted: [0] | True: 0 | Time: 0.0015s
Record 676/1000 | Predicted: [0] | True: 0 | Time: 0.0015s
Record 677/1000 | Predicted: [0] | True: 0 | Time: 0.0016s
Record 678/1000 | Predicted: [0] | True: 0 | Time: 0.0015s
Record 679/1000 | Predicted: [0] | True: 0 | Time: 0.0015s
Record 680/1000 | Predicted: [0] | True: 0 | Time: 0.0015s
Record 681/1000 | Predicted: [0] | True: 0 | Time: 0.0015s
Record 682/1000 | Predicted: [0] | True: 0 | Time: 0.0015s
Record 683/1000 | Predicted: [0] | True: 0 | Time: 0.0015s
Record 684/1000 | Predicted: [0] | True: 0 | Time: 0.0015s
Record 685/1000 | Predicted: [1] | True: 1 | Time: 0.0016s
Record 686/1000 | Predicted: [0] | True: 0 | Time: 0.0016s
Record 687/1000 | Predicted: [1] | True: 1 | Time: 0.0015s
Record 688/1000 | Predicted: [0] | True: 0 | Time: 0.0015s
Record 689/1000 | Predicted: [0] | True: 0 | Time: 0.0015s
Record 690/1000 | Predicted: [0] | True: 0 | Time: 0.0015s
Record 691/1000 | Predicted: [0] | True: 0 | Time: 0.0015s
Record 692/1000 | Predicted: [0] | True: 0 | Time: 0.0015s
Record 693/1000 | Predicted: [0] | True: 0 | Time: 0.0016s
Record 694/1000 | Predicted: [1] | True: 1 | Time: 0.0015s
Record 695/1000 | Predicted: [0] | True: 0 | Time: 0.0015s
Record 696/1000 | Predicted: [0] | True: 0 | Time: 0.0015s
Record 697/1000 | Predicted: [0] | True: 0 | Time: 0.0015s
Record 698/1000 | Predicted: [0] | True: 1 | Time: 0.0016s
Record 699/1000 | Predicted: [0] | True: 0 | Time: 0.0015s
Record 700/1000 | Predicted: [1] | True: 1 | Time: 0.0015s
Record 701/1000 | Predicted: [0] | True: 0 | Time: 0.0015s
Record 702/1000 | Predicted: [1] | True: 1 | Time: 0.0015s
Record 703/1000 | Predicted: [0] | True: 0 | Time: 0.0015s
Record 704/1000 | Predicted: [1] | True: 1 | Time: 0.0015s
Record 705/1000 | Predicted: [0] | True: 0 | Time: 0.0015s
Record 706/1000 | Predicted: [1] | True: 1 | Time: 0.0015s
Record 707/1000 | Predicted: [0] | True: 1 | Time: 0.0015s
Record 708/1000 | Predicted: [0] | True: 0 | Time: 0.0015s
Record 709/1000 | Predicted: [0] | True: 0 | Time: 0.0015s
Record 710/1000 | Predicted: [0] | True: 0 | Time: 0.0015s
Record 711/1000 | Predicted: [1] | True: 1 | Time: 0.0015s
Record 712/1000 | Predicted: [0] | True: 0 | Time: 0.0015s
Record 713/1000 | Predicted: [0] | True: 0 | Time: 0.0016s
Record 714/1000 | Predicted: [0] | True: 0 | Time: 0.0016s
Record 715/1000 | Predicted: [1] | True: 1 | Time: 0.0015s
Record 716/1000 | Predicted: [0] | True: 0 | Time: 0.0015s
Record 717/1000 | Predicted: [0] | True: 0 | Time: 0.0015s
Record 718/1000 | Predicted: [1] | True: 1 | Time: 0.0015s
Record 719/1000 | Predicted: [0] | True: 0 | Time: 0.0015s
Record 720/1000 | Predicted: [1] | True: 1 | Time: 0.0015s
Record 721/1000 | Predicted: [0] | True: 0 | Time: 0.0016s
Record 722/1000 | Predicted: [0] | True: 0 | Time: 0.0015s
Record 723/1000 | Predicted: [0] | True: 1 | Time: 0.0015s
Record 724/1000 | Predicted: [1] | True: 1 | Time: 0.0016s
Record 725/1000 | Predicted: [0] | True: 0 | Time: 0.0015s
Record 726/1000 | Predicted: [1] | True: 1 | Time: 0.0016s
Record 727/1000 | Predicted: [0] | True: 0 | Time: 0.0015s
Record 728/1000 | Predicted: [0] | True: 0 | Time: 0.0015s
Record 729/1000 | Predicted: [0] | True: 0 | Time: 0.0016s
Record 730/1000 | Predicted: [0] | True: 0 | Time: 0.0015s
Record 731/1000 | Predicted: [0] | True: 0 | Time: 0.0015s
Record 732/1000 | Predicted: [0] | True: 0 | Time: 0.0015s
Record 733/1000 | Predicted: [0] | True: 0 | Time: 0.0016s
Record 734/1000 | Predicted: [0] | True: 0 | Time: 0.0015s
Record 735/1000 | Predicted: [0] | True: 0 | Time: 0.0015s
Record 736/1000 | Predicted: [0] | True: 0 | Time: 0.0015s
Record 737/1000 | Predicted: [0] | True: 0 | Time: 0.0015s
Record 738/1000 | Predicted: [0] | True: 0 | Time: 0.0016s
Record 739/1000 | Predicted: [1] | True: 1 | Time: 0.0016s
Record 740/1000 | Predicted: [0] | True: 0 | Time: 0.0015s
Record 741/1000 | Predicted: [0] | True: 0 | Time: 0.0015s
Record 742/1000 | Predicted: [0] | True: 0 | Time: 0.0015s
Record 743/1000 | Predicted: [0] | True: 0 | Time: 0.0015s
Record 744/1000 | Predicted: [0] | True: 0 | Time: 0.0015s
Record 745/1000 | Predicted: [0] | True: 0 | Time: 0.0016s
Record 746/1000 | Predicted: [0] | True: 0 | Time: 0.0015s
Record 747/1000 | Predicted: [0] | True: 0 | Time: 0.0015s
Record 748/1000 | Predicted: [1] | True: 1 | Time: 0.0015s
Record 749/1000 | Predicted: [1] | True: 0 | Time: 0.0015s
Record 750/1000 | Predicted: [1] | True: 1 | Time: 0.0015s
Record 751/1000 | Predicted: [0] | True: 0 | Time: 0.0016s
Record 752/1000 | Predicted: [1] | True: 1 | Time: 0.0015s
Record 753/1000 | Predicted: [0] | True: 0 | Time: 0.0016s
Record 754/1000 | Predicted: [0] | True: 0 | Time: 0.0015s
Record 755/1000 | Predicted: [0] | True: 0 | Time: 0.0015s
Record 756/1000 | Predicted: [0] | True: 0 | Time: 0.0015s
Record 757/1000 | Predicted: [1] | True: 1 | Time: 0.0015s
Record 758/1000 | Predicted: [1] | True: 1 | Time: 0.0015s
Record 759/1000 | Predicted: [0] | True: 1 | Time: 0.0015s
Record 760/1000 | Predicted: [0] | True: 0 | Time: 0.0015s
Record 761/1000 | Predicted: [0] | True: 0 | Time: 0.0016s
Record 762/1000 | Predicted: [0] | True: 0 | Time: 0.0015s
Record 763/1000 | Predicted: [0] | True: 0 | Time: 0.0015s
Record 764/1000 | Predicted: [1] | True: 0 | Time: 0.0015s
Record 765/1000 | Predicted: [0] | True: 0 | Time: 0.0015s
Record 766/1000 | Predicted: [1] | True: 1 | Time: 0.0015s
Record 767/1000 | Predicted: [0] | True: 0 | Time: 0.0015s
Record 768/1000 | Predicted: [0] | True: 0 | Time: 0.0015s
Record 769/1000 | Predicted: [0] | True: 0 | Time: 0.0015s
Record 770/1000 | Predicted: [0] | True: 1 | Time: 0.0015s
Record 771/1000 | Predicted: [1] | True: 0 | Time: 0.0015s
Record 772/1000 | Predicted: [0] | True: 0 | Time: 0.0015s
Record 773/1000 | Predicted: [0] | True: 0 | Time: 0.0015s
Record 774/1000 | Predicted: [1] | True: 1 | Time: 0.0015s
Record 775/1000 | Predicted: [0] | True: 0 | Time: 0.0015s
Record 776/1000 | Predicted: [0] | True: 0 | Time: 0.0015s
Record 777/1000 | Predicted: [0] | True: 0 | Time: 0.0015s
Record 778/1000 | Predicted: [1] | True: 0 | Time: 0.0015s
Record 779/1000 | Predicted: [0] | True: 0 | Time: 0.0015s
Record 780/1000 | Predicted: [0] | True: 1 | Time: 0.0015s
Record 781/1000 | Predicted: [0] | True: 0 | Time: 0.0015s
Record 782/1000 | Predicted: [0] | True: 0 | Time: 0.0015s
Record 783/1000 | Predicted: [0] | True: 0 | Time: 0.0016s
Record 784/1000 | Predicted: [0] | True: 0 | Time: 0.0015s
Record 785/1000 | Predicted: [0] | True: 0 | Time: 0.0015s
Record 786/1000 | Predicted: [0] | True: 0 | Time: 0.0015s
Record 787/1000 | Predicted: [0] | True: 0 | Time: 0.0015s
Record 788/1000 | Predicted: [0] | True: 0 | Time: 0.0015s
Record 789/1000 | Predicted: [0] | True: 0 | Time: 0.0015s
Record 790/1000 | Predicted: [0] | True: 0 | Time: 0.0015s
Record 791/1000 | Predicted: [0] | True: 0 | Time: 0.0015s
Record 792/1000 | Predicted: [0] | True: 0 | Time: 0.0016s
Record 793/1000 | Predicted: [0] | True: 0 | Time: 0.0015s
Record 794/1000 | Predicted: [0] | True: 0 | Time: 0.0015s
Record 795/1000 | Predicted: [0] | True: 1 | Time: 0.0015s
Record 796/1000 | Predicted: [0] | True: 0 | Time: 0.0015s
Record 797/1000 | Predicted: [0] | True: 0 | Time: 0.0015s
Record 798/1000 | Predicted: [0] | True: 0 | Time: 0.0015s
Record 799/1000 | Predicted: [0] | True: 0 | Time: 0.0015s
Record 800/1000 | Predicted: [1] | True: 1 | Time: 0.0015s
Record 801/1000 | Predicted: [0] | True: 0 | Time: 0.0015s
Record 802/1000 | Predicted: [0] | True: 0 | Time: 0.0015s
Record 803/1000 | Predicted: [0] | True: 0 | Time: 0.0015s
Record 804/1000 | Predicted: [0] | True: 0 | Time: 0.0015s
Record 805/1000 | Predicted: [0] | True: 0 | Time: 0.0015s
Record 806/1000 | Predicted: [0] | True: 0 | Time: 0.0016s
Record 807/1000 | Predicted: [1] | True: 1 | Time: 0.0015s
Record 808/1000 | Predicted: [0] | True: 0 | Time: 0.0015s
Record 809/1000 | Predicted: [0] | True: 0 | Time: 0.0015s
Record 810/1000 | Predicted: [0] | True: 0 | Time: 0.0015s
Record 811/1000 | Predicted: [0] | True: 0 | Time: 0.0015s
Record 812/1000 | Predicted: [0] | True: 0 | Time: 0.0015s
Record 813/1000 | Predicted: [0] | True: 0 | Time: 0.0015s
Record 814/1000 | Predicted: [0] | True: 0 | Time: 0.0015s
Record 815/1000 | Predicted: [0] | True: 0 | Time: 0.0015s
Record 816/1000 | Predicted: [0] | True: 0 | Time: 0.0016s
Record 817/1000 | Predicted: [0] | True: 1 | Time: 0.0015s
Record 818/1000 | Predicted: [0] | True: 0 | Time: 0.0015s
Record 819/1000 | Predicted: [1] | True: 1 | Time: 0.0015s
Record 820/1000 | Predicted: [0] | True: 0 | Time: 0.0016s
Record 821/1000 | Predicted: [0] | True: 0 | Time: 0.0015s
Record 822/1000 | Predicted: [1] | True: 0 | Time: 0.0015s
Record 823/1000 | Predicted: [0] | True: 0 | Time: 0.0016s
Record 824/1000 | Predicted: [0] | True: 0 | Time: 0.0015s
Record 825/1000 | Predicted: [0] | True: 0 | Time: 0.0015s
Record 826/1000 | Predicted: [0] | True: 0 | Time: 0.0015s
Record 827/1000 | Predicted: [0] | True: 0 | Time: 0.0016s
Record 828/1000 | Predicted: [0] | True: 0 | Time: 0.0015s
Record 829/1000 | Predicted: [1] | True: 1 | Time: 0.0015s
Record 830/1000 | Predicted: [0] | True: 1 | Time: 0.0016s
Record 831/1000 | Predicted: [0] | True: 0 | Time: 0.0015s
Record 832/1000 | Predicted: [0] | True: 0 | Time: 0.0016s
Record 833/1000 | Predicted: [1] | True: 1 | Time: 0.0015s
Record 834/1000 | Predicted: [0] | True: 0 | Time: 0.0015s
Record 835/1000 | Predicted: [0] | True: 0 | Time: 0.0015s
Record 836/1000 | Predicted: [0] | True: 0 | Time: 0.0015s
Record 837/1000 | Predicted: [0] | True: 0 | Time: 0.0015s
Record 838/1000 | Predicted: [0] | True: 0 | Time: 0.0015s
Record 839/1000 | Predicted: [0] | True: 0 | Time: 0.0015s
Record 840/1000 | Predicted: [0] | True: 0 | Time: 0.0015s
Record 841/1000 | Predicted: [0] | True: 0 | Time: 0.0015s
Record 842/1000 | Predicted: [1] | True: 1 | Time: 0.0015s
Record 843/1000 | Predicted: [1] | True: 1 | Time: 0.0015s
Record 844/1000 | Predicted: [0] | True: 0 | Time: 0.0015s
Record 845/1000 | Predicted: [0] | True: 0 | Time: 0.0015s
Record 846/1000 | Predicted: [0] | True: 1 | Time: 0.0015s
Record 847/1000 | Predicted: [0] | True: 0 | Time: 0.0015s
Record 848/1000 | Predicted: [0] | True: 0 | Time: 0.0015s
Record 849/1000 | Predicted: [0] | True: 0 | Time: 0.0015s
Record 850/1000 | Predicted: [0] | True: 0 | Time: 0.0015s
Record 851/1000 | Predicted: [0] | True: 0 | Time: 0.0016s
Record 852/1000 | Predicted: [0] | True: 0 | Time: 0.0015s
Record 853/1000 | Predicted: [0] | True: 0 | Time: 0.0016s
Record 854/1000 | Predicted: [0] | True: 0 | Time: 0.0015s
Record 855/1000 | Predicted: [0] | True: 0 | Time: 0.0015s
Record 856/1000 | Predicted: [0] | True: 0 | Time: 0.0016s
Record 857/1000 | Predicted: [0] | True: 0 | Time: 0.0015s
Record 858/1000 | Predicted: [0] | True: 0 | Time: 0.0016s
Record 859/1000 | Predicted: [0] | True: 0 | Time: 0.0015s
Record 860/1000 | Predicted: [0] | True: 0 | Time: 0.0015s
Record 861/1000 | Predicted: [0] | True: 0 | Time: 0.0015s
Record 862/1000 | Predicted: [0] | True: 0 | Time: 0.0015s
Record 863/1000 | Predicted: [0] | True: 0 | Time: 0.0015s
Record 864/1000 | Predicted: [0] | True: 0 | Time: 0.0016s
Record 865/1000 | Predicted: [0] | True: 0 | Time: 0.0015s
Record 866/1000 | Predicted: [0] | True: 0 | Time: 0.0015s
Record 867/1000 | Predicted: [0] | True: 1 | Time: 0.0015s
Record 868/1000 | Predicted: [0] | True: 0 | Time: 0.0015s
Record 869/1000 | Predicted: [0] | True: 0 | Time: 0.0015s
Record 870/1000 | Predicted: [0] | True: 0 | Time: 0.0015s
Record 871/1000 | Predicted: [0] | True: 0 | Time: 0.0015s
Record 872/1000 | Predicted: [0] | True: 0 | Time: 0.0015s
Record 873/1000 | Predicted: [0] | True: 0 | Time: 0.0015s
Record 874/1000 | Predicted: [0] | True: 0 | Time: 0.0015s
Record 875/1000 | Predicted: [0] | True: 0 | Time: 0.0015s
Record 876/1000 | Predicted: [0] | True: 0 | Time: 0.0015s
Record 877/1000 | Predicted: [0] | True: 1 | Time: 0.0015s
Record 878/1000 | Predicted: [0] | True: 0 | Time: 0.0015s
Record 879/1000 | Predicted: [0] | True: 0 | Time: 0.0015s
Record 880/1000 | Predicted: [0] | True: 0 | Time: 0.0015s
Record 881/1000 | Predicted: [0] | True: 0 | Time: 0.0015s
Record 882/1000 | Predicted: [0] | True: 0 | Time: 0.0015s
Record 883/1000 | Predicted: [1] | True: 1 | Time: 0.0015s
Record 884/1000 | Predicted: [0] | True: 0 | Time: 0.0015s
Record 885/1000 | Predicted: [0] | True: 0 | Time: 0.0015s
Record 886/1000 | Predicted: [0] | True: 0 | Time: 0.0016s
Record 887/1000 | Predicted: [0] | True: 0 | Time: 0.0015s
Record 888/1000 | Predicted: [0] | True: 0 | Time: 0.0015s
Record 889/1000 | Predicted: [0] | True: 0 | Time: 0.0015s
Record 890/1000 | Predicted: [0] | True: 0 | Time: 0.0016s
Record 891/1000 | Predicted: [0] | True: 0 | Time: 0.0016s
Record 892/1000 | Predicted: [0] | True: 0 | Time: 0.0015s
Record 893/1000 | Predicted: [0] | True: 0 | Time: 0.0015s
Record 894/1000 | Predicted: [1] | True: 1 | Time: 0.0015s
Record 895/1000 | Predicted: [1] | True: 1 | Time: 0.0015s
Record 896/1000 | Predicted: [0] | True: 0 | Time: 0.0015s
Record 897/1000 | Predicted: [1] | True: 1 | Time: 0.0015s
Record 898/1000 | Predicted: [0] | True: 1 | Time: 0.0016s
Record 899/1000 | Predicted: [0] | True: 0 | Time: 0.0015s
Record 900/1000 | Predicted: [0] | True: 0 | Time: 0.0015s
Record 901/1000 | Predicted: [0] | True: 0 | Time: 0.0015s
Record 902/1000 | Predicted: [0] | True: 0 | Time: 0.0015s
Record 903/1000 | Predicted: [0] | True: 0 | Time: 0.0015s
Record 904/1000 | Predicted: [0] | True: 0 | Time: 0.0016s
Record 905/1000 | Predicted: [1] | True: 1 | Time: 0.0015s
Record 906/1000 | Predicted: [0] | True: 0 | Time: 0.0015s
Record 907/1000 | Predicted: [0] | True: 0 | Time: 0.0015s
Record 908/1000 | Predicted: [1] | True: 1 | Time: 0.0015s
Record 909/1000 | Predicted: [0] | True: 0 | Time: 0.0015s
Record 910/1000 | Predicted: [0] | True: 0 | Time: 0.0016s
Record 911/1000 | Predicted: [0] | True: 0 | Time: 0.0015s
Record 912/1000 | Predicted: [0] | True: 0 | Time: 0.0015s
Record 913/1000 | Predicted: [0] | True: 0 | Time: 0.0015s
Record 914/1000 | Predicted: [0] | True: 1 | Time: 0.0015s
Record 915/1000 | Predicted: [0] | True: 1 | Time: 0.0015s
Record 916/1000 | Predicted: [1] | True: 1 | Time: 0.0016s
Record 917/1000 | Predicted: [1] | True: 1 | Time: 0.0016s
Record 918/1000 | Predicted: [0] | True: 0 | Time: 0.0015s
Record 919/1000 | Predicted: [0] | True: 0 | Time: 0.0015s
Record 920/1000 | Predicted: [0] | True: 0 | Time: 0.0015s
Record 921/1000 | Predicted: [0] | True: 1 | Time: 0.0015s
Record 922/1000 | Predicted: [0] | True: 0 | Time: 0.0016s
Record 923/1000 | Predicted: [0] | True: 0 | Time: 0.0015s
Record 924/1000 | Predicted: [0] | True: 0 | Time: 0.0015s
Record 925/1000 | Predicted: [0] | True: 0 | Time: 0.0016s
Record 926/1000 | Predicted: [0] | True: 0 | Time: 0.0015s
Record 927/1000 | Predicted: [0] | True: 0 | Time: 0.0015s
Record 928/1000 | Predicted: [1] | True: 1 | Time: 0.0015s
Record 929/1000 | Predicted: [0] | True: 0 | Time: 0.0015s
Record 930/1000 | Predicted: [0] | True: 0 | Time: 0.0015s
Record 931/1000 | Predicted: [0] | True: 0 | Time: 0.0015s
Record 932/1000 | Predicted: [0] | True: 1 | Time: 0.0015s
Record 933/1000 | Predicted: [0] | True: 0 | Time: 0.0015s
Record 934/1000 | Predicted: [0] | True: 0 | Time: 0.0015s
Record 935/1000 | Predicted: [0] | True: 0 | Time: 0.0015s
Record 936/1000 | Predicted: [0] | True: 0 | Time: 0.0015s
Record 937/1000 | Predicted: [1] | True: 1 | Time: 0.0015s
Record 938/1000 | Predicted: [0] | True: 0 | Time: 0.0015s
Record 939/1000 | Predicted: [0] | True: 1 | Time: 0.0015s
Record 940/1000 | Predicted: [0] | True: 0 | Time: 0.0015s
Record 941/1000 | Predicted: [0] | True: 0 | Time: 0.0015s
Record 942/1000 | Predicted: [0] | True: 0 | Time: 0.0015s
Record 943/1000 | Predicted: [1] | True: 1 | Time: 0.0015s
Record 944/1000 | Predicted: [1] | True: 0 | Time: 0.0015s
Record 945/1000 | Predicted: [0] | True: 0 | Time: 0.0016s
Record 946/1000 | Predicted: [0] | True: 0 | Time: 0.0015s
Record 947/1000 | Predicted: [1] | True: 1 | Time: 0.0015s
Record 948/1000 | Predicted: [0] | True: 0 | Time: 0.0015s
Record 949/1000 | Predicted: [0] | True: 0 | Time: 0.0015s
Record 950/1000 | Predicted: [1] | True: 1 | Time: 0.0015s
Record 951/1000 | Predicted: [0] | True: 0 | Time: 0.0015s
Record 952/1000 | Predicted: [0] | True: 0 | Time: 0.0015s
Record 953/1000 | Predicted: [0] | True: 0 | Time: 0.0015s
Record 954/1000 | Predicted: [0] | True: 0 | Time: 0.0015s
Record 955/1000 | Predicted: [0] | True: 0 | Time: 0.0015s
Record 956/1000 | Predicted: [0] | True: 0 | Time: 0.0015s
Record 957/1000 | Predicted: [0] | True: 0 | Time: 0.0015s
Record 958/1000 | Predicted: [0] | True: 0 | Time: 0.0015s
Record 959/1000 | Predicted: [1] | True: 1 | Time: 0.0015s
Record 960/1000 | Predicted: [0] | True: 0 | Time: 0.0015s
Record 961/1000 | Predicted: [0] | True: 0 | Time: 0.0015s
Record 962/1000 | Predicted: [0] | True: 0 | Time: 0.0015s
Record 963/1000 | Predicted: [0] | True: 0 | Time: 0.0015s
Record 964/1000 | Predicted: [0] | True: 0 | Time: 0.0015s
Record 965/1000 | Predicted: [0] | True: 0 | Time: 0.0015s
Record 966/1000 | Predicted: [0] | True: 0 | Time: 0.0015s
Record 967/1000 | Predicted: [0] | True: 0 | Time: 0.0016s
Record 968/1000 | Predicted: [0] | True: 0 | Time: 0.0015s
Record 969/1000 | Predicted: [0] | True: 0 | Time: 0.0016s
Record 970/1000 | Predicted: [0] | True: 0 | Time: 0.0015s
Record 971/1000 | Predicted: [0] | True: 0 | Time: 0.0015s
Record 972/1000 | Predicted: [0] | True: 0 | Time: 0.0015s
Record 973/1000 | Predicted: [0] | True: 0 | Time: 0.0015s
Record 974/1000 | Predicted: [1] | True: 0 | Time: 0.0015s
Record 975/1000 | Predicted: [0] | True: 0 | Time: 0.0015s
Record 976/1000 | Predicted: [1] | True: 1 | Time: 0.0015s
Record 977/1000 | Predicted: [1] | True: 1 | Time: 0.0015s
Record 978/1000 | Predicted: [0] | True: 0 | Time: 0.0015s
Record 979/1000 | Predicted: [0] | True: 0 | Time: 0.0016s
Record 980/1000 | Predicted: [0] | True: 0 | Time: 0.0015s
Record 981/1000 | Predicted: [0] | True: 0 | Time: 0.0016s
Record 982/1000 | Predicted: [1] | True: 1 | Time: 0.0015s
Record 983/1000 | Predicted: [0] | True: 0 | Time: 0.0016s
Record 984/1000 | Predicted: [0] | True: 0 | Time: 0.0015s
Record 985/1000 | Predicted: [0] | True: 0 | Time: 0.0015s
Record 986/1000 | Predicted: [0] | True: 0 | Time: 0.0015s
Record 987/1000 | Predicted: [0] | True: 0 | Time: 0.0015s
Record 988/1000 | Predicted: [0] | True: 0 | Time: 0.0016s
Record 989/1000 | Predicted: [0] | True: 0 | Time: 0.0015s
Record 990/1000 | Predicted: [1] | True: 0 | Time: 0.0015s
Record 991/1000 | Predicted: [0] | True: 0 | Time: 0.0015s
Record 992/1000 | Predicted: [0] | True: 0 | Time: 0.0015s
Record 993/1000 | Predicted: [0] | True: 0 | Time: 0.0015s
Record 994/1000 | Predicted: [0] | True: 0 | Time: 0.0015s
Record 995/1000 | Predicted: [0] | True: 0 | Time: 0.0015s
Record 996/1000 | Predicted: [0] | True: 0 | Time: 0.0015s
Record 997/1000 | Predicted: [0] | True: 0 | Time: 0.0015s
Record 998/1000 | Predicted: [0] | True: 0 | Time: 0.0015s
Record 999/1000 | Predicted: [0] | True: 0 | Time: 0.0015s
Record 1000/1000 | Predicted: [0] | True: 0 | Time: 0.0015s

[STEP 4] Calculating final statistics...
[LOG] Current time: 2025-08-13 01:22:51 -03-0300

==================== INFERENCE SUMMARY ====================
Total records processed: 1000
   Total inference time: 1.5354 seconds
Mean inference time/record: 0.0015 seconds
=============================================================


==================== TESTING MODEL: estimators=5, depth=4, svd=200 ====================

Using cached SVD transformation for 200 components...
Final training data shape: (2262300, 200)
Final testing data shape: (565576, 200)
Record 1/1000 | Predicted: [0] | True: 0 | Time: 0.0018s
Record 2/1000 | Predicted: [0] | True: 0 | Time: 0.0016s
Record 3/1000 | Predicted: [0] | True: 0 | Time: 0.0016s
Record 4/1000 | Predicted: [0] | True: 0 | Time: 0.0015s
Record 5/1000 | Predicted: [0] | True: 0 | Time: 0.0016s
Record 6/1000 | Predicted: [0] | True: 0 | Time: 0.0015s
Record 7/1000 | Predicted: [0] | True: 0 | Time: 0.0015s
Record 8/1000 | Predicted: [1] | True: 1 | Time: 0.0016s
Record 9/1000 | Predicted: [1] | True: 1 | Time: 0.0015s
Record 10/1000 | Predicted: [0] | True: 0 | Time: 0.0016s
Record 11/1000 | Predicted: [1] | True: 1 | Time: 0.0015s
Record 12/1000 | Predicted: [0] | True: 0 | Time: 0.0015s
Record 13/1000 | Predicted: [0] | True: 0 | Time: 0.0015s
Record 14/1000 | Predicted: [0] | True: 0 | Time: 0.0015s
Record 15/1000 | Predicted: [1] | True: 0 | Time: 0.0016s
Record 16/1000 | Predicted: [1] | True: 1 | Time: 0.0015s
Record 17/1000 | Predicted: [1] | True: 1 | Time: 0.0016s
Record 18/1000 | Predicted: [0] | True: 0 | Time: 0.0015s
Record 19/1000 | Predicted: [0] | True: 0 | Time: 0.0015s
Record 20/1000 | Predicted: [1] | True: 1 | Time: 0.0015s
Record 21/1000 | Predicted: [0] | True: 0 | Time: 0.0015s
Record 22/1000 | Predicted: [0] | True: 0 | Time: 0.0015s
Record 23/1000 | Predicted: [0] | True: 0 | Time: 0.0015s
Record 24/1000 | Predicted: [1] | True: 1 | Time: 0.0015s
Record 25/1000 | Predicted: [0] | True: 0 | Time: 0.0015s
Record 26/1000 | Predicted: [1] | True: 0 | Time: 0.0015s
Record 27/1000 | Predicted: [0] | True: 0 | Time: 0.0015s
Record 28/1000 | Predicted: [0] | True: 0 | Time: 0.0016s
Record 29/1000 | Predicted: [1] | True: 1 | Time: 0.0016s
Record 30/1000 | Predicted: [1] | True: 1 | Time: 0.0015s
Record 31/1000 | Predicted: [0] | True: 0 | Time: 0.0015s
Record 32/1000 | Predicted: [0] | True: 0 | Time: 0.0015s
Record 33/1000 | Predicted: [0] | True: 0 | Time: 0.0015s
Record 34/1000 | Predicted: [0] | True: 0 | Time: 0.0015s
Record 35/1000 | Predicted: [0] | True: 0 | Time: 0.0015s
Record 36/1000 | Predicted: [1] | True: 0 | Time: 0.0015s
Record 37/1000 | Predicted: [1] | True: 0 | Time: 0.0015s
Record 38/1000 | Predicted: [0] | True: 0 | Time: 0.0016s
Record 39/1000 | Predicted: [0] | True: 0 | Time: 0.0015s
Record 40/1000 | Predicted: [0] | True: 0 | Time: 0.0015s
Record 41/1000 | Predicted: [0] | True: 0 | Time: 0.0015s
Record 42/1000 | Predicted: [0] | True: 0 | Time: 0.0015s
Record 43/1000 | Predicted: [1] | True: 1 | Time: 0.0015s
Record 44/1000 | Predicted: [0] | True: 0 | Time: 0.0015s
Record 45/1000 | Predicted: [0] | True: 0 | Time: 0.0016s
Record 46/1000 | Predicted: [0] | True: 0 | Time: 0.0015s
Record 47/1000 | Predicted: [0] | True: 0 | Time: 0.0015s
Record 48/1000 | Predicted: [0] | True: 0 | Time: 0.0016s
Record 49/1000 | Predicted: [0] | True: 0 | Time: 0.0015s
Record 50/1000 | Predicted: [0] | True: 0 | Time: 0.0015s
Record 51/1000 | Predicted: [0] | True: 0 | Time: 0.0015s
Record 52/1000 | Predicted: [0] | True: 0 | Time: 0.0015s
Record 53/1000 | Predicted: [0] | True: 0 | Time: 0.0015s
Record 54/1000 | Predicted: [0] | True: 0 | Time: 0.0015s
Record 55/1000 | Predicted: [0] | True: 0 | Time: 0.0016s
Record 56/1000 | Predicted: [0] | True: 0 | Time: 0.0015s
Record 57/1000 | Predicted: [0] | True: 1 | Time: 0.0016s
Record 58/1000 | Predicted: [0] | True: 0 | Time: 0.0015s
Record 59/1000 | Predicted: [0] | True: 0 | Time: 0.0016s
Record 60/1000 | Predicted: [0] | True: 0 | Time: 0.0016s
Record 61/1000 | Predicted: [0] | True: 0 | Time: 0.0015s
Record 62/1000 | Predicted: [0] | True: 0 | Time: 0.0016s
Record 63/1000 | Predicted: [1] | True: 1 | Time: 0.0015s
Record 64/1000 | Predicted: [0] | True: 0 | Time: 0.0015s
Record 65/1000 | Predicted: [0] | True: 0 | Time: 0.0015s
Record 66/1000 | Predicted: [0] | True: 0 | Time: 0.0015s
Record 67/1000 | Predicted: [0] | True: 1 | Time: 0.0015s
Record 68/1000 | Predicted: [0] | True: 0 | Time: 0.0015s
Record 69/1000 | Predicted: [0] | True: 0 | Time: 0.0015s
Record 70/1000 | Predicted: [0] | True: 0 | Time: 0.0015s
Record 71/1000 | Predicted: [1] | True: 0 | Time: 0.0015s
Record 72/1000 | Predicted: [0] | True: 0 | Time: 0.0015s
Record 73/1000 | Predicted: [0] | True: 0 | Time: 0.0016s
Record 74/1000 | Predicted: [1] | True: 0 | Time: 0.0015s
Record 75/1000 | Predicted: [0] | True: 0 | Time: 0.0015s
Record 76/1000 | Predicted: [0] | True: 0 | Time: 0.0015s
Record 77/1000 | Predicted: [0] | True: 0 | Time: 0.0015s
Record 78/1000 | Predicted: [0] | True: 0 | Time: 0.0016s
Record 79/1000 | Predicted: [0] | True: 0 | Time: 0.0015s
Record 80/1000 | Predicted: [0] | True: 0 | Time: 0.0015s
Record 81/1000 | Predicted: [0] | True: 0 | Time: 0.0015s
Record 82/1000 | Predicted: [0] | True: 0 | Time: 0.0015s
Record 83/1000 | Predicted: [0] | True: 0 | Time: 0.0015s
Record 84/1000 | Predicted: [0] | True: 0 | Time: 0.0015s
Record 85/1000 | Predicted: [0] | True: 0 | Time: 0.0015s
Record 86/1000 | Predicted: [0] | True: 0 | Time: 0.0015s
Record 87/1000 | Predicted: [1] | True: 1 | Time: 0.0015s
Record 88/1000 | Predicted: [0] | True: 0 | Time: 0.0015s
Record 89/1000 | Predicted: [0] | True: 0 | Time: 0.0015s
Record 90/1000 | Predicted: [1] | True: 1 | Time: 0.0015s
Record 91/1000 | Predicted: [0] | True: 0 | Time: 0.0015s
Record 92/1000 | Predicted: [1] | True: 1 | Time: 0.0016s
Record 93/1000 | Predicted: [0] | True: 0 | Time: 0.0015s
Record 94/1000 | Predicted: [0] | True: 0 | Time: 0.0015s
Record 95/1000 | Predicted: [0] | True: 1 | Time: 0.0016s
Record 96/1000 | Predicted: [0] | True: 0 | Time: 0.0016s
Record 97/1000 | Predicted: [0] | True: 0 | Time: 0.0015s
Record 98/1000 | Predicted: [0] | True: 0 | Time: 0.0015s
Record 99/1000 | Predicted: [1] | True: 1 | Time: 0.0016s
Record 100/1000 | Predicted: [0] | True: 0 | Time: 0.0015s
Record 101/1000 | Predicted: [1] | True: 1 | Time: 0.0015s
Record 102/1000 | Predicted: [0] | True: 0 | Time: 0.0015s
Record 103/1000 | Predicted: [0] | True: 0 | Time: 0.0015s
Record 104/1000 | Predicted: [0] | True: 0 | Time: 0.0015s
Record 105/1000 | Predicted: [0] | True: 0 | Time: 0.0015s
Record 106/1000 | Predicted: [0] | True: 0 | Time: 0.0016s
Record 107/1000 | Predicted: [1] | True: 0 | Time: 0.0015s
Record 108/1000 | Predicted: [0] | True: 0 | Time: 0.0016s
Record 109/1000 | Predicted: [0] | True: 0 | Time: 0.0015s
Record 110/1000 | Predicted: [0] | True: 0 | Time: 0.0015s
Record 111/1000 | Predicted: [0] | True: 0 | Time: 0.0015s
Record 112/1000 | Predicted: [0] | True: 0 | Time: 0.0015s
Record 113/1000 | Predicted: [0] | True: 0 | Time: 0.0016s
Record 114/1000 | Predicted: [0] | True: 0 | Time: 0.0016s
Record 115/1000 | Predicted: [1] | True: 1 | Time: 0.0015s
Record 116/1000 | Predicted: [0] | True: 0 | Time: 0.0015s
Record 117/1000 | Predicted: [0] | True: 0 | Time: 0.0015s
Record 118/1000 | Predicted: [0] | True: 0 | Time: 0.0015s
Record 119/1000 | Predicted: [1] | True: 1 | Time: 0.0015s
Record 120/1000 | Predicted: [1] | True: 1 | Time: 0.0016s
Record 121/1000 | Predicted: [1] | True: 0 | Time: 0.0015s
Record 122/1000 | Predicted: [0] | True: 0 | Time: 0.0015s
Record 123/1000 | Predicted: [0] | True: 0 | Time: 0.0015s
Record 124/1000 | Predicted: [0] | True: 0 | Time: 0.0015s
Record 125/1000 | Predicted: [0] | True: 0 | Time: 0.0015s
Record 126/1000 | Predicted: [0] | True: 0 | Time: 0.0015s
Record 127/1000 | Predicted: [0] | True: 0 | Time: 0.0015s
Record 128/1000 | Predicted: [0] | True: 0 | Time: 0.0015s
Record 129/1000 | Predicted: [0] | True: 0 | Time: 0.0015s
Record 130/1000 | Predicted: [0] | True: 1 | Time: 0.0015s
Record 131/1000 | Predicted: [0] | True: 0 | Time: 0.0016s
Record 132/1000 | Predicted: [0] | True: 0 | Time: 0.0016s
Record 133/1000 | Predicted: [1] | True: 0 | Time: 0.0015s
Record 134/1000 | Predicted: [0] | True: 0 | Time: 0.0015s
Record 135/1000 | Predicted: [1] | True: 0 | Time: 0.0015s
Record 136/1000 | Predicted: [1] | True: 1 | Time: 0.0015s
Record 137/1000 | Predicted: [1] | True: 1 | Time: 0.0015s
Record 138/1000 | Predicted: [0] | True: 1 | Time: 0.0015s
Record 139/1000 | Predicted: [0] | True: 0 | Time: 0.0015s
Record 140/1000 | Predicted: [1] | True: 1 | Time: 0.0015s
Record 141/1000 | Predicted: [0] | True: 0 | Time: 0.0015s
Record 142/1000 | Predicted: [0] | True: 0 | Time: 0.0015s
Record 143/1000 | Predicted: [0] | True: 0 | Time: 0.0015s
Record 144/1000 | Predicted: [1] | True: 1 | Time: 0.0015s
Record 145/1000 | Predicted: [1] | True: 0 | Time: 0.0015s
Record 146/1000 | Predicted: [0] | True: 0 | Time: 0.0015s
Record 147/1000 | Predicted: [0] | True: 0 | Time: 0.0015s
Record 148/1000 | Predicted: [0] | True: 0 | Time: 0.0015s
Record 149/1000 | Predicted: [0] | True: 0 | Time: 0.0015s
Record 150/1000 | Predicted: [0] | True: 0 | Time: 0.0015s
Record 151/1000 | Predicted: [0] | True: 0 | Time: 0.0015s
Record 152/1000 | Predicted: [0] | True: 0 | Time: 0.0015s
Record 153/1000 | Predicted: [0] | True: 1 | Time: 0.0015s
Record 154/1000 | Predicted: [0] | True: 0 | Time: 0.0016s
Record 155/1000 | Predicted: [0] | True: 0 | Time: 0.0015s
Record 156/1000 | Predicted: [1] | True: 1 | Time: 0.0015s
Record 157/1000 | Predicted: [0] | True: 0 | Time: 0.0015s
Record 158/1000 | Predicted: [0] | True: 0 | Time: 0.0016s
Record 159/1000 | Predicted: [1] | True: 1 | Time: 0.0015s
Record 160/1000 | Predicted: [0] | True: 0 | Time: 0.0016s
Record 161/1000 | Predicted: [0] | True: 0 | Time: 0.0016s
Record 162/1000 | Predicted: [0] | True: 0 | Time: 0.0015s
Record 163/1000 | Predicted: [1] | True: 0 | Time: 0.0015s
Record 164/1000 | Predicted: [0] | True: 0 | Time: 0.0015s
Record 165/1000 | Predicted: [0] | True: 0 | Time: 0.0015s
Record 166/1000 | Predicted: [0] | True: 0 | Time: 0.0015s
Record 167/1000 | Predicted: [0] | True: 0 | Time: 0.0015s
Record 168/1000 | Predicted: [0] | True: 0 | Time: 0.0015s
Record 169/1000 | Predicted: [0] | True: 0 | Time: 0.0015s
Record 170/1000 | Predicted: [0] | True: 0 | Time: 0.0015s
Record 171/1000 | Predicted: [1] | True: 0 | Time: 0.0015s
Record 172/1000 | Predicted: [0] | True: 0 | Time: 0.0016s
Record 173/1000 | Predicted: [0] | True: 0 | Time: 0.0016s
Record 174/1000 | Predicted: [1] | True: 0 | Time: 0.0015s
Record 175/1000 | Predicted: [0] | True: 0 | Time: 0.0015s
Record 176/1000 | Predicted: [0] | True: 0 | Time: 0.0015s
Record 177/1000 | Predicted: [0] | True: 0 | Time: 0.0015s
Record 178/1000 | Predicted: [1] | True: 1 | Time: 0.0016s
Record 179/1000 | Predicted: [1] | True: 0 | Time: 0.0016s
Record 180/1000 | Predicted: [1] | True: 1 | Time: 0.0016s
Record 181/1000 | Predicted: [0] | True: 0 | Time: 0.0015s
Record 182/1000 | Predicted: [1] | True: 1 | Time: 0.0015s
Record 183/1000 | Predicted: [0] | True: 0 | Time: 0.0015s
Record 184/1000 | Predicted: [0] | True: 0 | Time: 0.0015s
Record 185/1000 | Predicted: [0] | True: 0 | Time: 0.0015s
Record 186/1000 | Predicted: [0] | True: 0 | Time: 0.0016s
Record 187/1000 | Predicted: [0] | True: 0 | Time: 0.0016s
Record 188/1000 | Predicted: [0] | True: 0 | Time: 0.0015s
Record 189/1000 | Predicted: [1] | True: 1 | Time: 0.0016s
Record 190/1000 | Predicted: [0] | True: 0 | Time: 0.0015s
Record 191/1000 | Predicted: [1] | True: 0 | Time: 0.0016s
Record 192/1000 | Predicted: [0] | True: 0 | Time: 0.0015s
Record 193/1000 | Predicted: [1] | True: 1 | Time: 0.0016s
Record 194/1000 | Predicted: [0] | True: 1 | Time: 0.0015s
Record 195/1000 | Predicted: [0] | True: 0 | Time: 0.0015s
Record 196/1000 | Predicted: [0] | True: 0 | Time: 0.0015s
Record 197/1000 | Predicted: [0] | True: 0 | Time: 0.0015s
Record 198/1000 | Predicted: [0] | True: 0 | Time: 0.0016s
Record 199/1000 | Predicted: [1] | True: 1 | Time: 0.0015s
Record 200/1000 | Predicted: [0] | True: 0 | Time: 0.0015s
Record 201/1000 | Predicted: [0] | True: 0 | Time: 0.0015s
Record 202/1000 | Predicted: [0] | True: 0 | Time: 0.0015s
Record 203/1000 | Predicted: [0] | True: 0 | Time: 0.0016s
Record 204/1000 | Predicted: [0] | True: 0 | Time: 0.0015s
Record 205/1000 | Predicted: [0] | True: 0 | Time: 0.0016s
Record 206/1000 | Predicted: [0] | True: 0 | Time: 0.0015s
Record 207/1000 | Predicted: [1] | True: 1 | Time: 0.0015s
Record 208/1000 | Predicted: [0] | True: 0 | Time: 0.0015s
Record 209/1000 | Predicted: [0] | True: 0 | Time: 0.0015s
Record 210/1000 | Predicted: [1] | True: 1 | Time: 0.0015s
Record 211/1000 | Predicted: [0] | True: 0 | Time: 0.0015s
Record 212/1000 | Predicted: [0] | True: 1 | Time: 0.0016s
Record 213/1000 | Predicted: [1] | True: 0 | Time: 0.0015s
Record 214/1000 | Predicted: [0] | True: 0 | Time: 0.0016s
Record 215/1000 | Predicted: [0] | True: 0 | Time: 0.0016s
Record 216/1000 | Predicted: [0] | True: 0 | Time: 0.0015s
Record 217/1000 | Predicted: [0] | True: 0 | Time: 0.0015s
Record 218/1000 | Predicted: [1] | True: 1 | Time: 0.0015s
Record 219/1000 | Predicted: [0] | True: 0 | Time: 0.0015s
Record 220/1000 | Predicted: [0] | True: 0 | Time: 0.0015s
Record 221/1000 | Predicted: [0] | True: 0 | Time: 0.0016s
Record 222/1000 | Predicted: [0] | True: 0 | Time: 0.0015s
Record 223/1000 | Predicted: [0] | True: 0 | Time: 0.0015s
Record 224/1000 | Predicted: [1] | True: 1 | Time: 0.0015s
Record 225/1000 | Predicted: [0] | True: 0 | Time: 0.0015s
Record 226/1000 | Predicted: [1] | True: 1 | Time: 0.0016s
Record 227/1000 | Predicted: [0] | True: 1 | Time: 0.0015s
Record 228/1000 | Predicted: [1] | True: 1 | Time: 0.0015s
Record 229/1000 | Predicted: [0] | True: 0 | Time: 0.0015s
Record 230/1000 | Predicted: [0] | True: 0 | Time: 0.0015s
Record 231/1000 | Predicted: [0] | True: 0 | Time: 0.0015s
Record 232/1000 | Predicted: [0] | True: 0 | Time: 0.0015s
Record 233/1000 | Predicted: [0] | True: 0 | Time: 0.0015s
Record 234/1000 | Predicted: [0] | True: 0 | Time: 0.0015s
Record 235/1000 | Predicted: [1] | True: 1 | Time: 0.0015s
Record 236/1000 | Predicted: [0] | True: 0 | Time: 0.0015s
Record 237/1000 | Predicted: [0] | True: 0 | Time: 0.0015s
Record 238/1000 | Predicted: [0] | True: 0 | Time: 0.0016s
Record 239/1000 | Predicted: [1] | True: 1 | Time: 0.0016s
Record 240/1000 | Predicted: [0] | True: 0 | Time: 0.0016s
Record 241/1000 | Predicted: [1] | True: 1 | Time: 0.0015s
Record 242/1000 | Predicted: [1] | True: 0 | Time: 0.0015s
Record 243/1000 | Predicted: [0] | True: 0 | Time: 0.0015s
Record 244/1000 | Predicted: [0] | True: 0 | Time: 0.0015s
Record 245/1000 | Predicted: [0] | True: 0 | Time: 0.0016s
Record 246/1000 | Predicted: [1] | True: 1 | Time: 0.0015s
Record 247/1000 | Predicted: [0] | True: 0 | Time: 0.0016s
Record 248/1000 | Predicted: [0] | True: 0 | Time: 0.0015s
Record 249/1000 | Predicted: [0] | True: 0 | Time: 0.0015s
Record 250/1000 | Predicted: [0] | True: 0 | Time: 0.0015s
Record 251/1000 | Predicted: [0] | True: 0 | Time: 0.0015s
Record 252/1000 | Predicted: [1] | True: 1 | Time: 0.0016s
Record 253/1000 | Predicted: [0] | True: 0 | Time: 0.0015s
Record 254/1000 | Predicted: [0] | True: 0 | Time: 0.0015s
Record 255/1000 | Predicted: [0] | True: 0 | Time: 0.0015s
Record 256/1000 | Predicted: [0] | True: 0 | Time: 0.0015s
Record 257/1000 | Predicted: [0] | True: 0 | Time: 0.0015s
Record 258/1000 | Predicted: [1] | True: 1 | Time: 0.0015s
Record 259/1000 | Predicted: [0] | True: 1 | Time: 0.0016s
Record 260/1000 | Predicted: [0] | True: 0 | Time: 0.0015s
Record 261/1000 | Predicted: [0] | True: 0 | Time: 0.0015s
Record 262/1000 | Predicted: [0] | True: 0 | Time: 0.0015s
Record 263/1000 | Predicted: [0] | True: 0 | Time: 0.0015s
Record 264/1000 | Predicted: [0] | True: 0 | Time: 0.0016s
Record 265/1000 | Predicted: [0] | True: 0 | Time: 0.0015s
Record 266/1000 | Predicted: [0] | True: 0 | Time: 0.0015s
Record 267/1000 | Predicted: [1] | True: 1 | Time: 0.0015s
Record 268/1000 | Predicted: [0] | True: 0 | Time: 0.0015s
Record 269/1000 | Predicted: [0] | True: 0 | Time: 0.0015s
Record 270/1000 | Predicted: [1] | True: 1 | Time: 0.0015s
Record 271/1000 | Predicted: [0] | True: 0 | Time: 0.0015s
Record 272/1000 | Predicted: [0] | True: 0 | Time: 0.0015s
Record 273/1000 | Predicted: [1] | True: 1 | Time: 0.0016s
Record 274/1000 | Predicted: [1] | True: 1 | Time: 0.0015s
Record 275/1000 | Predicted: [0] | True: 0 | Time: 0.0015s
Record 276/1000 | Predicted: [0] | True: 1 | Time: 0.0015s
Record 277/1000 | Predicted: [0] | True: 0 | Time: 0.0015s
Record 278/1000 | Predicted: [0] | True: 0 | Time: 0.0016s
Record 279/1000 | Predicted: [0] | True: 0 | Time: 0.0015s
Record 280/1000 | Predicted: [0] | True: 0 | Time: 0.0015s
Record 281/1000 | Predicted: [0] | True: 0 | Time: 0.0015s
Record 282/1000 | Predicted: [0] | True: 0 | Time: 0.0015s
Record 283/1000 | Predicted: [0] | True: 0 | Time: 0.0015s
Record 284/1000 | Predicted: [0] | True: 0 | Time: 0.0016s
Record 285/1000 | Predicted: [1] | True: 0 | Time: 0.0015s
Record 286/1000 | Predicted: [0] | True: 0 | Time: 0.0016s
Record 287/1000 | Predicted: [0] | True: 0 | Time: 0.0015s
Record 288/1000 | Predicted: [1] | True: 0 | Time: 0.0015s
Record 289/1000 | Predicted: [1] | True: 1 | Time: 0.0015s
Record 290/1000 | Predicted: [0] | True: 0 | Time: 0.0016s
Record 291/1000 | Predicted: [1] | True: 0 | Time: 0.0015s
Record 292/1000 | Predicted: [0] | True: 0 | Time: 0.0015s
Record 293/1000 | Predicted: [1] | True: 1 | Time: 0.0015s
Record 294/1000 | Predicted: [0] | True: 0 | Time: 0.0015s
Record 295/1000 | Predicted: [0] | True: 0 | Time: 0.0015s
Record 296/1000 | Predicted: [0] | True: 0 | Time: 0.0015s
Record 297/1000 | Predicted: [0] | True: 0 | Time: 0.0016s
Record 298/1000 | Predicted: [1] | True: 1 | Time: 0.0015s
Record 299/1000 | Predicted: [0] | True: 0 | Time: 0.0016s
Record 300/1000 | Predicted: [1] | True: 0 | Time: 0.0015s
Record 301/1000 | Predicted: [0] | True: 0 | Time: 0.0015s
Record 302/1000 | Predicted: [0] | True: 0 | Time: 0.0015s
Record 303/1000 | Predicted: [0] | True: 0 | Time: 0.0015s
Record 304/1000 | Predicted: [0] | True: 0 | Time: 0.0016s
Record 305/1000 | Predicted: [0] | True: 0 | Time: 0.0015s
Record 306/1000 | Predicted: [0] | True: 0 | Time: 0.0015s
Record 307/1000 | Predicted: [0] | True: 0 | Time: 0.0015s
Record 308/1000 | Predicted: [0] | True: 0 | Time: 0.0016s
Record 309/1000 | Predicted: [0] | True: 0 | Time: 0.0015s
Record 310/1000 | Predicted: [0] | True: 0 | Time: 0.0015s
Record 311/1000 | Predicted: [0] | True: 0 | Time: 0.0016s
Record 312/1000 | Predicted: [1] | True: 0 | Time: 0.0015s
Record 313/1000 | Predicted: [0] | True: 0 | Time: 0.0016s
Record 314/1000 | Predicted: [0] | True: 1 | Time: 0.0016s
Record 315/1000 | Predicted: [0] | True: 0 | Time: 0.0016s
Record 316/1000 | Predicted: [0] | True: 1 | Time: 0.0015s
Record 317/1000 | Predicted: [1] | True: 1 | Time: 0.0015s
Record 318/1000 | Predicted: [0] | True: 0 | Time: 0.0016s
Record 319/1000 | Predicted: [0] | True: 0 | Time: 0.0015s
Record 320/1000 | Predicted: [0] | True: 0 | Time: 0.0015s
Record 321/1000 | Predicted: [0] | True: 0 | Time: 0.0015s
Record 322/1000 | Predicted: [0] | True: 0 | Time: 0.0015s
Record 323/1000 | Predicted: [0] | True: 0 | Time: 0.0015s
Record 324/1000 | Predicted: [0] | True: 0 | Time: 0.0015s
Record 325/1000 | Predicted: [0] | True: 0 | Time: 0.0015s
Record 326/1000 | Predicted: [0] | True: 0 | Time: 0.0015s
Record 327/1000 | Predicted: [0] | True: 0 | Time: 0.0015s
Record 328/1000 | Predicted: [1] | True: 1 | Time: 0.0015s
Record 329/1000 | Predicted: [0] | True: 0 | Time: 0.0015s
Record 330/1000 | Predicted: [0] | True: 0 | Time: 0.0016s
Record 331/1000 | Predicted: [0] | True: 0 | Time: 0.0015s
Record 332/1000 | Predicted: [0] | True: 0 | Time: 0.0016s
Record 333/1000 | Predicted: [0] | True: 0 | Time: 0.0015s
Record 334/1000 | Predicted: [0] | True: 0 | Time: 0.0016s
Record 335/1000 | Predicted: [1] | True: 1 | Time: 0.0015s
Record 336/1000 | Predicted: [0] | True: 0 | Time: 0.0015s
Record 337/1000 | Predicted: [0] | True: 0 | Time: 0.0016s
Record 338/1000 | Predicted: [0] | True: 0 | Time: 0.0015s
Record 339/1000 | Predicted: [0] | True: 0 | Time: 0.0016s
Record 340/1000 | Predicted: [0] | True: 0 | Time: 0.0015s
Record 341/1000 | Predicted: [1] | True: 1 | Time: 0.0015s
Record 342/1000 | Predicted: [0] | True: 0 | Time: 0.0015s
Record 343/1000 | Predicted: [0] | True: 0 | Time: 0.0015s
Record 344/1000 | Predicted: [0] | True: 0 | Time: 0.0016s
Record 345/1000 | Predicted: [0] | True: 0 | Time: 0.0015s
Record 346/1000 | Predicted: [0] | True: 0 | Time: 0.0015s
Record 347/1000 | Predicted: [0] | True: 0 | Time: 0.0015s
Record 348/1000 | Predicted: [0] | True: 0 | Time: 0.0016s
Record 349/1000 | Predicted: [0] | True: 0 | Time: 0.0015s
Record 350/1000 | Predicted: [0] | True: 0 | Time: 0.0015s
Record 351/1000 | Predicted: [0] | True: 0 | Time: 0.0015s
Record 352/1000 | Predicted: [0] | True: 0 | Time: 0.0015s
Record 353/1000 | Predicted: [0] | True: 0 | Time: 0.0015s
Record 354/1000 | Predicted: [0] | True: 0 | Time: 0.0015s
Record 355/1000 | Predicted: [1] | True: 1 | Time: 0.0015s
Record 356/1000 | Predicted: [0] | True: 0 | Time: 0.0015s
Record 357/1000 | Predicted: [0] | True: 0 | Time: 0.0015s
Record 358/1000 | Predicted: [0] | True: 0 | Time: 0.0015s
Record 359/1000 | Predicted: [0] | True: 0 | Time: 0.0017s
Record 360/1000 | Predicted: [1] | True: 1 | Time: 0.0016s
Record 361/1000 | Predicted: [0] | True: 0 | Time: 0.0022s
Record 362/1000 | Predicted: [0] | True: 0 | Time: 0.0016s
Record 363/1000 | Predicted: [0] | True: 0 | Time: 0.0016s
Record 364/1000 | Predicted: [0] | True: 0 | Time: 0.0016s
Record 365/1000 | Predicted: [0] | True: 0 | Time: 0.0015s
Record 366/1000 | Predicted: [0] | True: 0 | Time: 0.0015s
Record 367/1000 | Predicted: [0] | True: 0 | Time: 0.0015s
Record 368/1000 | Predicted: [0] | True: 1 | Time: 0.0015s
Record 369/1000 | Predicted: [0] | True: 0 | Time: 0.0016s
Record 370/1000 | Predicted: [0] | True: 0 | Time: 0.0015s
Record 371/1000 | Predicted: [0] | True: 0 | Time: 0.0015s
Record 372/1000 | Predicted: [0] | True: 0 | Time: 0.0015s
Record 373/1000 | Predicted: [1] | True: 1 | Time: 0.0015s
Record 374/1000 | Predicted: [0] | True: 0 | Time: 0.0015s
Record 375/1000 | Predicted: [0] | True: 0 | Time: 0.0015s
Record 376/1000 | Predicted: [0] | True: 0 | Time: 0.0016s
Record 377/1000 | Predicted: [1] | True: 1 | Time: 0.0015s
Record 378/1000 | Predicted: [0] | True: 0 | Time: 0.0015s
Record 379/1000 | Predicted: [0] | True: 0 | Time: 0.0016s
Record 380/1000 | Predicted: [1] | True: 1 | Time: 0.0015s
Record 381/1000 | Predicted: [1] | True: 0 | Time: 0.0015s
Record 382/1000 | Predicted: [0] | True: 0 | Time: 0.0015s
Record 383/1000 | Predicted: [0] | True: 1 | Time: 0.0016s
Record 384/1000 | Predicted: [0] | True: 0 | Time: 0.0015s
Record 385/1000 | Predicted: [0] | True: 0 | Time: 0.0016s
Record 386/1000 | Predicted: [1] | True: 1 | Time: 0.0016s
Record 387/1000 | Predicted: [0] | True: 0 | Time: 0.0015s
Record 388/1000 | Predicted: [0] | True: 1 | Time: 0.0015s
Record 389/1000 | Predicted: [0] | True: 0 | Time: 0.0015s
Record 390/1000 | Predicted: [0] | True: 0 | Time: 0.0016s
Record 391/1000 | Predicted: [0] | True: 0 | Time: 0.0015s
Record 392/1000 | Predicted: [0] | True: 0 | Time: 0.0015s
Record 393/1000 | Predicted: [1] | True: 1 | Time: 0.0015s
Record 394/1000 | Predicted: [0] | True: 0 | Time: 0.0016s
Record 395/1000 | Predicted: [0] | True: 0 | Time: 0.0016s
Record 396/1000 | Predicted: [0] | True: 0 | Time: 0.0017s
Record 397/1000 | Predicted: [1] | True: 1 | Time: 0.0017s
Record 398/1000 | Predicted: [0] | True: 0 | Time: 0.0016s
Record 399/1000 | Predicted: [0] | True: 0 | Time: 0.0016s
Record 400/1000 | Predicted: [0] | True: 0 | Time: 0.0016s
Record 401/1000 | Predicted: [0] | True: 0 | Time: 0.0016s
Record 402/1000 | Predicted: [0] | True: 0 | Time: 0.0016s
Record 403/1000 | Predicted: [0] | True: 0 | Time: 0.0016s
Record 404/1000 | Predicted: [0] | True: 0 | Time: 0.0016s
Record 405/1000 | Predicted: [0] | True: 0 | Time: 0.0016s
Record 406/1000 | Predicted: [0] | True: 0 | Time: 0.0016s
Record 407/1000 | Predicted: [0] | True: 0 | Time: 0.0016s
Record 408/1000 | Predicted: [0] | True: 0 | Time: 0.0016s
Record 409/1000 | Predicted: [0] | True: 0 | Time: 0.0016s
Record 410/1000 | Predicted: [0] | True: 0 | Time: 0.0016s
Record 411/1000 | Predicted: [0] | True: 1 | Time: 0.0016s
Record 412/1000 | Predicted: [0] | True: 0 | Time: 0.0017s
Record 413/1000 | Predicted: [0] | True: 0 | Time: 0.0016s
Record 414/1000 | Predicted: [0] | True: 0 | Time: 0.0016s
Record 415/1000 | Predicted: [0] | True: 0 | Time: 0.0016s
Record 416/1000 | Predicted: [0] | True: 0 | Time: 0.0016s
Record 417/1000 | Predicted: [0] | True: 0 | Time: 0.0016s
Record 418/1000 | Predicted: [0] | True: 0 | Time: 0.0016s
Record 419/1000 | Predicted: [0] | True: 1 | Time: 0.0017s
Record 420/1000 | Predicted: [0] | True: 0 | Time: 0.0016s
Record 421/1000 | Predicted: [1] | True: 1 | Time: 0.0017s
Record 422/1000 | Predicted: [0] | True: 0 | Time: 0.0016s
Record 423/1000 | Predicted: [0] | True: 0 | Time: 0.0018s
Record 424/1000 | Predicted: [0] | True: 0 | Time: 0.0016s
Record 425/1000 | Predicted: [1] | True: 1 | Time: 0.0015s
Record 426/1000 | Predicted: [1] | True: 0 | Time: 0.0016s
Record 427/1000 | Predicted: [0] | True: 0 | Time: 0.0015s
Record 428/1000 | Predicted: [0] | True: 0 | Time: 0.0016s
Record 429/1000 | Predicted: [1] | True: 1 | Time: 0.0015s
Record 430/1000 | Predicted: [0] | True: 0 | Time: 0.0016s
Record 431/1000 | Predicted: [0] | True: 0 | Time: 0.0016s
Record 432/1000 | Predicted: [0] | True: 0 | Time: 0.0015s
Record 433/1000 | Predicted: [0] | True: 0 | Time: 0.0016s
Record 434/1000 | Predicted: [1] | True: 1 | Time: 0.0015s
Record 435/1000 | Predicted: [0] | True: 0 | Time: 0.0016s
Record 436/1000 | Predicted: [0] | True: 0 | Time: 0.0016s
Record 437/1000 | Predicted: [0] | True: 0 | Time: 0.0016s
Record 438/1000 | Predicted: [0] | True: 0 | Time: 0.0015s
Record 439/1000 | Predicted: [1] | True: 1 | Time: 0.0015s
Record 440/1000 | Predicted: [1] | True: 1 | Time: 0.0016s
Record 441/1000 | Predicted: [0] | True: 0 | Time: 0.0015s
Record 442/1000 | Predicted: [1] | True: 1 | Time: 0.0016s
Record 443/1000 | Predicted: [0] | True: 0 | Time: 0.0015s
Record 444/1000 | Predicted: [1] | True: 0 | Time: 0.0016s
Record 445/1000 | Predicted: [0] | True: 0 | Time: 0.0015s
Record 446/1000 | Predicted: [1] | True: 1 | Time: 0.0015s
Record 447/1000 | Predicted: [0] | True: 0 | Time: 0.0016s
Record 448/1000 | Predicted: [0] | True: 0 | Time: 0.0015s
Record 449/1000 | Predicted: [0] | True: 0 | Time: 0.0016s
Record 450/1000 | Predicted: [1] | True: 1 | Time: 0.0015s
Record 451/1000 | Predicted: [0] | True: 0 | Time: 0.0016s
Record 452/1000 | Predicted: [0] | True: 0 | Time: 0.0015s
Record 453/1000 | Predicted: [0] | True: 0 | Time: 0.0015s
Record 454/1000 | Predicted: [0] | True: 1 | Time: 0.0015s
Record 455/1000 | Predicted: [0] | True: 0 | Time: 0.0015s
Record 456/1000 | Predicted: [0] | True: 0 | Time: 0.0016s
Record 457/1000 | Predicted: [0] | True: 0 | Time: 0.0015s
Record 458/1000 | Predicted: [0] | True: 0 | Time: 0.0016s
Record 459/1000 | Predicted: [0] | True: 0 | Time: 0.0016s
Record 460/1000 | Predicted: [1] | True: 0 | Time: 0.0016s
Record 461/1000 | Predicted: [0] | True: 0 | Time: 0.0016s
Record 462/1000 | Predicted: [0] | True: 0 | Time: 0.0015s
Record 463/1000 | Predicted: [0] | True: 0 | Time: 0.0016s
Record 464/1000 | Predicted: [0] | True: 0 | Time: 0.0016s
Record 465/1000 | Predicted: [0] | True: 1 | Time: 0.0015s
Record 466/1000 | Predicted: [0] | True: 0 | Time: 0.0015s
Record 467/1000 | Predicted: [0] | True: 0 | Time: 0.0016s
Record 468/1000 | Predicted: [0] | True: 0 | Time: 0.0016s
Record 469/1000 | Predicted: [0] | True: 0 | Time: 0.0016s
Record 470/1000 | Predicted: [0] | True: 0 | Time: 0.0015s
Record 471/1000 | Predicted: [0] | True: 0 | Time: 0.0016s
Record 472/1000 | Predicted: [0] | True: 0 | Time: 0.0015s
Record 473/1000 | Predicted: [0] | True: 0 | Time: 0.0015s
Record 474/1000 | Predicted: [0] | True: 0 | Time: 0.0015s
Record 475/1000 | Predicted: [0] | True: 0 | Time: 0.0015s
Record 476/1000 | Predicted: [0] | True: 0 | Time: 0.0015s
Record 477/1000 | Predicted: [0] | True: 0 | Time: 0.0016s
Record 478/1000 | Predicted: [0] | True: 0 | Time: 0.0015s
Record 479/1000 | Predicted: [0] | True: 0 | Time: 0.0016s
Record 480/1000 | Predicted: [0] | True: 0 | Time: 0.0016s
Record 481/1000 | Predicted: [0] | True: 0 | Time: 0.0016s
Record 482/1000 | Predicted: [0] | True: 0 | Time: 0.0015s
Record 483/1000 | Predicted: [0] | True: 0 | Time: 0.0015s
Record 484/1000 | Predicted: [0] | True: 0 | Time: 0.0016s
Record 485/1000 | Predicted: [0] | True: 0 | Time: 0.0015s
Record 486/1000 | Predicted: [0] | True: 0 | Time: 0.0015s
Record 487/1000 | Predicted: [1] | True: 1 | Time: 0.0015s
Record 488/1000 | Predicted: [0] | True: 0 | Time: 0.0016s
Record 489/1000 | Predicted: [0] | True: 0 | Time: 0.0015s
Record 490/1000 | Predicted: [0] | True: 0 | Time: 0.0015s
Record 491/1000 | Predicted: [0] | True: 0 | Time: 0.0016s
Record 492/1000 | Predicted: [1] | True: 1 | Time: 0.0015s
Record 493/1000 | Predicted: [0] | True: 0 | Time: 0.0016s
Record 494/1000 | Predicted: [0] | True: 0 | Time: 0.0015s
Record 495/1000 | Predicted: [0] | True: 0 | Time: 0.0015s
Record 496/1000 | Predicted: [0] | True: 0 | Time: 0.0016s
Record 497/1000 | Predicted: [0] | True: 0 | Time: 0.0016s
Record 498/1000 | Predicted: [0] | True: 1 | Time: 0.0016s
Record 499/1000 | Predicted: [0] | True: 0 | Time: 0.0015s
Record 500/1000 | Predicted: [0] | True: 0 | Time: 0.0015s
Record 501/1000 | Predicted: [0] | True: 0 | Time: 0.0015s
Record 502/1000 | Predicted: [0] | True: 0 | Time: 0.0016s
Record 503/1000 | Predicted: [0] | True: 0 | Time: 0.0015s
Record 504/1000 | Predicted: [0] | True: 1 | Time: 0.0015s
Record 505/1000 | Predicted: [1] | True: 1 | Time: 0.0015s
Record 506/1000 | Predicted: [0] | True: 0 | Time: 0.0016s
Record 507/1000 | Predicted: [1] | True: 1 | Time: 0.0016s
Record 508/1000 | Predicted: [0] | True: 0 | Time: 0.0015s
Record 509/1000 | Predicted: [0] | True: 0 | Time: 0.0016s
Record 510/1000 | Predicted: [0] | True: 0 | Time: 0.0015s
Record 511/1000 | Predicted: [1] | True: 1 | Time: 0.0016s
Record 512/1000 | Predicted: [0] | True: 0 | Time: 0.0016s
Record 513/1000 | Predicted: [0] | True: 0 | Time: 0.0015s
Record 514/1000 | Predicted: [0] | True: 0 | Time: 0.0016s
Record 515/1000 | Predicted: [0] | True: 0 | Time: 0.0020s
Record 516/1000 | Predicted: [0] | True: 0 | Time: 0.0016s
Record 517/1000 | Predicted: [0] | True: 0 | Time: 0.0015s
Record 518/1000 | Predicted: [1] | True: 1 | Time: 0.0015s
Record 519/1000 | Predicted: [0] | True: 0 | Time: 0.0015s
Record 520/1000 | Predicted: [0] | True: 0 | Time: 0.0016s
Record 521/1000 | Predicted: [1] | True: 1 | Time: 0.0016s
Record 522/1000 | Predicted: [0] | True: 0 | Time: 0.0015s
Record 523/1000 | Predicted: [0] | True: 0 | Time: 0.0016s
Record 524/1000 | Predicted: [0] | True: 0 | Time: 0.0015s
Record 525/1000 | Predicted: [0] | True: 0 | Time: 0.0015s
Record 526/1000 | Predicted: [0] | True: 0 | Time: 0.0015s
Record 527/1000 | Predicted: [1] | True: 0 | Time: 0.0015s
Record 528/1000 | Predicted: [0] | True: 0 | Time: 0.0015s
Record 529/1000 | Predicted: [1] | True: 0 | Time: 0.0015s
Record 530/1000 | Predicted: [0] | True: 0 | Time: 0.0016s
Record 531/1000 | Predicted: [0] | True: 0 | Time: 0.0015s
Record 532/1000 | Predicted: [0] | True: 0 | Time: 0.0015s
Record 533/1000 | Predicted: [0] | True: 0 | Time: 0.0016s
Record 534/1000 | Predicted: [1] | True: 1 | Time: 0.0015s
Record 535/1000 | Predicted: [1] | True: 1 | Time: 0.0016s
Record 536/1000 | Predicted: [0] | True: 0 | Time: 0.0015s
Record 537/1000 | Predicted: [0] | True: 0 | Time: 0.0015s
Record 538/1000 | Predicted: [1] | True: 0 | Time: 0.0016s
Record 539/1000 | Predicted: [0] | True: 0 | Time: 0.0016s
Record 540/1000 | Predicted: [0] | True: 0 | Time: 0.0015s
Record 541/1000 | Predicted: [0] | True: 0 | Time: 0.0015s
Record 542/1000 | Predicted: [1] | True: 1 | Time: 0.0016s
Record 543/1000 | Predicted: [0] | True: 0 | Time: 0.0016s
Record 544/1000 | Predicted: [0] | True: 0 | Time: 0.0015s
Record 545/1000 | Predicted: [0] | True: 0 | Time: 0.0015s
Record 546/1000 | Predicted: [1] | True: 1 | Time: 0.0016s
Record 547/1000 | Predicted: [0] | True: 0 | Time: 0.0015s
Record 548/1000 | Predicted: [1] | True: 1 | Time: 0.0015s
Record 549/1000 | Predicted: [0] | True: 0 | Time: 0.0015s
Record 550/1000 | Predicted: [0] | True: 0 | Time: 0.0015s
Record 551/1000 | Predicted: [1] | True: 1 | Time: 0.0016s
Record 552/1000 | Predicted: [1] | True: 0 | Time: 0.0015s
Record 553/1000 | Predicted: [0] | True: 0 | Time: 0.0016s
Record 554/1000 | Predicted: [0] | True: 0 | Time: 0.0016s
Record 555/1000 | Predicted: [1] | True: 1 | Time: 0.0015s
Record 556/1000 | Predicted: [1] | True: 0 | Time: 0.0015s
Record 557/1000 | Predicted: [1] | True: 1 | Time: 0.0015s
Record 558/1000 | Predicted: [0] | True: 0 | Time: 0.0015s
Record 559/1000 | Predicted: [0] | True: 0 | Time: 0.0015s
Record 560/1000 | Predicted: [0] | True: 0 | Time: 0.0015s
Record 561/1000 | Predicted: [1] | True: 1 | Time: 0.0016s
Record 562/1000 | Predicted: [0] | True: 0 | Time: 0.0015s
Record 563/1000 | Predicted: [1] | True: 1 | Time: 0.0016s
Record 564/1000 | Predicted: [0] | True: 0 | Time: 0.0015s
Record 565/1000 | Predicted: [0] | True: 0 | Time: 0.0015s
Record 566/1000 | Predicted: [0] | True: 0 | Time: 0.0015s
Record 567/1000 | Predicted: [0] | True: 0 | Time: 0.0016s
Record 568/1000 | Predicted: [1] | True: 0 | Time: 0.0016s
Record 569/1000 | Predicted: [1] | True: 1 | Time: 0.0015s
Record 570/1000 | Predicted: [0] | True: 0 | Time: 0.0016s
Record 571/1000 | Predicted: [1] | True: 0 | Time: 0.0015s
Record 572/1000 | Predicted: [1] | True: 1 | Time: 0.0015s
Record 573/1000 | Predicted: [0] | True: 0 | Time: 0.0015s
Record 574/1000 | Predicted: [1] | True: 1 | Time: 0.0016s
Record 575/1000 | Predicted: [0] | True: 0 | Time: 0.0016s
Record 576/1000 | Predicted: [0] | True: 0 | Time: 0.0015s
Record 577/1000 | Predicted: [0] | True: 0 | Time: 0.0015s
Record 578/1000 | Predicted: [0] | True: 0 | Time: 0.0015s
Record 579/1000 | Predicted: [0] | True: 0 | Time: 0.0016s
Record 580/1000 | Predicted: [0] | True: 0 | Time: 0.0015s
Record 581/1000 | Predicted: [1] | True: 0 | Time: 0.0015s
Record 582/1000 | Predicted: [0] | True: 0 | Time: 0.0015s
Record 583/1000 | Predicted: [0] | True: 0 | Time: 0.0015s
Record 584/1000 | Predicted: [0] | True: 0 | Time: 0.0016s
Record 585/1000 | Predicted: [0] | True: 0 | Time: 0.0016s
Record 586/1000 | Predicted: [0] | True: 0 | Time: 0.0016s
Record 587/1000 | Predicted: [0] | True: 0 | Time: 0.0016s
Record 588/1000 | Predicted: [1] | True: 1 | Time: 0.0016s
Record 589/1000 | Predicted: [0] | True: 0 | Time: 0.0015s
Record 590/1000 | Predicted: [0] | True: 0 | Time: 0.0015s
Record 591/1000 | Predicted: [1] | True: 1 | Time: 0.0015s
Record 592/1000 | Predicted: [0] | True: 0 | Time: 0.0015s
Record 593/1000 | Predicted: [0] | True: 0 | Time: 0.0015s
Record 594/1000 | Predicted: [0] | True: 0 | Time: 0.0015s
Record 595/1000 | Predicted: [1] | True: 1 | Time: 0.0015s
Record 596/1000 | Predicted: [0] | True: 0 | Time: 0.0016s
Record 597/1000 | Predicted: [0] | True: 0 | Time: 0.0015s
Record 598/1000 | Predicted: [0] | True: 0 | Time: 0.0016s
Record 599/1000 | Predicted: [0] | True: 0 | Time: 0.0015s
Record 600/1000 | Predicted: [0] | True: 0 | Time: 0.0016s
Record 601/1000 | Predicted: [1] | True: 1 | Time: 0.0015s
Record 602/1000 | Predicted: [0] | True: 0 | Time: 0.0016s
Record 603/1000 | Predicted: [0] | True: 1 | Time: 0.0015s
Record 604/1000 | Predicted: [1] | True: 1 | Time: 0.0015s
Record 605/1000 | Predicted: [0] | True: 0 | Time: 0.0016s
Record 606/1000 | Predicted: [0] | True: 0 | Time: 0.0015s
Record 607/1000 | Predicted: [0] | True: 0 | Time: 0.0016s
Record 608/1000 | Predicted: [0] | True: 0 | Time: 0.0016s
Record 609/1000 | Predicted: [0] | True: 0 | Time: 0.0015s
Record 610/1000 | Predicted: [0] | True: 0 | Time: 0.0015s
Record 611/1000 | Predicted: [0] | True: 0 | Time: 0.0016s
Record 612/1000 | Predicted: [1] | True: 1 | Time: 0.0015s
Record 613/1000 | Predicted: [0] | True: 0 | Time: 0.0015s
Record 614/1000 | Predicted: [0] | True: 0 | Time: 0.0016s
Record 615/1000 | Predicted: [0] | True: 0 | Time: 0.0015s
Record 616/1000 | Predicted: [1] | True: 1 | Time: 0.0016s
Record 617/1000 | Predicted: [0] | True: 0 | Time: 0.0015s
Record 618/1000 | Predicted: [0] | True: 0 | Time: 0.0016s
Record 619/1000 | Predicted: [0] | True: 0 | Time: 0.0015s
Record 620/1000 | Predicted: [0] | True: 0 | Time: 0.0016s
Record 621/1000 | Predicted: [0] | True: 0 | Time: 0.0016s
Record 622/1000 | Predicted: [0] | True: 0 | Time: 0.0015s
Record 623/1000 | Predicted: [0] | True: 0 | Time: 0.0015s
Record 624/1000 | Predicted: [0] | True: 0 | Time: 0.0015s
Record 625/1000 | Predicted: [0] | True: 0 | Time: 0.0015s
Record 626/1000 | Predicted: [0] | True: 0 | Time: 0.0015s
Record 627/1000 | Predicted: [0] | True: 0 | Time: 0.0015s
Record 628/1000 | Predicted: [0] | True: 0 | Time: 0.0015s
Record 629/1000 | Predicted: [0] | True: 0 | Time: 0.0015s
Record 630/1000 | Predicted: [0] | True: 0 | Time: 0.0015s
Record 631/1000 | Predicted: [0] | True: 0 | Time: 0.0015s
Record 632/1000 | Predicted: [1] | True: 1 | Time: 0.0015s
Record 633/1000 | Predicted: [0] | True: 0 | Time: 0.0015s
Record 634/1000 | Predicted: [0] | True: 0 | Time: 0.0015s
Record 635/1000 | Predicted: [1] | True: 1 | Time: 0.0015s
Record 636/1000 | Predicted: [0] | True: 0 | Time: 0.0015s
Record 637/1000 | Predicted: [0] | True: 0 | Time: 0.0015s
Record 638/1000 | Predicted: [0] | True: 0 | Time: 0.0015s
Record 639/1000 | Predicted: [0] | True: 0 | Time: 0.0015s
Record 640/1000 | Predicted: [0] | True: 0 | Time: 0.0015s
Record 641/1000 | Predicted: [1] | True: 1 | Time: 0.0015s
Record 642/1000 | Predicted: [0] | True: 0 | Time: 0.0016s
Record 643/1000 | Predicted: [0] | True: 0 | Time: 0.0015s
Record 644/1000 | Predicted: [1] | True: 1 | Time: 0.0015s
Record 645/1000 | Predicted: [0] | True: 0 | Time: 0.0016s
Record 646/1000 | Predicted: [0] | True: 0 | Time: 0.0015s
Record 647/1000 | Predicted: [0] | True: 0 | Time: 0.0015s
Record 648/1000 | Predicted: [0] | True: 0 | Time: 0.0015s
Record 649/1000 | Predicted: [0] | True: 0 | Time: 0.0016s
Record 650/1000 | Predicted: [0] | True: 0 | Time: 0.0016s
Record 651/1000 | Predicted: [0] | True: 0 | Time: 0.0015s
Record 652/1000 | Predicted: [0] | True: 0 | Time: 0.0015s
Record 653/1000 | Predicted: [0] | True: 0 | Time: 0.0015s
Record 654/1000 | Predicted: [0] | True: 0 | Time: 0.0015s
Record 655/1000 | Predicted: [0] | True: 0 | Time: 0.0016s
Record 656/1000 | Predicted: [0] | True: 0 | Time: 0.0016s
Record 657/1000 | Predicted: [0] | True: 0 | Time: 0.0015s
Record 658/1000 | Predicted: [0] | True: 0 | Time: 0.0015s
Record 659/1000 | Predicted: [0] | True: 0 | Time: 0.0015s
Record 660/1000 | Predicted: [1] | True: 0 | Time: 0.0015s
Record 661/1000 | Predicted: [0] | True: 0 | Time: 0.0015s
Record 662/1000 | Predicted: [0] | True: 0 | Time: 0.0015s
Record 663/1000 | Predicted: [1] | True: 1 | Time: 0.0015s
Record 664/1000 | Predicted: [0] | True: 0 | Time: 0.0016s
Record 665/1000 | Predicted: [0] | True: 0 | Time: 0.0015s
Record 666/1000 | Predicted: [1] | True: 1 | Time: 0.0015s
Record 667/1000 | Predicted: [0] | True: 0 | Time: 0.0015s
Record 668/1000 | Predicted: [1] | True: 1 | Time: 0.0015s
Record 669/1000 | Predicted: [0] | True: 0 | Time: 0.0015s
Record 670/1000 | Predicted: [0] | True: 0 | Time: 0.0016s
Record 671/1000 | Predicted: [0] | True: 0 | Time: 0.0015s
Record 672/1000 | Predicted: [0] | True: 0 | Time: 0.0015s
Record 673/1000 | Predicted: [0] | True: 0 | Time: 0.0016s
Record 674/1000 | Predicted: [0] | True: 0 | Time: 0.0015s
Record 675/1000 | Predicted: [0] | True: 0 | Time: 0.0016s
Record 676/1000 | Predicted: [0] | True: 0 | Time: 0.0015s
Record 677/1000 | Predicted: [0] | True: 0 | Time: 0.0015s
Record 678/1000 | Predicted: [0] | True: 0 | Time: 0.0015s
Record 679/1000 | Predicted: [0] | True: 0 | Time: 0.0015s
Record 680/1000 | Predicted: [0] | True: 0 | Time: 0.0016s
Record 681/1000 | Predicted: [0] | True: 0 | Time: 0.0015s
Record 682/1000 | Predicted: [0] | True: 0 | Time: 0.0015s
Record 683/1000 | Predicted: [0] | True: 0 | Time: 0.0015s
Record 684/1000 | Predicted: [0] | True: 0 | Time: 0.0015s
Record 685/1000 | Predicted: [1] | True: 1 | Time: 0.0015s
Record 686/1000 | Predicted: [0] | True: 0 | Time: 0.0015s
Record 687/1000 | Predicted: [1] | True: 1 | Time: 0.0016s
Record 688/1000 | Predicted: [0] | True: 0 | Time: 0.0016s
Record 689/1000 | Predicted: [0] | True: 0 | Time: 0.0015s
Record 690/1000 | Predicted: [0] | True: 0 | Time: 0.0016s
Record 691/1000 | Predicted: [0] | True: 0 | Time: 0.0015s
Record 692/1000 | Predicted: [0] | True: 0 | Time: 0.0016s
Record 693/1000 | Predicted: [0] | True: 0 | Time: 0.0015s
Record 694/1000 | Predicted: [1] | True: 1 | Time: 0.0016s
Record 695/1000 | Predicted: [0] | True: 0 | Time: 0.0015s
Record 696/1000 | Predicted: [0] | True: 0 | Time: 0.0016s
Record 697/1000 | Predicted: [0] | True: 0 | Time: 0.0015s
Record 698/1000 | Predicted: [0] | True: 1 | Time: 0.0015s
Record 699/1000 | Predicted: [0] | True: 0 | Time: 0.0016s
Record 700/1000 | Predicted: [1] | True: 1 | Time: 0.0015s
Record 701/1000 | Predicted: [0] | True: 0 | Time: 0.0016s
Record 702/1000 | Predicted: [1] | True: 1 | Time: 0.0015s
Record 703/1000 | Predicted: [0] | True: 0 | Time: 0.0016s
Record 704/1000 | Predicted: [1] | True: 1 | Time: 0.0015s
Record 705/1000 | Predicted: [0] | True: 0 | Time: 0.0015s
Record 706/1000 | Predicted: [1] | True: 1 | Time: 0.0015s
Record 707/1000 | Predicted: [0] | True: 1 | Time: 0.0015s
Record 708/1000 | Predicted: [0] | True: 0 | Time: 0.0016s
Record 709/1000 | Predicted: [0] | True: 0 | Time: 0.0015s
Record 710/1000 | Predicted: [0] | True: 0 | Time: 0.0015s
Record 711/1000 | Predicted: [1] | True: 1 | Time: 0.0015s
Record 712/1000 | Predicted: [0] | True: 0 | Time: 0.0015s
Record 713/1000 | Predicted: [0] | True: 0 | Time: 0.0016s
Record 714/1000 | Predicted: [0] | True: 0 | Time: 0.0015s
Record 715/1000 | Predicted: [1] | True: 1 | Time: 0.0016s
Record 716/1000 | Predicted: [0] | True: 0 | Time: 0.0015s
Record 717/1000 | Predicted: [0] | True: 0 | Time: 0.0016s
Record 718/1000 | Predicted: [1] | True: 1 | Time: 0.0015s
Record 719/1000 | Predicted: [0] | True: 0 | Time: 0.0015s
Record 720/1000 | Predicted: [1] | True: 1 | Time: 0.0015s
Record 721/1000 | Predicted: [0] | True: 0 | Time: 0.0016s
Record 722/1000 | Predicted: [0] | True: 0 | Time: 0.0016s
Record 723/1000 | Predicted: [0] | True: 1 | Time: 0.0016s
Record 724/1000 | Predicted: [1] | True: 1 | Time: 0.0015s
Record 725/1000 | Predicted: [0] | True: 0 | Time: 0.0016s
Record 726/1000 | Predicted: [1] | True: 1 | Time: 0.0015s
Record 727/1000 | Predicted: [0] | True: 0 | Time: 0.0015s
Record 728/1000 | Predicted: [0] | True: 0 | Time: 0.0015s
Record 729/1000 | Predicted: [0] | True: 0 | Time: 0.0016s
Record 730/1000 | Predicted: [0] | True: 0 | Time: 0.0016s
Record 731/1000 | Predicted: [0] | True: 0 | Time: 0.0016s
Record 732/1000 | Predicted: [0] | True: 0 | Time: 0.0015s
Record 733/1000 | Predicted: [0] | True: 0 | Time: 0.0016s
Record 734/1000 | Predicted: [0] | True: 0 | Time: 0.0015s
Record 735/1000 | Predicted: [0] | True: 0 | Time: 0.0015s
Record 736/1000 | Predicted: [0] | True: 0 | Time: 0.0016s
Record 737/1000 | Predicted: [0] | True: 0 | Time: 0.0015s
Record 738/1000 | Predicted: [0] | True: 0 | Time: 0.0016s
Record 739/1000 | Predicted: [1] | True: 1 | Time: 0.0015s
Record 740/1000 | Predicted: [0] | True: 0 | Time: 0.0015s
Record 741/1000 | Predicted: [0] | True: 0 | Time: 0.0015s
Record 742/1000 | Predicted: [0] | True: 0 | Time: 0.0015s
Record 743/1000 | Predicted: [0] | True: 0 | Time: 0.0015s
Record 744/1000 | Predicted: [0] | True: 0 | Time: 0.0015s
Record 745/1000 | Predicted: [0] | True: 0 | Time: 0.0015s
Record 746/1000 | Predicted: [0] | True: 0 | Time: 0.0016s
Record 747/1000 | Predicted: [0] | True: 0 | Time: 0.0016s
Record 748/1000 | Predicted: [1] | True: 1 | Time: 0.0016s
Record 749/1000 | Predicted: [1] | True: 0 | Time: 0.0015s
Record 750/1000 | Predicted: [1] | True: 1 | Time: 0.0016s
Record 751/1000 | Predicted: [0] | True: 0 | Time: 0.0016s
Record 752/1000 | Predicted: [1] | True: 1 | Time: 0.0016s
Record 753/1000 | Predicted: [0] | True: 0 | Time: 0.0015s
Record 754/1000 | Predicted: [1] | True: 0 | Time: 0.0015s
Record 755/1000 | Predicted: [0] | True: 0 | Time: 0.0017s
Record 756/1000 | Predicted: [0] | True: 0 | Time: 0.0016s
Record 757/1000 | Predicted: [1] | True: 1 | Time: 0.0016s
Record 758/1000 | Predicted: [1] | True: 1 | Time: 0.0016s
Record 759/1000 | Predicted: [0] | True: 1 | Time: 0.0016s
Record 760/1000 | Predicted: [0] | True: 0 | Time: 0.0016s
Record 761/1000 | Predicted: [0] | True: 0 | Time: 0.0016s
Record 762/1000 | Predicted: [0] | True: 0 | Time: 0.0016s
Record 763/1000 | Predicted: [0] | True: 0 | Time: 0.0016s
Record 764/1000 | Predicted: [1] | True: 0 | Time: 0.0016s
Record 765/1000 | Predicted: [0] | True: 0 | Time: 0.0016s
Record 766/1000 | Predicted: [1] | True: 1 | Time: 0.0016s
Record 767/1000 | Predicted: [0] | True: 0 | Time: 0.0016s
Record 768/1000 | Predicted: [0] | True: 0 | Time: 0.0016s
Record 769/1000 | Predicted: [0] | True: 0 | Time: 0.0016s
Record 770/1000 | Predicted: [1] | True: 1 | Time: 0.0016s
Record 771/1000 | Predicted: [1] | True: 0 | Time: 0.0016s
Record 772/1000 | Predicted: [0] | True: 0 | Time: 0.0016s
Record 773/1000 | Predicted: [0] | True: 0 | Time: 0.0016s
Record 774/1000 | Predicted: [1] | True: 1 | Time: 0.0016s
Record 775/1000 | Predicted: [0] | True: 0 | Time: 0.0016s
Record 776/1000 | Predicted: [0] | True: 0 | Time: 0.0016s
Record 777/1000 | Predicted: [0] | True: 0 | Time: 0.0016s
Record 778/1000 | Predicted: [1] | True: 0 | Time: 0.0016s
Record 779/1000 | Predicted: [0] | True: 0 | Time: 0.0016s
Record 780/1000 | Predicted: [0] | True: 1 | Time: 0.0016s
Record 781/1000 | Predicted: [0] | True: 0 | Time: 0.0016s
Record 782/1000 | Predicted: [0] | True: 0 | Time: 0.0016s
Record 783/1000 | Predicted: [0] | True: 0 | Time: 0.0016s
Record 784/1000 | Predicted: [0] | True: 0 | Time: 0.0016s
Record 785/1000 | Predicted: [0] | True: 0 | Time: 0.0016s
Record 786/1000 | Predicted: [0] | True: 0 | Time: 0.0016s
Record 787/1000 | Predicted: [0] | True: 0 | Time: 0.0016s
Record 788/1000 | Predicted: [0] | True: 0 | Time: 0.0016s
Record 789/1000 | Predicted: [0] | True: 0 | Time: 0.0016s
Record 790/1000 | Predicted: [0] | True: 0 | Time: 0.0016s
Record 791/1000 | Predicted: [0] | True: 0 | Time: 0.0016s
Record 792/1000 | Predicted: [0] | True: 0 | Time: 0.0016s
Record 793/1000 | Predicted: [0] | True: 0 | Time: 0.0016s
Record 794/1000 | Predicted: [0] | True: 0 | Time: 0.0016s
Record 795/1000 | Predicted: [1] | True: 1 | Time: 0.0016s
Record 796/1000 | Predicted: [0] | True: 0 | Time: 0.0016s
Record 797/1000 | Predicted: [0] | True: 0 | Time: 0.0016s
Record 798/1000 | Predicted: [0] | True: 0 | Time: 0.0016s
Record 799/1000 | Predicted: [0] | True: 0 | Time: 0.0016s
Record 800/1000 | Predicted: [1] | True: 1 | Time: 0.0016s
Record 801/1000 | Predicted: [0] | True: 0 | Time: 0.0016s
Record 802/1000 | Predicted: [0] | True: 0 | Time: 0.0016s
Record 803/1000 | Predicted: [0] | True: 0 | Time: 0.0016s
Record 804/1000 | Predicted: [0] | True: 0 | Time: 0.0016s
Record 805/1000 | Predicted: [0] | True: 0 | Time: 0.0015s
Record 806/1000 | Predicted: [0] | True: 0 | Time: 0.0016s
Record 807/1000 | Predicted: [1] | True: 1 | Time: 0.0016s
Record 808/1000 | Predicted: [0] | True: 0 | Time: 0.0017s
Record 809/1000 | Predicted: [0] | True: 0 | Time: 0.0016s
Record 810/1000 | Predicted: [0] | True: 0 | Time: 0.0016s
Record 811/1000 | Predicted: [0] | True: 0 | Time: 0.0016s
Record 812/1000 | Predicted: [0] | True: 0 | Time: 0.0016s
Record 813/1000 | Predicted: [0] | True: 0 | Time: 0.0016s
Record 814/1000 | Predicted: [0] | True: 0 | Time: 0.0016s
Record 815/1000 | Predicted: [0] | True: 0 | Time: 0.0016s
Record 816/1000 | Predicted: [0] | True: 0 | Time: 0.0015s
Record 817/1000 | Predicted: [1] | True: 1 | Time: 0.0016s
Record 818/1000 | Predicted: [0] | True: 0 | Time: 0.0016s
Record 819/1000 | Predicted: [1] | True: 1 | Time: 0.0016s
Record 820/1000 | Predicted: [0] | True: 0 | Time: 0.0016s
Record 821/1000 | Predicted: [0] | True: 0 | Time: 0.0016s
Record 822/1000 | Predicted: [1] | True: 0 | Time: 0.0016s
Record 823/1000 | Predicted: [0] | True: 0 | Time: 0.0016s
Record 824/1000 | Predicted: [0] | True: 0 | Time: 0.0016s
Record 825/1000 | Predicted: [0] | True: 0 | Time: 0.0016s
Record 826/1000 | Predicted: [0] | True: 0 | Time: 0.0016s
Record 827/1000 | Predicted: [0] | True: 0 | Time: 0.0016s
Record 828/1000 | Predicted: [0] | True: 0 | Time: 0.0016s
Record 829/1000 | Predicted: [1] | True: 1 | Time: 0.0016s
Record 830/1000 | Predicted: [1] | True: 1 | Time: 0.0016s
Record 831/1000 | Predicted: [0] | True: 0 | Time: 0.0016s
Record 832/1000 | Predicted: [0] | True: 0 | Time: 0.0016s
Record 833/1000 | Predicted: [1] | True: 1 | Time: 0.0016s
Record 834/1000 | Predicted: [0] | True: 0 | Time: 0.0016s
Record 835/1000 | Predicted: [0] | True: 0 | Time: 0.0016s
Record 836/1000 | Predicted: [0] | True: 0 | Time: 0.0016s
Record 837/1000 | Predicted: [0] | True: 0 | Time: 0.0016s
Record 838/1000 | Predicted: [0] | True: 0 | Time: 0.0016s
Record 839/1000 | Predicted: [0] | True: 0 | Time: 0.0016s
Record 840/1000 | Predicted: [0] | True: 0 | Time: 0.0016s
Record 841/1000 | Predicted: [0] | True: 0 | Time: 0.0016s
Record 842/1000 | Predicted: [1] | True: 1 | Time: 0.0016s
Record 843/1000 | Predicted: [1] | True: 1 | Time: 0.0016s
Record 844/1000 | Predicted: [0] | True: 0 | Time: 0.0016s
Record 845/1000 | Predicted: [0] | True: 0 | Time: 0.0016s
Record 846/1000 | Predicted: [1] | True: 1 | Time: 0.0016s
Record 847/1000 | Predicted: [0] | True: 0 | Time: 0.0016s
Record 848/1000 | Predicted: [0] | True: 0 | Time: 0.0016s
Record 849/1000 | Predicted: [0] | True: 0 | Time: 0.0016s
Record 850/1000 | Predicted: [0] | True: 0 | Time: 0.0016s
Record 851/1000 | Predicted: [0] | True: 0 | Time: 0.0016s
Record 852/1000 | Predicted: [0] | True: 0 | Time: 0.0016s
Record 853/1000 | Predicted: [0] | True: 0 | Time: 0.0016s
Record 854/1000 | Predicted: [0] | True: 0 | Time: 0.0016s
Record 855/1000 | Predicted: [0] | True: 0 | Time: 0.0016s
Record 856/1000 | Predicted: [0] | True: 0 | Time: 0.0016s
Record 857/1000 | Predicted: [0] | True: 0 | Time: 0.0016s
Record 858/1000 | Predicted: [0] | True: 0 | Time: 0.0016s
Record 859/1000 | Predicted: [0] | True: 0 | Time: 0.0016s
Record 860/1000 | Predicted: [0] | True: 0 | Time: 0.0016s
Record 861/1000 | Predicted: [0] | True: 0 | Time: 0.0016s
Record 862/1000 | Predicted: [0] | True: 0 | Time: 0.0016s
Record 863/1000 | Predicted: [0] | True: 0 | Time: 0.0016s
Record 864/1000 | Predicted: [0] | True: 0 | Time: 0.0016s
Record 865/1000 | Predicted: [0] | True: 0 | Time: 0.0016s
Record 866/1000 | Predicted: [0] | True: 0 | Time: 0.0016s
Record 867/1000 | Predicted: [0] | True: 1 | Time: 0.0016s
Record 868/1000 | Predicted: [0] | True: 0 | Time: 0.0016s
Record 869/1000 | Predicted: [0] | True: 0 | Time: 0.0016s
Record 870/1000 | Predicted: [0] | True: 0 | Time: 0.0017s
Record 871/1000 | Predicted: [0] | True: 0 | Time: 0.0016s
Record 872/1000 | Predicted: [0] | True: 0 | Time: 0.0016s
Record 873/1000 | Predicted: [1] | True: 0 | Time: 0.0016s
Record 874/1000 | Predicted: [0] | True: 0 | Time: 0.0016s
Record 875/1000 | Predicted: [0] | True: 0 | Time: 0.0016s
Record 876/1000 | Predicted: [0] | True: 0 | Time: 0.0016s
Record 877/1000 | Predicted: [0] | True: 1 | Time: 0.0016s
Record 878/1000 | Predicted: [0] | True: 0 | Time: 0.0016s
Record 879/1000 | Predicted: [0] | True: 0 | Time: 0.0016s
Record 880/1000 | Predicted: [0] | True: 0 | Time: 0.0016s
Record 881/1000 | Predicted: [0] | True: 0 | Time: 0.0016s
Record 882/1000 | Predicted: [0] | True: 0 | Time: 0.0016s
Record 883/1000 | Predicted: [1] | True: 1 | Time: 0.0016s
Record 884/1000 | Predicted: [0] | True: 0 | Time: 0.0016s
Record 885/1000 | Predicted: [0] | True: 0 | Time: 0.0016s
Record 886/1000 | Predicted: [0] | True: 0 | Time: 0.0016s
Record 887/1000 | Predicted: [0] | True: 0 | Time: 0.0016s
Record 888/1000 | Predicted: [0] | True: 0 | Time: 0.0016s
Record 889/1000 | Predicted: [0] | True: 0 | Time: 0.0016s
Record 890/1000 | Predicted: [0] | True: 0 | Time: 0.0016s
Record 891/1000 | Predicted: [0] | True: 0 | Time: 0.0016s
Record 892/1000 | Predicted: [0] | True: 0 | Time: 0.0016s
Record 893/1000 | Predicted: [0] | True: 0 | Time: 0.0016s
Record 894/1000 | Predicted: [1] | True: 1 | Time: 0.0016s
Record 895/1000 | Predicted: [1] | True: 1 | Time: 0.0016s
Record 896/1000 | Predicted: [0] | True: 0 | Time: 0.0016s
Record 897/1000 | Predicted: [1] | True: 1 | Time: 0.0016s
Record 898/1000 | Predicted: [0] | True: 1 | Time: 0.0016s
Record 899/1000 | Predicted: [0] | True: 0 | Time: 0.0016s
Record 900/1000 | Predicted: [0] | True: 0 | Time: 0.0016s
Record 901/1000 | Predicted: [0] | True: 0 | Time: 0.0016s
Record 902/1000 | Predicted: [0] | True: 0 | Time: 0.0016s
Record 903/1000 | Predicted: [0] | True: 0 | Time: 0.0016s
Record 904/1000 | Predicted: [0] | True: 0 | Time: 0.0016s
Record 905/1000 | Predicted: [1] | True: 1 | Time: 0.0016s
Record 906/1000 | Predicted: [0] | True: 0 | Time: 0.0017s
Record 907/1000 | Predicted: [0] | True: 0 | Time: 0.0016s
Record 908/1000 | Predicted: [1] | True: 1 | Time: 0.0016s
Record 909/1000 | Predicted: [0] | True: 0 | Time: 0.0018s
Record 910/1000 | Predicted: [0] | True: 0 | Time: 0.0016s
Record 911/1000 | Predicted: [0] | True: 0 | Time: 0.0015s
Record 912/1000 | Predicted: [0] | True: 0 | Time: 0.0015s
Record 913/1000 | Predicted: [0] | True: 0 | Time: 0.0016s
Record 914/1000 | Predicted: [0] | True: 1 | Time: 0.0015s
Record 915/1000 | Predicted: [0] | True: 1 | Time: 0.0016s
Record 916/1000 | Predicted: [1] | True: 1 | Time: 0.0015s
Record 917/1000 | Predicted: [1] | True: 1 | Time: 0.0016s
Record 918/1000 | Predicted: [0] | True: 0 | Time: 0.0015s
Record 919/1000 | Predicted: [0] | True: 0 | Time: 0.0015s
Record 920/1000 | Predicted: [0] | True: 0 | Time: 0.0015s
Record 921/1000 | Predicted: [0] | True: 1 | Time: 0.0015s
Record 922/1000 | Predicted: [0] | True: 0 | Time: 0.0015s
Record 923/1000 | Predicted: [0] | True: 0 | Time: 0.0015s
Record 924/1000 | Predicted: [0] | True: 0 | Time: 0.0016s
Record 925/1000 | Predicted: [0] | True: 0 | Time: 0.0015s
Record 926/1000 | Predicted: [0] | True: 0 | Time: 0.0015s
Record 927/1000 | Predicted: [0] | True: 0 | Time: 0.0015s
Record 928/1000 | Predicted: [1] | True: 1 | Time: 0.0015s
Record 929/1000 | Predicted: [0] | True: 0 | Time: 0.0015s
Record 930/1000 | Predicted: [0] | True: 0 | Time: 0.0016s
Record 931/1000 | Predicted: [0] | True: 0 | Time: 0.0016s
Record 932/1000 | Predicted: [1] | True: 1 | Time: 0.0015s
Record 933/1000 | Predicted: [0] | True: 0 | Time: 0.0015s
Record 934/1000 | Predicted: [0] | True: 0 | Time: 0.0015s
Record 935/1000 | Predicted: [0] | True: 0 | Time: 0.0015s
Record 936/1000 | Predicted: [0] | True: 0 | Time: 0.0015s
Record 937/1000 | Predicted: [1] | True: 1 | Time: 0.0015s
Record 938/1000 | Predicted: [0] | True: 0 | Time: 0.0015s
Record 939/1000 | Predicted: [1] | True: 1 | Time: 0.0015s
Record 940/1000 | Predicted: [0] | True: 0 | Time: 0.0015s
Record 941/1000 | Predicted: [0] | True: 0 | Time: 0.0015s
Record 942/1000 | Predicted: [0] | True: 0 | Time: 0.0015s
Record 943/1000 | Predicted: [1] | True: 1 | Time: 0.0015s
Record 944/1000 | Predicted: [1] | True: 0 | Time: 0.0015s
Record 945/1000 | Predicted: [0] | True: 0 | Time: 0.0015s
Record 946/1000 | Predicted: [0] | True: 0 | Time: 0.0015s
Record 947/1000 | Predicted: [1] | True: 1 | Time: 0.0016s
Record 948/1000 | Predicted: [0] | True: 0 | Time: 0.0016s
Record 949/1000 | Predicted: [0] | True: 0 | Time: 0.0015s
Record 950/1000 | Predicted: [1] | True: 1 | Time: 0.0015s
Record 951/1000 | Predicted: [0] | True: 0 | Time: 0.0015s
Record 952/1000 | Predicted: [0] | True: 0 | Time: 0.0015s
Record 953/1000 | Predicted: [0] | True: 0 | Time: 0.0015s
Record 954/1000 | Predicted: [0] | True: 0 | Time: 0.0015s
Record 955/1000 | Predicted: [0] | True: 0 | Time: 0.0015s
Record 956/1000 | Predicted: [0] | True: 0 | Time: 0.0015s
Record 957/1000 | Predicted: [0] | True: 0 | Time: 0.0015s
Record 958/1000 | Predicted: [0] | True: 0 | Time: 0.0015s
Record 959/1000 | Predicted: [1] | True: 1 | Time: 0.0016s
Record 960/1000 | Predicted: [0] | True: 0 | Time: 0.0015s
Record 961/1000 | Predicted: [0] | True: 0 | Time: 0.0015s
Record 962/1000 | Predicted: [0] | True: 0 | Time: 0.0015s
Record 963/1000 | Predicted: [0] | True: 0 | Time: 0.0015s
Record 964/1000 | Predicted: [0] | True: 0 | Time: 0.0015s
Record 965/1000 | Predicted: [0] | True: 0 | Time: 0.0015s
Record 966/1000 | Predicted: [0] | True: 0 | Time: 0.0015s
Record 967/1000 | Predicted: [0] | True: 0 | Time: 0.0016s
Record 968/1000 | Predicted: [0] | True: 0 | Time: 0.0015s
Record 969/1000 | Predicted: [0] | True: 0 | Time: 0.0015s
Record 970/1000 | Predicted: [0] | True: 0 | Time: 0.0015s
Record 971/1000 | Predicted: [0] | True: 0 | Time: 0.0016s
Record 972/1000 | Predicted: [0] | True: 0 | Time: 0.0015s
Record 973/1000 | Predicted: [0] | True: 0 | Time: 0.0015s
Record 974/1000 | Predicted: [1] | True: 0 | Time: 0.0016s
Record 975/1000 | Predicted: [0] | True: 0 | Time: 0.0015s
Record 976/1000 | Predicted: [1] | True: 1 | Time: 0.0015s
Record 977/1000 | Predicted: [1] | True: 1 | Time: 0.0015s
Record 978/1000 | Predicted: [0] | True: 0 | Time: 0.0015s
Record 979/1000 | Predicted: [0] | True: 0 | Time: 0.0015s
Record 980/1000 | Predicted: [0] | True: 0 | Time: 0.0015s
Record 981/1000 | Predicted: [0] | True: 0 | Time: 0.0015s
Record 982/1000 | Predicted: [1] | True: 1 | Time: 0.0015s
Record 983/1000 | Predicted: [0] | True: 0 | Time: 0.0016s
Record 984/1000 | Predicted: [1] | True: 0 | Time: 0.0016s
Record 985/1000 | Predicted: [0] | True: 0 | Time: 0.0015s
Record 986/1000 | Predicted: [0] | True: 0 | Time: 0.0015s
Record 987/1000 | Predicted: [0] | True: 0 | Time: 0.0015s
Record 988/1000 | Predicted: [0] | True: 0 | Time: 0.0015s
Record 989/1000 | Predicted: [0] | True: 0 | Time: 0.0015s
Record 990/1000 | Predicted: [1] | True: 0 | Time: 0.0016s
Record 991/1000 | Predicted: [0] | True: 0 | Time: 0.0015s
Record 992/1000 | Predicted: [0] | True: 0 | Time: 0.0015s
Record 993/1000 | Predicted: [0] | True: 0 | Time: 0.0015s
Record 994/1000 | Predicted: [0] | True: 0 | Time: 0.0015s
Record 995/1000 | Predicted: [0] | True: 0 | Time: 0.0016s
Record 996/1000 | Predicted: [0] | True: 0 | Time: 0.0015s
Record 997/1000 | Predicted: [0] | True: 0 | Time: 0.0015s
Record 998/1000 | Predicted: [0] | True: 0 | Time: 0.0015s
Record 999/1000 | Predicted: [0] | True: 0 | Time: 0.0016s
Record 1000/1000 | Predicted: [0] | True: 0 | Time: 0.0015s

[STEP 4] Calculating final statistics...
[LOG] Current time: 2025-08-13 01:23:56 -03-0300

==================== INFERENCE SUMMARY ====================
Total records processed: 1000
   Total inference time: 1.5586 seconds
Mean inference time/record: 0.0016 seconds
=============================================================


==================== TESTING MODEL: estimators=10, depth=4, svd=200 ====================

Using cached SVD transformation for 200 components...
Final training data shape: (2262300, 200)
Final testing data shape: (565576, 200)
Record 1/1000 | Predicted: [0] | True: 0 | Time: 0.0019s
Record 2/1000 | Predicted: [0] | True: 0 | Time: 0.0017s
Record 3/1000 | Predicted: [0] | True: 0 | Time: 0.0017s
Record 4/1000 | Predicted: [0] | True: 0 | Time: 0.0017s
Record 5/1000 | Predicted: [0] | True: 0 | Time: 0.0016s
Record 6/1000 | Predicted: [0] | True: 0 | Time: 0.0017s
Record 7/1000 | Predicted: [0] | True: 0 | Time: 0.0017s
Record 8/1000 | Predicted: [1] | True: 1 | Time: 0.0017s
Record 9/1000 | Predicted: [1] | True: 1 | Time: 0.0016s
Record 10/1000 | Predicted: [0] | True: 0 | Time: 0.0016s
Record 11/1000 | Predicted: [1] | True: 1 | Time: 0.0017s
Record 12/1000 | Predicted: [0] | True: 0 | Time: 0.0017s
Record 13/1000 | Predicted: [0] | True: 0 | Time: 0.0017s
Record 14/1000 | Predicted: [0] | True: 0 | Time: 0.0017s
Record 15/1000 | Predicted: [1] | True: 0 | Time: 0.0017s
Record 16/1000 | Predicted: [1] | True: 1 | Time: 0.0016s
Record 17/1000 | Predicted: [1] | True: 1 | Time: 0.0017s
Record 18/1000 | Predicted: [0] | True: 0 | Time: 0.0017s
Record 19/1000 | Predicted: [0] | True: 0 | Time: 0.0017s
Record 20/1000 | Predicted: [1] | True: 1 | Time: 0.0016s
Record 21/1000 | Predicted: [0] | True: 0 | Time: 0.0017s
Record 22/1000 | Predicted: [0] | True: 0 | Time: 0.0017s
Record 23/1000 | Predicted: [0] | True: 0 | Time: 0.0016s
Record 24/1000 | Predicted: [1] | True: 1 | Time: 0.0016s
Record 25/1000 | Predicted: [0] | True: 0 | Time: 0.0017s
Record 26/1000 | Predicted: [1] | True: 0 | Time: 0.0016s
Record 27/1000 | Predicted: [0] | True: 0 | Time: 0.0016s
Record 28/1000 | Predicted: [0] | True: 0 | Time: 0.0017s
Record 29/1000 | Predicted: [1] | True: 1 | Time: 0.0016s
Record 30/1000 | Predicted: [1] | True: 1 | Time: 0.0017s
Record 31/1000 | Predicted: [0] | True: 0 | Time: 0.0016s
Record 32/1000 | Predicted: [0] | True: 0 | Time: 0.0016s
Record 33/1000 | Predicted: [0] | True: 0 | Time: 0.0017s
Record 34/1000 | Predicted: [0] | True: 0 | Time: 0.0017s
Record 35/1000 | Predicted: [0] | True: 0 | Time: 0.0017s
Record 36/1000 | Predicted: [1] | True: 0 | Time: 0.0017s
Record 37/1000 | Predicted: [1] | True: 0 | Time: 0.0017s
Record 38/1000 | Predicted: [0] | True: 0 | Time: 0.0017s
Record 39/1000 | Predicted: [0] | True: 0 | Time: 0.0017s
Record 40/1000 | Predicted: [0] | True: 0 | Time: 0.0016s
Record 41/1000 | Predicted: [0] | True: 0 | Time: 0.0017s
Record 42/1000 | Predicted: [0] | True: 0 | Time: 0.0016s
Record 43/1000 | Predicted: [1] | True: 1 | Time: 0.0016s
Record 44/1000 | Predicted: [0] | True: 0 | Time: 0.0016s
Record 45/1000 | Predicted: [0] | True: 0 | Time: 0.0017s
Record 46/1000 | Predicted: [0] | True: 0 | Time: 0.0017s
Record 47/1000 | Predicted: [0] | True: 0 | Time: 0.0016s
Record 48/1000 | Predicted: [0] | True: 0 | Time: 0.0016s
Record 49/1000 | Predicted: [0] | True: 0 | Time: 0.0016s
Record 50/1000 | Predicted: [0] | True: 0 | Time: 0.0017s
Record 51/1000 | Predicted: [0] | True: 0 | Time: 0.0016s
Record 52/1000 | Predicted: [0] | True: 0 | Time: 0.0017s
Record 53/1000 | Predicted: [0] | True: 0 | Time: 0.0017s
Record 54/1000 | Predicted: [0] | True: 0 | Time: 0.0017s
Record 55/1000 | Predicted: [0] | True: 0 | Time: 0.0016s
Record 56/1000 | Predicted: [0] | True: 0 | Time: 0.0017s
Record 57/1000 | Predicted: [0] | True: 1 | Time: 0.0017s
Record 58/1000 | Predicted: [0] | True: 0 | Time: 0.0017s
Record 59/1000 | Predicted: [0] | True: 0 | Time: 0.0016s
Record 60/1000 | Predicted: [0] | True: 0 | Time: 0.0016s
Record 61/1000 | Predicted: [0] | True: 0 | Time: 0.0017s
Record 62/1000 | Predicted: [0] | True: 0 | Time: 0.0016s
Record 63/1000 | Predicted: [1] | True: 1 | Time: 0.0017s
Record 64/1000 | Predicted: [0] | True: 0 | Time: 0.0016s
Record 65/1000 | Predicted: [0] | True: 0 | Time: 0.0016s
Record 66/1000 | Predicted: [0] | True: 0 | Time: 0.0017s
Record 67/1000 | Predicted: [0] | True: 1 | Time: 0.0016s
Record 68/1000 | Predicted: [0] | True: 0 | Time: 0.0017s
Record 69/1000 | Predicted: [0] | True: 0 | Time: 0.0016s
Record 70/1000 | Predicted: [0] | True: 0 | Time: 0.0016s
Record 71/1000 | Predicted: [1] | True: 0 | Time: 0.0016s
Record 72/1000 | Predicted: [0] | True: 0 | Time: 0.0016s
Record 73/1000 | Predicted: [0] | True: 0 | Time: 0.0016s
Record 74/1000 | Predicted: [1] | True: 0 | Time: 0.0017s
Record 75/1000 | Predicted: [0] | True: 0 | Time: 0.0016s
Record 76/1000 | Predicted: [0] | True: 0 | Time: 0.0017s
Record 77/1000 | Predicted: [0] | True: 0 | Time: 0.0017s
Record 78/1000 | Predicted: [0] | True: 0 | Time: 0.0017s
Record 79/1000 | Predicted: [0] | True: 0 | Time: 0.0016s
Record 80/1000 | Predicted: [0] | True: 0 | Time: 0.0016s
Record 81/1000 | Predicted: [0] | True: 0 | Time: 0.0016s
Record 82/1000 | Predicted: [0] | True: 0 | Time: 0.0017s
Record 83/1000 | Predicted: [0] | True: 0 | Time: 0.0016s
Record 84/1000 | Predicted: [0] | True: 0 | Time: 0.0017s
Record 85/1000 | Predicted: [0] | True: 0 | Time: 0.0017s
Record 86/1000 | Predicted: [0] | True: 0 | Time: 0.0016s
Record 87/1000 | Predicted: [1] | True: 1 | Time: 0.0017s
Record 88/1000 | Predicted: [0] | True: 0 | Time: 0.0016s
Record 89/1000 | Predicted: [0] | True: 0 | Time: 0.0017s
Record 90/1000 | Predicted: [1] | True: 1 | Time: 0.0017s
Record 91/1000 | Predicted: [0] | True: 0 | Time: 0.0016s
Record 92/1000 | Predicted: [1] | True: 1 | Time: 0.0016s
Record 93/1000 | Predicted: [0] | True: 0 | Time: 0.0017s
Record 94/1000 | Predicted: [0] | True: 0 | Time: 0.0016s
Record 95/1000 | Predicted: [1] | True: 1 | Time: 0.0017s
Record 96/1000 | Predicted: [0] | True: 0 | Time: 0.0016s
Record 97/1000 | Predicted: [0] | True: 0 | Time: 0.0016s
Record 98/1000 | Predicted: [0] | True: 0 | Time: 0.0017s
Record 99/1000 | Predicted: [1] | True: 1 | Time: 0.0017s
Record 100/1000 | Predicted: [0] | True: 0 | Time: 0.0017s
Record 101/1000 | Predicted: [0] | True: 1 | Time: 0.0016s
Record 102/1000 | Predicted: [0] | True: 0 | Time: 0.0017s
Record 103/1000 | Predicted: [0] | True: 0 | Time: 0.0016s
Record 104/1000 | Predicted: [0] | True: 0 | Time: 0.0017s
Record 105/1000 | Predicted: [0] | True: 0 | Time: 0.0016s
Record 106/1000 | Predicted: [0] | True: 0 | Time: 0.0016s
Record 107/1000 | Predicted: [1] | True: 0 | Time: 0.0016s
Record 108/1000 | Predicted: [0] | True: 0 | Time: 0.0016s
Record 109/1000 | Predicted: [0] | True: 0 | Time: 0.0017s
Record 110/1000 | Predicted: [0] | True: 0 | Time: 0.0016s
Record 111/1000 | Predicted: [0] | True: 0 | Time: 0.0016s
Record 112/1000 | Predicted: [0] | True: 0 | Time: 0.0017s
Record 113/1000 | Predicted: [0] | True: 0 | Time: 0.0017s
Record 114/1000 | Predicted: [0] | True: 0 | Time: 0.0016s
Record 115/1000 | Predicted: [1] | True: 1 | Time: 0.0016s
Record 116/1000 | Predicted: [0] | True: 0 | Time: 0.0016s
Record 117/1000 | Predicted: [0] | True: 0 | Time: 0.0017s
Record 118/1000 | Predicted: [0] | True: 0 | Time: 0.0016s
Record 119/1000 | Predicted: [1] | True: 1 | Time: 0.0016s
Record 120/1000 | Predicted: [1] | True: 1 | Time: 0.0017s
Record 121/1000 | Predicted: [1] | True: 0 | Time: 0.0016s
Record 122/1000 | Predicted: [0] | True: 0 | Time: 0.0017s
Record 123/1000 | Predicted: [0] | True: 0 | Time: 0.0016s
Record 124/1000 | Predicted: [0] | True: 0 | Time: 0.0016s
Record 125/1000 | Predicted: [0] | True: 0 | Time: 0.0016s
Record 126/1000 | Predicted: [0] | True: 0 | Time: 0.0016s
Record 127/1000 | Predicted: [0] | True: 0 | Time: 0.0016s
Record 128/1000 | Predicted: [0] | True: 0 | Time: 0.0017s
Record 129/1000 | Predicted: [0] | True: 0 | Time: 0.0016s
Record 130/1000 | Predicted: [0] | True: 1 | Time: 0.0017s
Record 131/1000 | Predicted: [0] | True: 0 | Time: 0.0017s
Record 132/1000 | Predicted: [0] | True: 0 | Time: 0.0016s
Record 133/1000 | Predicted: [1] | True: 0 | Time: 0.0017s
Record 134/1000 | Predicted: [0] | True: 0 | Time: 0.0017s
Record 135/1000 | Predicted: [1] | True: 0 | Time: 0.0016s
Record 136/1000 | Predicted: [1] | True: 1 | Time: 0.0017s
Record 137/1000 | Predicted: [1] | True: 1 | Time: 0.0017s
Record 138/1000 | Predicted: [0] | True: 1 | Time: 0.0017s
Record 139/1000 | Predicted: [0] | True: 0 | Time: 0.0017s
Record 140/1000 | Predicted: [1] | True: 1 | Time: 0.0016s
Record 141/1000 | Predicted: [0] | True: 0 | Time: 0.0016s
Record 142/1000 | Predicted: [0] | True: 0 | Time: 0.0016s
Record 143/1000 | Predicted: [0] | True: 0 | Time: 0.0017s
Record 144/1000 | Predicted: [1] | True: 1 | Time: 0.0017s
Record 145/1000 | Predicted: [1] | True: 0 | Time: 0.0016s
Record 146/1000 | Predicted: [0] | True: 0 | Time: 0.0016s
Record 147/1000 | Predicted: [0] | True: 0 | Time: 0.0017s
Record 148/1000 | Predicted: [0] | True: 0 | Time: 0.0017s
Record 149/1000 | Predicted: [0] | True: 0 | Time: 0.0016s
Record 150/1000 | Predicted: [0] | True: 0 | Time: 0.0016s
Record 151/1000 | Predicted: [0] | True: 0 | Time: 0.0016s
Record 152/1000 | Predicted: [0] | True: 0 | Time: 0.0017s
Record 153/1000 | Predicted: [0] | True: 1 | Time: 0.0016s
Record 154/1000 | Predicted: [0] | True: 0 | Time: 0.0016s
Record 155/1000 | Predicted: [0] | True: 0 | Time: 0.0016s
Record 156/1000 | Predicted: [1] | True: 1 | Time: 0.0016s
Record 157/1000 | Predicted: [0] | True: 0 | Time: 0.0017s
Record 158/1000 | Predicted: [0] | True: 0 | Time: 0.0017s
Record 159/1000 | Predicted: [1] | True: 1 | Time: 0.0017s
Record 160/1000 | Predicted: [0] | True: 0 | Time: 0.0017s
Record 161/1000 | Predicted: [0] | True: 0 | Time: 0.0017s
Record 162/1000 | Predicted: [0] | True: 0 | Time: 0.0016s
Record 163/1000 | Predicted: [1] | True: 0 | Time: 0.0017s
Record 164/1000 | Predicted: [0] | True: 0 | Time: 0.0016s
Record 165/1000 | Predicted: [0] | True: 0 | Time: 0.0016s
Record 166/1000 | Predicted: [0] | True: 0 | Time: 0.0017s
Record 167/1000 | Predicted: [0] | True: 0 | Time: 0.0016s
Record 168/1000 | Predicted: [0] | True: 0 | Time: 0.0016s
Record 169/1000 | Predicted: [0] | True: 0 | Time: 0.0017s
Record 170/1000 | Predicted: [0] | True: 0 | Time: 0.0016s
Record 171/1000 | Predicted: [1] | True: 0 | Time: 0.0016s
Record 172/1000 | Predicted: [0] | True: 0 | Time: 0.0017s
Record 173/1000 | Predicted: [0] | True: 0 | Time: 0.0016s
Record 174/1000 | Predicted: [1] | True: 0 | Time: 0.0017s
Record 175/1000 | Predicted: [0] | True: 0 | Time: 0.0016s
Record 176/1000 | Predicted: [0] | True: 0 | Time: 0.0017s
Record 177/1000 | Predicted: [0] | True: 0 | Time: 0.0016s
Record 178/1000 | Predicted: [1] | True: 1 | Time: 0.0017s
Record 179/1000 | Predicted: [1] | True: 0 | Time: 0.0016s
Record 180/1000 | Predicted: [1] | True: 1 | Time: 0.0016s
Record 181/1000 | Predicted: [0] | True: 0 | Time: 0.0017s
Record 182/1000 | Predicted: [1] | True: 1 | Time: 0.0017s
Record 183/1000 | Predicted: [0] | True: 0 | Time: 0.0017s
Record 184/1000 | Predicted: [0] | True: 0 | Time: 0.0017s
Record 185/1000 | Predicted: [0] | True: 0 | Time: 0.0017s
Record 186/1000 | Predicted: [0] | True: 0 | Time: 0.0016s
Record 187/1000 | Predicted: [0] | True: 0 | Time: 0.0017s
Record 188/1000 | Predicted: [0] | True: 0 | Time: 0.0016s
Record 189/1000 | Predicted: [1] | True: 1 | Time: 0.0016s
Record 190/1000 | Predicted: [0] | True: 0 | Time: 0.0016s
Record 191/1000 | Predicted: [1] | True: 0 | Time: 0.0016s
Record 192/1000 | Predicted: [0] | True: 0 | Time: 0.0017s
Record 193/1000 | Predicted: [1] | True: 1 | Time: 0.0016s
Record 194/1000 | Predicted: [0] | True: 1 | Time: 0.0017s
Record 195/1000 | Predicted: [0] | True: 0 | Time: 0.0017s
Record 196/1000 | Predicted: [0] | True: 0 | Time: 0.0017s
Record 197/1000 | Predicted: [0] | True: 0 | Time: 0.0017s
Record 198/1000 | Predicted: [0] | True: 0 | Time: 0.0017s
Record 199/1000 | Predicted: [1] | True: 1 | Time: 0.0017s
Record 200/1000 | Predicted: [0] | True: 0 | Time: 0.0017s
Record 201/1000 | Predicted: [0] | True: 0 | Time: 0.0016s
Record 202/1000 | Predicted: [0] | True: 0 | Time: 0.0016s
Record 203/1000 | Predicted: [0] | True: 0 | Time: 0.0016s
Record 204/1000 | Predicted: [0] | True: 0 | Time: 0.0016s
Record 205/1000 | Predicted: [0] | True: 0 | Time: 0.0017s
Record 206/1000 | Predicted: [0] | True: 0 | Time: 0.0017s
Record 207/1000 | Predicted: [1] | True: 1 | Time: 0.0016s
Record 208/1000 | Predicted: [0] | True: 0 | Time: 0.0017s
Record 209/1000 | Predicted: [0] | True: 0 | Time: 0.0016s
Record 210/1000 | Predicted: [1] | True: 1 | Time: 0.0017s
Record 211/1000 | Predicted: [0] | True: 0 | Time: 0.0016s
Record 212/1000 | Predicted: [0] | True: 1 | Time: 0.0016s
Record 213/1000 | Predicted: [1] | True: 0 | Time: 0.0016s
Record 214/1000 | Predicted: [0] | True: 0 | Time: 0.0017s
Record 215/1000 | Predicted: [0] | True: 0 | Time: 0.0016s
Record 216/1000 | Predicted: [0] | True: 0 | Time: 0.0017s
Record 217/1000 | Predicted: [0] | True: 0 | Time: 0.0016s
Record 218/1000 | Predicted: [1] | True: 1 | Time: 0.0016s
Record 219/1000 | Predicted: [0] | True: 0 | Time: 0.0016s
Record 220/1000 | Predicted: [0] | True: 0 | Time: 0.0017s
Record 221/1000 | Predicted: [0] | True: 0 | Time: 0.0016s
Record 222/1000 | Predicted: [0] | True: 0 | Time: 0.0017s
Record 223/1000 | Predicted: [0] | True: 0 | Time: 0.0017s
Record 224/1000 | Predicted: [1] | True: 1 | Time: 0.0016s
Record 225/1000 | Predicted: [0] | True: 0 | Time: 0.0016s
Record 226/1000 | Predicted: [1] | True: 1 | Time: 0.0016s
Record 227/1000 | Predicted: [1] | True: 1 | Time: 0.0017s
Record 228/1000 | Predicted: [1] | True: 1 | Time: 0.0016s
Record 229/1000 | Predicted: [0] | True: 0 | Time: 0.0017s
Record 230/1000 | Predicted: [0] | True: 0 | Time: 0.0017s
Record 231/1000 | Predicted: [0] | True: 0 | Time: 0.0017s
Record 232/1000 | Predicted: [0] | True: 0 | Time: 0.0017s
Record 233/1000 | Predicted: [0] | True: 0 | Time: 0.0017s
Record 234/1000 | Predicted: [0] | True: 0 | Time: 0.0016s
Record 235/1000 | Predicted: [1] | True: 1 | Time: 0.0017s
Record 236/1000 | Predicted: [0] | True: 0 | Time: 0.0016s
Record 237/1000 | Predicted: [0] | True: 0 | Time: 0.0016s
Record 238/1000 | Predicted: [0] | True: 0 | Time: 0.0017s
Record 239/1000 | Predicted: [1] | True: 1 | Time: 0.0016s
Record 240/1000 | Predicted: [0] | True: 0 | Time: 0.0016s
Record 241/1000 | Predicted: [1] | True: 1 | Time: 0.0017s
Record 242/1000 | Predicted: [1] | True: 0 | Time: 0.0017s
Record 243/1000 | Predicted: [0] | True: 0 | Time: 0.0017s
Record 244/1000 | Predicted: [0] | True: 0 | Time: 0.0017s
Record 245/1000 | Predicted: [0] | True: 0 | Time: 0.0016s
Record 246/1000 | Predicted: [1] | True: 1 | Time: 0.0017s
Record 247/1000 | Predicted: [0] | True: 0 | Time: 0.0016s
Record 248/1000 | Predicted: [0] | True: 0 | Time: 0.0017s
Record 249/1000 | Predicted: [0] | True: 0 | Time: 0.0016s
Record 250/1000 | Predicted: [0] | True: 0 | Time: 0.0016s
Record 251/1000 | Predicted: [0] | True: 0 | Time: 0.0017s
Record 252/1000 | Predicted: [1] | True: 1 | Time: 0.0016s
Record 253/1000 | Predicted: [0] | True: 0 | Time: 0.0017s
Record 254/1000 | Predicted: [0] | True: 0 | Time: 0.0017s
Record 255/1000 | Predicted: [0] | True: 0 | Time: 0.0017s
Record 256/1000 | Predicted: [0] | True: 0 | Time: 0.0016s
Record 257/1000 | Predicted: [0] | True: 0 | Time: 0.0017s
Record 258/1000 | Predicted: [1] | True: 1 | Time: 0.0016s
Record 259/1000 | Predicted: [1] | True: 1 | Time: 0.0017s
Record 260/1000 | Predicted: [0] | True: 0 | Time: 0.0016s
Record 261/1000 | Predicted: [0] | True: 0 | Time: 0.0016s
Record 262/1000 | Predicted: [0] | True: 0 | Time: 0.0017s
Record 263/1000 | Predicted: [0] | True: 0 | Time: 0.0016s
Record 264/1000 | Predicted: [0] | True: 0 | Time: 0.0016s
Record 265/1000 | Predicted: [0] | True: 0 | Time: 0.0017s
Record 266/1000 | Predicted: [0] | True: 0 | Time: 0.0017s
Record 267/1000 | Predicted: [1] | True: 1 | Time: 0.0016s
Record 268/1000 | Predicted: [0] | True: 0 | Time: 0.0017s
Record 269/1000 | Predicted: [0] | True: 0 | Time: 0.0016s
Record 270/1000 | Predicted: [1] | True: 1 | Time: 0.0017s
Record 271/1000 | Predicted: [0] | True: 0 | Time: 0.0016s
Record 272/1000 | Predicted: [0] | True: 0 | Time: 0.0017s
Record 273/1000 | Predicted: [1] | True: 1 | Time: 0.0016s
Record 274/1000 | Predicted: [1] | True: 1 | Time: 0.0016s
Record 275/1000 | Predicted: [0] | True: 0 | Time: 0.0016s
Record 276/1000 | Predicted: [0] | True: 1 | Time: 0.0017s
Record 277/1000 | Predicted: [0] | True: 0 | Time: 0.0017s
Record 278/1000 | Predicted: [0] | True: 0 | Time: 0.0016s
Record 279/1000 | Predicted: [0] | True: 0 | Time: 0.0016s
Record 280/1000 | Predicted: [0] | True: 0 | Time: 0.0017s
Record 281/1000 | Predicted: [0] | True: 0 | Time: 0.0017s
Record 282/1000 | Predicted: [0] | True: 0 | Time: 0.0016s
Record 283/1000 | Predicted: [0] | True: 0 | Time: 0.0017s
Record 284/1000 | Predicted: [0] | True: 0 | Time: 0.0017s
Record 285/1000 | Predicted: [1] | True: 0 | Time: 0.0016s
Record 286/1000 | Predicted: [0] | True: 0 | Time: 0.0016s
Record 287/1000 | Predicted: [0] | True: 0 | Time: 0.0016s
Record 288/1000 | Predicted: [1] | True: 0 | Time: 0.0017s
Record 289/1000 | Predicted: [1] | True: 1 | Time: 0.0017s
Record 290/1000 | Predicted: [0] | True: 0 | Time: 0.0017s
Record 291/1000 | Predicted: [1] | True: 0 | Time: 0.0016s
Record 292/1000 | Predicted: [0] | True: 0 | Time: 0.0017s
Record 293/1000 | Predicted: [1] | True: 1 | Time: 0.0016s
Record 294/1000 | Predicted: [0] | True: 0 | Time: 0.0017s
Record 295/1000 | Predicted: [0] | True: 0 | Time: 0.0016s
Record 296/1000 | Predicted: [0] | True: 0 | Time: 0.0017s
Record 297/1000 | Predicted: [0] | True: 0 | Time: 0.0016s
Record 298/1000 | Predicted: [1] | True: 1 | Time: 0.0017s
Record 299/1000 | Predicted: [0] | True: 0 | Time: 0.0016s
Record 300/1000 | Predicted: [1] | True: 0 | Time: 0.0016s
Record 301/1000 | Predicted: [0] | True: 0 | Time: 0.0017s
Record 302/1000 | Predicted: [0] | True: 0 | Time: 0.0016s
Record 303/1000 | Predicted: [0] | True: 0 | Time: 0.0017s
Record 304/1000 | Predicted: [0] | True: 0 | Time: 0.0016s
Record 305/1000 | Predicted: [0] | True: 0 | Time: 0.0016s
Record 306/1000 | Predicted: [0] | True: 0 | Time: 0.0017s
Record 307/1000 | Predicted: [0] | True: 0 | Time: 0.0017s
Record 308/1000 | Predicted: [0] | True: 0 | Time: 0.0016s
Record 309/1000 | Predicted: [0] | True: 0 | Time: 0.0016s
Record 310/1000 | Predicted: [0] | True: 0 | Time: 0.0017s
Record 311/1000 | Predicted: [0] | True: 0 | Time: 0.0017s
Record 312/1000 | Predicted: [1] | True: 0 | Time: 0.0017s
Record 313/1000 | Predicted: [0] | True: 0 | Time: 0.0016s
Record 314/1000 | Predicted: [0] | True: 1 | Time: 0.0017s
Record 315/1000 | Predicted: [0] | True: 0 | Time: 0.0016s
Record 316/1000 | Predicted: [0] | True: 1 | Time: 0.0016s
Record 317/1000 | Predicted: [1] | True: 1 | Time: 0.0016s
Record 318/1000 | Predicted: [0] | True: 0 | Time: 0.0017s
Record 319/1000 | Predicted: [0] | True: 0 | Time: 0.0017s
Record 320/1000 | Predicted: [0] | True: 0 | Time: 0.0016s
Record 321/1000 | Predicted: [0] | True: 0 | Time: 0.0016s
Record 322/1000 | Predicted: [0] | True: 0 | Time: 0.0016s
Record 323/1000 | Predicted: [0] | True: 0 | Time: 0.0017s
Record 324/1000 | Predicted: [0] | True: 0 | Time: 0.0016s
Record 325/1000 | Predicted: [0] | True: 0 | Time: 0.0017s
Record 326/1000 | Predicted: [0] | True: 0 | Time: 0.0016s
Record 327/1000 | Predicted: [0] | True: 0 | Time: 0.0016s
Record 328/1000 | Predicted: [1] | True: 1 | Time: 0.0017s
Record 329/1000 | Predicted: [0] | True: 0 | Time: 0.0016s
Record 330/1000 | Predicted: [0] | True: 0 | Time: 0.0017s
Record 331/1000 | Predicted: [0] | True: 0 | Time: 0.0017s
Record 332/1000 | Predicted: [0] | True: 0 | Time: 0.0016s
Record 333/1000 | Predicted: [0] | True: 0 | Time: 0.0017s
Record 334/1000 | Predicted: [0] | True: 0 | Time: 0.0017s
Record 335/1000 | Predicted: [1] | True: 1 | Time: 0.0016s
Record 336/1000 | Predicted: [0] | True: 0 | Time: 0.0017s
Record 337/1000 | Predicted: [0] | True: 0 | Time: 0.0017s
Record 338/1000 | Predicted: [0] | True: 0 | Time: 0.0017s
Record 339/1000 | Predicted: [0] | True: 0 | Time: 0.0016s
Record 340/1000 | Predicted: [0] | True: 0 | Time: 0.0017s
Record 341/1000 | Predicted: [1] | True: 1 | Time: 0.0017s
Record 342/1000 | Predicted: [0] | True: 0 | Time: 0.0017s
Record 343/1000 | Predicted: [0] | True: 0 | Time: 0.0016s
Record 344/1000 | Predicted: [0] | True: 0 | Time: 0.0016s
Record 345/1000 | Predicted: [0] | True: 0 | Time: 0.0016s
Record 346/1000 | Predicted: [0] | True: 0 | Time: 0.0016s
Record 347/1000 | Predicted: [0] | True: 0 | Time: 0.0017s
Record 348/1000 | Predicted: [0] | True: 0 | Time: 0.0016s
Record 349/1000 | Predicted: [0] | True: 0 | Time: 0.0017s
Record 350/1000 | Predicted: [0] | True: 0 | Time: 0.0017s
Record 351/1000 | Predicted: [0] | True: 0 | Time: 0.0017s
Record 352/1000 | Predicted: [0] | True: 0 | Time: 0.0016s
Record 353/1000 | Predicted: [0] | True: 0 | Time: 0.0016s
Record 354/1000 | Predicted: [0] | True: 0 | Time: 0.0016s
Record 355/1000 | Predicted: [1] | True: 1 | Time: 0.0017s
Record 356/1000 | Predicted: [0] | True: 0 | Time: 0.0016s
Record 357/1000 | Predicted: [0] | True: 0 | Time: 0.0017s
Record 358/1000 | Predicted: [0] | True: 0 | Time: 0.0016s
Record 359/1000 | Predicted: [0] | True: 0 | Time: 0.0016s
Record 360/1000 | Predicted: [1] | True: 1 | Time: 0.0017s
Record 361/1000 | Predicted: [0] | True: 0 | Time: 0.0016s
Record 362/1000 | Predicted: [0] | True: 0 | Time: 0.0017s
Record 363/1000 | Predicted: [0] | True: 0 | Time: 0.0017s
Record 364/1000 | Predicted: [0] | True: 0 | Time: 0.0017s
Record 365/1000 | Predicted: [0] | True: 0 | Time: 0.0016s
Record 366/1000 | Predicted: [0] | True: 0 | Time: 0.0017s
Record 367/1000 | Predicted: [0] | True: 0 | Time: 0.0016s
Record 368/1000 | Predicted: [0] | True: 1 | Time: 0.0016s
Record 369/1000 | Predicted: [0] | True: 0 | Time: 0.0016s
Record 370/1000 | Predicted: [0] | True: 0 | Time: 0.0016s
Record 371/1000 | Predicted: [0] | True: 0 | Time: 0.0017s
Record 372/1000 | Predicted: [0] | True: 0 | Time: 0.0016s
Record 373/1000 | Predicted: [1] | True: 1 | Time: 0.0017s
Record 374/1000 | Predicted: [0] | True: 0 | Time: 0.0017s
Record 375/1000 | Predicted: [0] | True: 0 | Time: 0.0017s
Record 376/1000 | Predicted: [0] | True: 0 | Time: 0.0016s
Record 377/1000 | Predicted: [1] | True: 1 | Time: 0.0017s
Record 378/1000 | Predicted: [0] | True: 0 | Time: 0.0016s
Record 379/1000 | Predicted: [0] | True: 0 | Time: 0.0017s
Record 380/1000 | Predicted: [1] | True: 1 | Time: 0.0016s
Record 381/1000 | Predicted: [1] | True: 0 | Time: 0.0016s
Record 382/1000 | Predicted: [0] | True: 0 | Time: 0.0017s
Record 383/1000 | Predicted: [0] | True: 1 | Time: 0.0017s
Record 384/1000 | Predicted: [0] | True: 0 | Time: 0.0017s
Record 385/1000 | Predicted: [0] | True: 0 | Time: 0.0017s
Record 386/1000 | Predicted: [1] | True: 1 | Time: 0.0016s
Record 387/1000 | Predicted: [0] | True: 0 | Time: 0.0016s
Record 388/1000 | Predicted: [0] | True: 1 | Time: 0.0017s
Record 389/1000 | Predicted: [0] | True: 0 | Time: 0.0016s
Record 390/1000 | Predicted: [0] | True: 0 | Time: 0.0017s
Record 391/1000 | Predicted: [0] | True: 0 | Time: 0.0016s
Record 392/1000 | Predicted: [0] | True: 0 | Time: 0.0017s
Record 393/1000 | Predicted: [1] | True: 1 | Time: 0.0017s
Record 394/1000 | Predicted: [0] | True: 0 | Time: 0.0016s
Record 395/1000 | Predicted: [0] | True: 0 | Time: 0.0016s
Record 396/1000 | Predicted: [0] | True: 0 | Time: 0.0017s
Record 397/1000 | Predicted: [1] | True: 1 | Time: 0.0017s
Record 398/1000 | Predicted: [0] | True: 0 | Time: 0.0016s
Record 399/1000 | Predicted: [0] | True: 0 | Time: 0.0017s
Record 400/1000 | Predicted: [0] | True: 0 | Time: 0.0016s
Record 401/1000 | Predicted: [0] | True: 0 | Time: 0.0017s
Record 402/1000 | Predicted: [0] | True: 0 | Time: 0.0016s
Record 403/1000 | Predicted: [0] | True: 0 | Time: 0.0017s
Record 404/1000 | Predicted: [0] | True: 0 | Time: 0.0016s
Record 405/1000 | Predicted: [0] | True: 0 | Time: 0.0016s
Record 406/1000 | Predicted: [0] | True: 0 | Time: 0.0017s
Record 407/1000 | Predicted: [0] | True: 0 | Time: 0.0016s
Record 408/1000 | Predicted: [0] | True: 0 | Time: 0.0017s
Record 409/1000 | Predicted: [0] | True: 0 | Time: 0.0016s
Record 410/1000 | Predicted: [0] | True: 0 | Time: 0.0017s
Record 411/1000 | Predicted: [0] | True: 1 | Time: 0.0016s
Record 412/1000 | Predicted: [0] | True: 0 | Time: 0.0017s
Record 413/1000 | Predicted: [0] | True: 0 | Time: 0.0016s
Record 414/1000 | Predicted: [0] | True: 0 | Time: 0.0017s
Record 415/1000 | Predicted: [0] | True: 0 | Time: 0.0017s
Record 416/1000 | Predicted: [0] | True: 0 | Time: 0.0016s
Record 417/1000 | Predicted: [0] | True: 0 | Time: 0.0016s
Record 418/1000 | Predicted: [0] | True: 0 | Time: 0.0016s
Record 419/1000 | Predicted: [0] | True: 1 | Time: 0.0017s
Record 420/1000 | Predicted: [0] | True: 0 | Time: 0.0016s
Record 421/1000 | Predicted: [1] | True: 1 | Time: 0.0017s
Record 422/1000 | Predicted: [0] | True: 0 | Time: 0.0017s
Record 423/1000 | Predicted: [0] | True: 0 | Time: 0.0017s
Record 424/1000 | Predicted: [0] | True: 0 | Time: 0.0016s
Record 425/1000 | Predicted: [1] | True: 1 | Time: 0.0017s
Record 426/1000 | Predicted: [1] | True: 0 | Time: 0.0017s
Record 427/1000 | Predicted: [0] | True: 0 | Time: 0.0017s
Record 428/1000 | Predicted: [0] | True: 0 | Time: 0.0016s
Record 429/1000 | Predicted: [1] | True: 1 | Time: 0.0017s
Record 430/1000 | Predicted: [0] | True: 0 | Time: 0.0016s
Record 431/1000 | Predicted: [0] | True: 0 | Time: 0.0016s
Record 432/1000 | Predicted: [0] | True: 0 | Time: 0.0017s
Record 433/1000 | Predicted: [0] | True: 0 | Time: 0.0016s
Record 434/1000 | Predicted: [1] | True: 1 | Time: 0.0017s
Record 435/1000 | Predicted: [0] | True: 0 | Time: 0.0017s
Record 436/1000 | Predicted: [0] | True: 0 | Time: 0.0017s
Record 437/1000 | Predicted: [0] | True: 0 | Time: 0.0016s
Record 438/1000 | Predicted: [0] | True: 0 | Time: 0.0017s
Record 439/1000 | Predicted: [1] | True: 1 | Time: 0.0016s
Record 440/1000 | Predicted: [1] | True: 1 | Time: 0.0017s
Record 441/1000 | Predicted: [0] | True: 0 | Time: 0.0016s
Record 442/1000 | Predicted: [1] | True: 1 | Time: 0.0016s
Record 443/1000 | Predicted: [0] | True: 0 | Time: 0.0017s
Record 444/1000 | Predicted: [1] | True: 0 | Time: 0.0017s
Record 445/1000 | Predicted: [0] | True: 0 | Time: 0.0017s
Record 446/1000 | Predicted: [1] | True: 1 | Time: 0.0016s
Record 447/1000 | Predicted: [0] | True: 0 | Time: 0.0017s
Record 448/1000 | Predicted: [0] | True: 0 | Time: 0.0017s
Record 449/1000 | Predicted: [0] | True: 0 | Time: 0.0017s
Record 450/1000 | Predicted: [1] | True: 1 | Time: 0.0017s
Record 451/1000 | Predicted: [0] | True: 0 | Time: 0.0017s
Record 452/1000 | Predicted: [0] | True: 0 | Time: 0.0016s
Record 453/1000 | Predicted: [0] | True: 0 | Time: 0.0016s
Record 454/1000 | Predicted: [0] | True: 1 | Time: 0.0017s
Record 455/1000 | Predicted: [0] | True: 0 | Time: 0.0016s
Record 456/1000 | Predicted: [0] | True: 0 | Time: 0.0017s
Record 457/1000 | Predicted: [0] | True: 0 | Time: 0.0016s
Record 458/1000 | Predicted: [0] | True: 0 | Time: 0.0016s
Record 459/1000 | Predicted: [0] | True: 0 | Time: 0.0017s
Record 460/1000 | Predicted: [1] | True: 0 | Time: 0.0016s
Record 461/1000 | Predicted: [0] | True: 0 | Time: 0.0017s
Record 462/1000 | Predicted: [0] | True: 0 | Time: 0.0016s
Record 463/1000 | Predicted: [0] | True: 0 | Time: 0.0016s
Record 464/1000 | Predicted: [0] | True: 0 | Time: 0.0017s
Record 465/1000 | Predicted: [0] | True: 1 | Time: 0.0016s
Record 466/1000 | Predicted: [0] | True: 0 | Time: 0.0016s
Record 467/1000 | Predicted: [0] | True: 0 | Time: 0.0017s
Record 468/1000 | Predicted: [0] | True: 0 | Time: 0.0016s
Record 469/1000 | Predicted: [0] | True: 0 | Time: 0.0016s
Record 470/1000 | Predicted: [0] | True: 0 | Time: 0.0017s
Record 471/1000 | Predicted: [0] | True: 0 | Time: 0.0017s
Record 472/1000 | Predicted: [0] | True: 0 | Time: 0.0016s
Record 473/1000 | Predicted: [0] | True: 0 | Time: 0.0016s
Record 474/1000 | Predicted: [0] | True: 0 | Time: 0.0017s
Record 475/1000 | Predicted: [0] | True: 0 | Time: 0.0017s
Record 476/1000 | Predicted: [0] | True: 0 | Time: 0.0017s
Record 477/1000 | Predicted: [0] | True: 0 | Time: 0.0016s
Record 478/1000 | Predicted: [0] | True: 0 | Time: 0.0016s
Record 479/1000 | Predicted: [0] | True: 0 | Time: 0.0016s
Record 480/1000 | Predicted: [0] | True: 0 | Time: 0.0017s
Record 481/1000 | Predicted: [0] | True: 0 | Time: 0.0016s
Record 482/1000 | Predicted: [0] | True: 0 | Time: 0.0017s
Record 483/1000 | Predicted: [0] | True: 0 | Time: 0.0017s
Record 484/1000 | Predicted: [0] | True: 0 | Time: 0.0016s
Record 485/1000 | Predicted: [0] | True: 0 | Time: 0.0016s
Record 486/1000 | Predicted: [0] | True: 0 | Time: 0.0017s
Record 487/1000 | Predicted: [1] | True: 1 | Time: 0.0016s
Record 488/1000 | Predicted: [0] | True: 0 | Time: 0.0016s
Record 489/1000 | Predicted: [0] | True: 0 | Time: 0.0017s
Record 490/1000 | Predicted: [0] | True: 0 | Time: 0.0016s
Record 491/1000 | Predicted: [0] | True: 0 | Time: 0.0016s
Record 492/1000 | Predicted: [1] | True: 1 | Time: 0.0017s
Record 493/1000 | Predicted: [0] | True: 0 | Time: 0.0016s
Record 494/1000 | Predicted: [0] | True: 0 | Time: 0.0016s
Record 495/1000 | Predicted: [0] | True: 0 | Time: 0.0017s
Record 496/1000 | Predicted: [0] | True: 0 | Time: 0.0016s
Record 497/1000 | Predicted: [0] | True: 0 | Time: 0.0016s
Record 498/1000 | Predicted: [0] | True: 1 | Time: 0.0017s
Record 499/1000 | Predicted: [0] | True: 0 | Time: 0.0017s
Record 500/1000 | Predicted: [0] | True: 0 | Time: 0.0017s
Record 501/1000 | Predicted: [0] | True: 0 | Time: 0.0016s
Record 502/1000 | Predicted: [0] | True: 0 | Time: 0.0017s
Record 503/1000 | Predicted: [0] | True: 0 | Time: 0.0016s
Record 504/1000 | Predicted: [0] | True: 1 | Time: 0.0017s
Record 505/1000 | Predicted: [1] | True: 1 | Time: 0.0017s
Record 506/1000 | Predicted: [0] | True: 0 | Time: 0.0017s
Record 507/1000 | Predicted: [1] | True: 1 | Time: 0.0016s
Record 508/1000 | Predicted: [0] | True: 0 | Time: 0.0017s
Record 509/1000 | Predicted: [0] | True: 0 | Time: 0.0016s
Record 510/1000 | Predicted: [0] | True: 0 | Time: 0.0017s
Record 511/1000 | Predicted: [1] | True: 1 | Time: 0.0017s
Record 512/1000 | Predicted: [0] | True: 0 | Time: 0.0016s
Record 513/1000 | Predicted: [0] | True: 0 | Time: 0.0017s
Record 514/1000 | Predicted: [0] | True: 0 | Time: 0.0016s
Record 515/1000 | Predicted: [0] | True: 0 | Time: 0.0016s
Record 516/1000 | Predicted: [0] | True: 0 | Time: 0.0017s
Record 517/1000 | Predicted: [0] | True: 0 | Time: 0.0016s
Record 518/1000 | Predicted: [1] | True: 1 | Time: 0.0017s
Record 519/1000 | Predicted: [0] | True: 0 | Time: 0.0017s
Record 520/1000 | Predicted: [0] | True: 0 | Time: 0.0016s
Record 521/1000 | Predicted: [1] | True: 1 | Time: 0.0017s
Record 522/1000 | Predicted: [0] | True: 0 | Time: 0.0016s
Record 523/1000 | Predicted: [0] | True: 0 | Time: 0.0016s
Record 524/1000 | Predicted: [0] | True: 0 | Time: 0.0016s
Record 525/1000 | Predicted: [0] | True: 0 | Time: 0.0016s
Record 526/1000 | Predicted: [0] | True: 0 | Time: 0.0017s
Record 527/1000 | Predicted: [1] | True: 0 | Time: 0.0016s
Record 528/1000 | Predicted: [0] | True: 0 | Time: 0.0016s
Record 529/1000 | Predicted: [1] | True: 0 | Time: 0.0016s
Record 530/1000 | Predicted: [0] | True: 0 | Time: 0.0017s
Record 531/1000 | Predicted: [0] | True: 0 | Time: 0.0016s
Record 532/1000 | Predicted: [0] | True: 0 | Time: 0.0017s
Record 533/1000 | Predicted: [0] | True: 0 | Time: 0.0016s
Record 534/1000 | Predicted: [1] | True: 1 | Time: 0.0017s
Record 535/1000 | Predicted: [1] | True: 1 | Time: 0.0016s
Record 536/1000 | Predicted: [0] | True: 0 | Time: 0.0017s
Record 537/1000 | Predicted: [0] | True: 0 | Time: 0.0016s
Record 538/1000 | Predicted: [1] | True: 0 | Time: 0.0017s
Record 539/1000 | Predicted: [0] | True: 0 | Time: 0.0017s
Record 540/1000 | Predicted: [0] | True: 0 | Time: 0.0017s
Record 541/1000 | Predicted: [0] | True: 0 | Time: 0.0017s
Record 542/1000 | Predicted: [1] | True: 1 | Time: 0.0016s
Record 543/1000 | Predicted: [0] | True: 0 | Time: 0.0016s
Record 544/1000 | Predicted: [0] | True: 0 | Time: 0.0016s
Record 545/1000 | Predicted: [0] | True: 0 | Time: 0.0017s
Record 546/1000 | Predicted: [1] | True: 1 | Time: 0.0016s
Record 547/1000 | Predicted: [0] | True: 0 | Time: 0.0016s
Record 548/1000 | Predicted: [1] | True: 1 | Time: 0.0016s
Record 549/1000 | Predicted: [0] | True: 0 | Time: 0.0016s
Record 550/1000 | Predicted: [0] | True: 0 | Time: 0.0016s
Record 551/1000 | Predicted: [1] | True: 1 | Time: 0.0017s
Record 552/1000 | Predicted: [1] | True: 0 | Time: 0.0017s
Record 553/1000 | Predicted: [0] | True: 0 | Time: 0.0016s
Record 554/1000 | Predicted: [0] | True: 0 | Time: 0.0017s
Record 555/1000 | Predicted: [1] | True: 1 | Time: 0.0016s
Record 556/1000 | Predicted: [1] | True: 0 | Time: 0.0017s
Record 557/1000 | Predicted: [1] | True: 1 | Time: 0.0017s
Record 558/1000 | Predicted: [0] | True: 0 | Time: 0.0016s
Record 559/1000 | Predicted: [0] | True: 0 | Time: 0.0017s
Record 560/1000 | Predicted: [0] | True: 0 | Time: 0.0017s
Record 561/1000 | Predicted: [1] | True: 1 | Time: 0.0016s
Record 562/1000 | Predicted: [0] | True: 0 | Time: 0.0016s
Record 563/1000 | Predicted: [1] | True: 1 | Time: 0.0017s
Record 564/1000 | Predicted: [0] | True: 0 | Time: 0.0016s
Record 565/1000 | Predicted: [0] | True: 0 | Time: 0.0017s
Record 566/1000 | Predicted: [0] | True: 0 | Time: 0.0016s
Record 567/1000 | Predicted: [0] | True: 0 | Time: 0.0016s
Record 568/1000 | Predicted: [1] | True: 0 | Time: 0.0016s
Record 569/1000 | Predicted: [1] | True: 1 | Time: 0.0016s
Record 570/1000 | Predicted: [0] | True: 0 | Time: 0.0016s
Record 571/1000 | Predicted: [1] | True: 0 | Time: 0.0016s
Record 572/1000 | Predicted: [1] | True: 1 | Time: 0.0016s
Record 573/1000 | Predicted: [0] | True: 0 | Time: 0.0016s
Record 574/1000 | Predicted: [1] | True: 1 | Time: 0.0017s
Record 575/1000 | Predicted: [0] | True: 0 | Time: 0.0016s
Record 576/1000 | Predicted: [0] | True: 0 | Time: 0.0017s
Record 577/1000 | Predicted: [0] | True: 0 | Time: 0.0016s
Record 578/1000 | Predicted: [0] | True: 0 | Time: 0.0016s
Record 579/1000 | Predicted: [0] | True: 0 | Time: 0.0017s
Record 580/1000 | Predicted: [0] | True: 0 | Time: 0.0016s
Record 581/1000 | Predicted: [1] | True: 0 | Time: 0.0016s
Record 582/1000 | Predicted: [0] | True: 0 | Time: 0.0017s
Record 583/1000 | Predicted: [0] | True: 0 | Time: 0.0016s
Record 584/1000 | Predicted: [1] | True: 0 | Time: 0.0016s
Record 585/1000 | Predicted: [0] | True: 0 | Time: 0.0017s
Record 586/1000 | Predicted: [0] | True: 0 | Time: 0.0016s
Record 587/1000 | Predicted: [0] | True: 0 | Time: 0.0017s
Record 588/1000 | Predicted: [1] | True: 1 | Time: 0.0016s
Record 589/1000 | Predicted: [0] | True: 0 | Time: 0.0017s
Record 590/1000 | Predicted: [0] | True: 0 | Time: 0.0017s
Record 591/1000 | Predicted: [1] | True: 1 | Time: 0.0016s
Record 592/1000 | Predicted: [0] | True: 0 | Time: 0.0017s
Record 593/1000 | Predicted: [0] | True: 0 | Time: 0.0017s
Record 594/1000 | Predicted: [0] | True: 0 | Time: 0.0016s
Record 595/1000 | Predicted: [1] | True: 1 | Time: 0.0016s
Record 596/1000 | Predicted: [0] | True: 0 | Time: 0.0017s
Record 597/1000 | Predicted: [0] | True: 0 | Time: 0.0016s
Record 598/1000 | Predicted: [0] | True: 0 | Time: 0.0017s
Record 599/1000 | Predicted: [0] | True: 0 | Time: 0.0017s
Record 600/1000 | Predicted: [0] | True: 0 | Time: 0.0017s
Record 601/1000 | Predicted: [1] | True: 1 | Time: 0.0016s
Record 602/1000 | Predicted: [0] | True: 0 | Time: 0.0017s
Record 603/1000 | Predicted: [1] | True: 1 | Time: 0.0016s
Record 604/1000 | Predicted: [1] | True: 1 | Time: 0.0017s
Record 605/1000 | Predicted: [0] | True: 0 | Time: 0.0016s
Record 606/1000 | Predicted: [0] | True: 0 | Time: 0.0017s
Record 607/1000 | Predicted: [0] | True: 0 | Time: 0.0016s
Record 608/1000 | Predicted: [0] | True: 0 | Time: 0.0016s
Record 609/1000 | Predicted: [0] | True: 0 | Time: 0.0017s
Record 610/1000 | Predicted: [0] | True: 0 | Time: 0.0016s
Record 611/1000 | Predicted: [0] | True: 0 | Time: 0.0016s
Record 612/1000 | Predicted: [1] | True: 1 | Time: 0.0016s
Record 613/1000 | Predicted: [0] | True: 0 | Time: 0.0017s
Record 614/1000 | Predicted: [0] | True: 0 | Time: 0.0016s
Record 615/1000 | Predicted: [0] | True: 0 | Time: 0.0016s
Record 616/1000 | Predicted: [1] | True: 1 | Time: 0.0016s
Record 617/1000 | Predicted: [0] | True: 0 | Time: 0.0016s
Record 618/1000 | Predicted: [0] | True: 0 | Time: 0.0016s
Record 619/1000 | Predicted: [0] | True: 0 | Time: 0.0016s
Record 620/1000 | Predicted: [0] | True: 0 | Time: 0.0017s
Record 621/1000 | Predicted: [0] | True: 0 | Time: 0.0016s
Record 622/1000 | Predicted: [0] | True: 0 | Time: 0.0017s
Record 623/1000 | Predicted: [0] | True: 0 | Time: 0.0017s
Record 624/1000 | Predicted: [0] | True: 0 | Time: 0.0017s
Record 625/1000 | Predicted: [0] | True: 0 | Time: 0.0016s
Record 626/1000 | Predicted: [0] | True: 0 | Time: 0.0017s
Record 627/1000 | Predicted: [0] | True: 0 | Time: 0.0016s
Record 628/1000 | Predicted: [0] | True: 0 | Time: 0.0017s
Record 629/1000 | Predicted: [0] | True: 0 | Time: 0.0016s
Record 630/1000 | Predicted: [0] | True: 0 | Time: 0.0016s
Record 631/1000 | Predicted: [0] | True: 0 | Time: 0.0017s
Record 632/1000 | Predicted: [1] | True: 1 | Time: 0.0016s
Record 633/1000 | Predicted: [0] | True: 0 | Time: 0.0016s
Record 634/1000 | Predicted: [0] | True: 0 | Time: 0.0016s
Record 635/1000 | Predicted: [1] | True: 1 | Time: 0.0017s
Record 636/1000 | Predicted: [0] | True: 0 | Time: 0.0017s
Record 637/1000 | Predicted: [0] | True: 0 | Time: 0.0016s
Record 638/1000 | Predicted: [0] | True: 0 | Time: 0.0017s
Record 639/1000 | Predicted: [0] | True: 0 | Time: 0.0017s
Record 640/1000 | Predicted: [0] | True: 0 | Time: 0.0016s
Record 641/1000 | Predicted: [1] | True: 1 | Time: 0.0016s
Record 642/1000 | Predicted: [0] | True: 0 | Time: 0.0016s
Record 643/1000 | Predicted: [0] | True: 0 | Time: 0.0016s
Record 644/1000 | Predicted: [1] | True: 1 | Time: 0.0016s
Record 645/1000 | Predicted: [0] | True: 0 | Time: 0.0017s
Record 646/1000 | Predicted: [0] | True: 0 | Time: 0.0017s
Record 647/1000 | Predicted: [0] | True: 0 | Time: 0.0017s
Record 648/1000 | Predicted: [0] | True: 0 | Time: 0.0017s
Record 649/1000 | Predicted: [0] | True: 0 | Time: 0.0016s
Record 650/1000 | Predicted: [0] | True: 0 | Time: 0.0017s
Record 651/1000 | Predicted: [0] | True: 0 | Time: 0.0016s
Record 652/1000 | Predicted: [0] | True: 0 | Time: 0.0016s
Record 653/1000 | Predicted: [0] | True: 0 | Time: 0.0017s
Record 654/1000 | Predicted: [0] | True: 0 | Time: 0.0016s
Record 655/1000 | Predicted: [0] | True: 0 | Time: 0.0016s
Record 656/1000 | Predicted: [0] | True: 0 | Time: 0.0017s
Record 657/1000 | Predicted: [0] | True: 0 | Time: 0.0017s
Record 658/1000 | Predicted: [0] | True: 0 | Time: 0.0017s
Record 659/1000 | Predicted: [0] | True: 0 | Time: 0.0017s
Record 660/1000 | Predicted: [1] | True: 0 | Time: 0.0016s
Record 661/1000 | Predicted: [0] | True: 0 | Time: 0.0016s
Record 662/1000 | Predicted: [0] | True: 0 | Time: 0.0016s
Record 663/1000 | Predicted: [1] | True: 1 | Time: 0.0017s
Record 664/1000 | Predicted: [0] | True: 0 | Time: 0.0017s
Record 665/1000 | Predicted: [0] | True: 0 | Time: 0.0016s
Record 666/1000 | Predicted: [1] | True: 1 | Time: 0.0016s
Record 667/1000 | Predicted: [0] | True: 0 | Time: 0.0016s
Record 668/1000 | Predicted: [1] | True: 1 | Time: 0.0016s
Record 669/1000 | Predicted: [0] | True: 0 | Time: 0.0016s
Record 670/1000 | Predicted: [0] | True: 0 | Time: 0.0017s
Record 671/1000 | Predicted: [0] | True: 0 | Time: 0.0016s
Record 672/1000 | Predicted: [0] | True: 0 | Time: 0.0017s
Record 673/1000 | Predicted: [0] | True: 0 | Time: 0.0016s
Record 674/1000 | Predicted: [0] | True: 0 | Time: 0.0017s
Record 675/1000 | Predicted: [0] | True: 0 | Time: 0.0016s
Record 676/1000 | Predicted: [0] | True: 0 | Time: 0.0016s
Record 677/1000 | Predicted: [0] | True: 0 | Time: 0.0017s
Record 678/1000 | Predicted: [0] | True: 0 | Time: 0.0016s
Record 679/1000 | Predicted: [0] | True: 0 | Time: 0.0016s
Record 680/1000 | Predicted: [0] | True: 0 | Time: 0.0017s
Record 681/1000 | Predicted: [0] | True: 0 | Time: 0.0017s
Record 682/1000 | Predicted: [0] | True: 0 | Time: 0.0016s
Record 683/1000 | Predicted: [0] | True: 0 | Time: 0.0017s
Record 684/1000 | Predicted: [0] | True: 0 | Time: 0.0016s
Record 685/1000 | Predicted: [1] | True: 1 | Time: 0.0017s
Record 686/1000 | Predicted: [0] | True: 0 | Time: 0.0016s
Record 687/1000 | Predicted: [1] | True: 1 | Time: 0.0017s
Record 688/1000 | Predicted: [0] | True: 0 | Time: 0.0016s
Record 689/1000 | Predicted: [0] | True: 0 | Time: 0.0016s
Record 690/1000 | Predicted: [0] | True: 0 | Time: 0.0017s
Record 691/1000 | Predicted: [0] | True: 0 | Time: 0.0016s
Record 692/1000 | Predicted: [0] | True: 0 | Time: 0.0016s
Record 693/1000 | Predicted: [0] | True: 0 | Time: 0.0016s
Record 694/1000 | Predicted: [1] | True: 1 | Time: 0.0017s
Record 695/1000 | Predicted: [0] | True: 0 | Time: 0.0016s
Record 696/1000 | Predicted: [0] | True: 0 | Time: 0.0017s
Record 697/1000 | Predicted: [0] | True: 0 | Time: 0.0016s
Record 698/1000 | Predicted: [0] | True: 1 | Time: 0.0017s
Record 699/1000 | Predicted: [0] | True: 0 | Time: 0.0017s
Record 700/1000 | Predicted: [1] | True: 1 | Time: 0.0017s
Record 701/1000 | Predicted: [0] | True: 0 | Time: 0.0017s
Record 702/1000 | Predicted: [1] | True: 1 | Time: 0.0017s
Record 703/1000 | Predicted: [0] | True: 0 | Time: 0.0017s
Record 704/1000 | Predicted: [1] | True: 1 | Time: 0.0017s
Record 705/1000 | Predicted: [0] | True: 0 | Time: 0.0016s
Record 706/1000 | Predicted: [1] | True: 1 | Time: 0.0018s
Record 707/1000 | Predicted: [0] | True: 1 | Time: 0.0017s
Record 708/1000 | Predicted: [0] | True: 0 | Time: 0.0016s
Record 709/1000 | Predicted: [0] | True: 0 | Time: 0.0016s
Record 710/1000 | Predicted: [0] | True: 0 | Time: 0.0017s
Record 711/1000 | Predicted: [1] | True: 1 | Time: 0.0017s
Record 712/1000 | Predicted: [0] | True: 0 | Time: 0.0017s
Record 713/1000 | Predicted: [0] | True: 0 | Time: 0.0017s
Record 714/1000 | Predicted: [0] | True: 0 | Time: 0.0017s
Record 715/1000 | Predicted: [1] | True: 1 | Time: 0.0016s
Record 716/1000 | Predicted: [0] | True: 0 | Time: 0.0017s
Record 717/1000 | Predicted: [0] | True: 0 | Time: 0.0016s
Record 718/1000 | Predicted: [1] | True: 1 | Time: 0.0017s
Record 719/1000 | Predicted: [0] | True: 0 | Time: 0.0016s
Record 720/1000 | Predicted: [1] | True: 1 | Time: 0.0017s
Record 721/1000 | Predicted: [0] | True: 0 | Time: 0.0016s
Record 722/1000 | Predicted: [0] | True: 0 | Time: 0.0016s
Record 723/1000 | Predicted: [0] | True: 1 | Time: 0.0017s
Record 724/1000 | Predicted: [1] | True: 1 | Time: 0.0017s
Record 725/1000 | Predicted: [0] | True: 0 | Time: 0.0016s
Record 726/1000 | Predicted: [1] | True: 1 | Time: 0.0016s
Record 727/1000 | Predicted: [0] | True: 0 | Time: 0.0017s
Record 728/1000 | Predicted: [0] | True: 0 | Time: 0.0016s
Record 729/1000 | Predicted: [0] | True: 0 | Time: 0.0017s
Record 730/1000 | Predicted: [0] | True: 0 | Time: 0.0017s
Record 731/1000 | Predicted: [0] | True: 0 | Time: 0.0016s
Record 732/1000 | Predicted: [0] | True: 0 | Time: 0.0016s
Record 733/1000 | Predicted: [0] | True: 0 | Time: 0.0017s
Record 734/1000 | Predicted: [0] | True: 0 | Time: 0.0016s
Record 735/1000 | Predicted: [0] | True: 0 | Time: 0.0017s
Record 736/1000 | Predicted: [0] | True: 0 | Time: 0.0016s
Record 737/1000 | Predicted: [0] | True: 0 | Time: 0.0017s
Record 738/1000 | Predicted: [0] | True: 0 | Time: 0.0017s
Record 739/1000 | Predicted: [1] | True: 1 | Time: 0.0016s
Record 740/1000 | Predicted: [0] | True: 0 | Time: 0.0017s
Record 741/1000 | Predicted: [0] | True: 0 | Time: 0.0016s
Record 742/1000 | Predicted: [0] | True: 0 | Time: 0.0017s
Record 743/1000 | Predicted: [0] | True: 0 | Time: 0.0017s
Record 744/1000 | Predicted: [0] | True: 0 | Time: 0.0017s
Record 745/1000 | Predicted: [0] | True: 0 | Time: 0.0016s
Record 746/1000 | Predicted: [0] | True: 0 | Time: 0.0016s
Record 747/1000 | Predicted: [0] | True: 0 | Time: 0.0016s
Record 748/1000 | Predicted: [1] | True: 1 | Time: 0.0016s
Record 749/1000 | Predicted: [1] | True: 0 | Time: 0.0016s
Record 750/1000 | Predicted: [1] | True: 1 | Time: 0.0016s
Record 751/1000 | Predicted: [0] | True: 0 | Time: 0.0017s
Record 752/1000 | Predicted: [1] | True: 1 | Time: 0.0016s
Record 753/1000 | Predicted: [0] | True: 0 | Time: 0.0017s
Record 754/1000 | Predicted: [1] | True: 0 | Time: 0.0017s
Record 755/1000 | Predicted: [0] | True: 0 | Time: 0.0017s
Record 756/1000 | Predicted: [0] | True: 0 | Time: 0.0016s
Record 757/1000 | Predicted: [1] | True: 1 | Time: 0.0016s
Record 758/1000 | Predicted: [1] | True: 1 | Time: 0.0016s
Record 759/1000 | Predicted: [0] | True: 1 | Time: 0.0016s
Record 760/1000 | Predicted: [0] | True: 0 | Time: 0.0016s
Record 761/1000 | Predicted: [0] | True: 0 | Time: 0.0016s
Record 762/1000 | Predicted: [0] | True: 0 | Time: 0.0016s
Record 763/1000 | Predicted: [0] | True: 0 | Time: 0.0016s
Record 764/1000 | Predicted: [1] | True: 0 | Time: 0.0016s
Record 765/1000 | Predicted: [0] | True: 0 | Time: 0.0017s
Record 766/1000 | Predicted: [1] | True: 1 | Time: 0.0017s
Record 767/1000 | Predicted: [0] | True: 0 | Time: 0.0017s
Record 768/1000 | Predicted: [0] | True: 0 | Time: 0.0017s
Record 769/1000 | Predicted: [0] | True: 0 | Time: 0.0016s
Record 770/1000 | Predicted: [1] | True: 1 | Time: 0.0017s
Record 771/1000 | Predicted: [1] | True: 0 | Time: 0.0016s
Record 772/1000 | Predicted: [0] | True: 0 | Time: 0.0016s
Record 773/1000 | Predicted: [0] | True: 0 | Time: 0.0017s
Record 774/1000 | Predicted: [1] | True: 1 | Time: 0.0016s
Record 775/1000 | Predicted: [0] | True: 0 | Time: 0.0017s
Record 776/1000 | Predicted: [0] | True: 0 | Time: 0.0016s
Record 777/1000 | Predicted: [0] | True: 0 | Time: 0.0017s
Record 778/1000 | Predicted: [1] | True: 0 | Time: 0.0016s
Record 779/1000 | Predicted: [0] | True: 0 | Time: 0.0017s
Record 780/1000 | Predicted: [0] | True: 1 | Time: 0.0016s
Record 781/1000 | Predicted: [0] | True: 0 | Time: 0.0016s
Record 782/1000 | Predicted: [0] | True: 0 | Time: 0.0017s
Record 783/1000 | Predicted: [0] | True: 0 | Time: 0.0017s
Record 784/1000 | Predicted: [0] | True: 0 | Time: 0.0017s
Record 785/1000 | Predicted: [0] | True: 0 | Time: 0.0016s
Record 786/1000 | Predicted: [0] | True: 0 | Time: 0.0016s
Record 787/1000 | Predicted: [0] | True: 0 | Time: 0.0016s
Record 788/1000 | Predicted: [0] | True: 0 | Time: 0.0017s
Record 789/1000 | Predicted: [0] | True: 0 | Time: 0.0016s
Record 790/1000 | Predicted: [0] | True: 0 | Time: 0.0017s
Record 791/1000 | Predicted: [0] | True: 0 | Time: 0.0016s
Record 792/1000 | Predicted: [0] | True: 0 | Time: 0.0016s
Record 793/1000 | Predicted: [0] | True: 0 | Time: 0.0016s
Record 794/1000 | Predicted: [0] | True: 0 | Time: 0.0017s
Record 795/1000 | Predicted: [1] | True: 1 | Time: 0.0016s
Record 796/1000 | Predicted: [0] | True: 0 | Time: 0.0017s
Record 797/1000 | Predicted: [0] | True: 0 | Time: 0.0017s
Record 798/1000 | Predicted: [0] | True: 0 | Time: 0.0016s
Record 799/1000 | Predicted: [0] | True: 0 | Time: 0.0017s
Record 800/1000 | Predicted: [1] | True: 1 | Time: 0.0017s
Record 801/1000 | Predicted: [0] | True: 0 | Time: 0.0016s
Record 802/1000 | Predicted: [0] | True: 0 | Time: 0.0016s
Record 803/1000 | Predicted: [0] | True: 0 | Time: 0.0017s
Record 804/1000 | Predicted: [0] | True: 0 | Time: 0.0016s
Record 805/1000 | Predicted: [0] | True: 0 | Time: 0.0017s
Record 806/1000 | Predicted: [0] | True: 0 | Time: 0.0016s
Record 807/1000 | Predicted: [1] | True: 1 | Time: 0.0016s
Record 808/1000 | Predicted: [0] | True: 0 | Time: 0.0017s
Record 809/1000 | Predicted: [0] | True: 0 | Time: 0.0016s
Record 810/1000 | Predicted: [0] | True: 0 | Time: 0.0016s
Record 811/1000 | Predicted: [0] | True: 0 | Time: 0.0017s
Record 812/1000 | Predicted: [0] | True: 0 | Time: 0.0017s
Record 813/1000 | Predicted: [0] | True: 0 | Time: 0.0016s
Record 814/1000 | Predicted: [0] | True: 0 | Time: 0.0017s
Record 815/1000 | Predicted: [0] | True: 0 | Time: 0.0016s
Record 816/1000 | Predicted: [0] | True: 0 | Time: 0.0017s
Record 817/1000 | Predicted: [1] | True: 1 | Time: 0.0016s
Record 818/1000 | Predicted: [0] | True: 0 | Time: 0.0017s
Record 819/1000 | Predicted: [1] | True: 1 | Time: 0.0016s
Record 820/1000 | Predicted: [0] | True: 0 | Time: 0.0016s
Record 821/1000 | Predicted: [0] | True: 0 | Time: 0.0016s
Record 822/1000 | Predicted: [1] | True: 0 | Time: 0.0016s
Record 823/1000 | Predicted: [0] | True: 0 | Time: 0.0016s
Record 824/1000 | Predicted: [0] | True: 0 | Time: 0.0017s
Record 825/1000 | Predicted: [0] | True: 0 | Time: 0.0016s
Record 826/1000 | Predicted: [0] | True: 0 | Time: 0.0017s
Record 827/1000 | Predicted: [0] | True: 0 | Time: 0.0017s
Record 828/1000 | Predicted: [0] | True: 0 | Time: 0.0016s
Record 829/1000 | Predicted: [1] | True: 1 | Time: 0.0017s
Record 830/1000 | Predicted: [1] | True: 1 | Time: 0.0016s
Record 831/1000 | Predicted: [0] | True: 0 | Time: 0.0016s
Record 832/1000 | Predicted: [0] | True: 0 | Time: 0.0016s
Record 833/1000 | Predicted: [1] | True: 1 | Time: 0.0016s
Record 834/1000 | Predicted: [0] | True: 0 | Time: 0.0017s
Record 835/1000 | Predicted: [0] | True: 0 | Time: 0.0017s
Record 836/1000 | Predicted: [0] | True: 0 | Time: 0.0017s
Record 837/1000 | Predicted: [0] | True: 0 | Time: 0.0016s
Record 838/1000 | Predicted: [0] | True: 0 | Time: 0.0017s
Record 839/1000 | Predicted: [0] | True: 0 | Time: 0.0016s
Record 840/1000 | Predicted: [0] | True: 0 | Time: 0.0017s
Record 841/1000 | Predicted: [0] | True: 0 | Time: 0.0017s
Record 842/1000 | Predicted: [1] | True: 1 | Time: 0.0017s
Record 843/1000 | Predicted: [1] | True: 1 | Time: 0.0016s
Record 844/1000 | Predicted: [0] | True: 0 | Time: 0.0016s
Record 845/1000 | Predicted: [0] | True: 0 | Time: 0.0016s
Record 846/1000 | Predicted: [1] | True: 1 | Time: 0.0016s
Record 847/1000 | Predicted: [0] | True: 0 | Time: 0.0017s
Record 848/1000 | Predicted: [0] | True: 0 | Time: 0.0016s
Record 849/1000 | Predicted: [0] | True: 0 | Time: 0.0017s
Record 850/1000 | Predicted: [0] | True: 0 | Time: 0.0016s
Record 851/1000 | Predicted: [0] | True: 0 | Time: 0.0017s
Record 852/1000 | Predicted: [0] | True: 0 | Time: 0.0017s
Record 853/1000 | Predicted: [0] | True: 0 | Time: 0.0017s
Record 854/1000 | Predicted: [0] | True: 0 | Time: 0.0017s
Record 855/1000 | Predicted: [0] | True: 0 | Time: 0.0016s
Record 856/1000 | Predicted: [0] | True: 0 | Time: 0.0016s
Record 857/1000 | Predicted: [0] | True: 0 | Time: 0.0016s
Record 858/1000 | Predicted: [0] | True: 0 | Time: 0.0017s
Record 859/1000 | Predicted: [0] | True: 0 | Time: 0.0016s
Record 860/1000 | Predicted: [0] | True: 0 | Time: 0.0017s
Record 861/1000 | Predicted: [0] | True: 0 | Time: 0.0016s
Record 862/1000 | Predicted: [0] | True: 0 | Time: 0.0016s
Record 863/1000 | Predicted: [0] | True: 0 | Time: 0.0017s
Record 864/1000 | Predicted: [0] | True: 0 | Time: 0.0016s
Record 865/1000 | Predicted: [0] | True: 0 | Time: 0.0016s
Record 866/1000 | Predicted: [0] | True: 0 | Time: 0.0016s
Record 867/1000 | Predicted: [0] | True: 1 | Time: 0.0016s
Record 868/1000 | Predicted: [0] | True: 0 | Time: 0.0016s
Record 869/1000 | Predicted: [0] | True: 0 | Time: 0.0017s
Record 870/1000 | Predicted: [0] | True: 0 | Time: 0.0017s
Record 871/1000 | Predicted: [0] | True: 0 | Time: 0.0017s
Record 872/1000 | Predicted: [0] | True: 0 | Time: 0.0017s
Record 873/1000 | Predicted: [1] | True: 0 | Time: 0.0017s
Record 874/1000 | Predicted: [0] | True: 0 | Time: 0.0017s
Record 875/1000 | Predicted: [0] | True: 0 | Time: 0.0016s
Record 876/1000 | Predicted: [0] | True: 0 | Time: 0.0017s
Record 877/1000 | Predicted: [0] | True: 1 | Time: 0.0017s
Record 878/1000 | Predicted: [0] | True: 0 | Time: 0.0016s
Record 879/1000 | Predicted: [0] | True: 0 | Time: 0.0016s
Record 880/1000 | Predicted: [0] | True: 0 | Time: 0.0017s
Record 881/1000 | Predicted: [0] | True: 0 | Time: 0.0016s
Record 882/1000 | Predicted: [0] | True: 0 | Time: 0.0017s
Record 883/1000 | Predicted: [1] | True: 1 | Time: 0.0016s
Record 884/1000 | Predicted: [0] | True: 0 | Time: 0.0016s
Record 885/1000 | Predicted: [0] | True: 0 | Time: 0.0016s
Record 886/1000 | Predicted: [0] | True: 0 | Time: 0.0016s
Record 887/1000 | Predicted: [0] | True: 0 | Time: 0.0016s
Record 888/1000 | Predicted: [1] | True: 0 | Time: 0.0017s
Record 889/1000 | Predicted: [0] | True: 0 | Time: 0.0016s
Record 890/1000 | Predicted: [0] | True: 0 | Time: 0.0016s
Record 891/1000 | Predicted: [0] | True: 0 | Time: 0.0017s
Record 892/1000 | Predicted: [0] | True: 0 | Time: 0.0016s
Record 893/1000 | Predicted: [0] | True: 0 | Time: 0.0017s
Record 894/1000 | Predicted: [1] | True: 1 | Time: 0.0016s
Record 895/1000 | Predicted: [1] | True: 1 | Time: 0.0016s
Record 896/1000 | Predicted: [0] | True: 0 | Time: 0.0017s
Record 897/1000 | Predicted: [1] | True: 1 | Time: 0.0016s
Record 898/1000 | Predicted: [0] | True: 1 | Time: 0.0016s
Record 899/1000 | Predicted: [0] | True: 0 | Time: 0.0017s
Record 900/1000 | Predicted: [0] | True: 0 | Time: 0.0016s
Record 901/1000 | Predicted: [0] | True: 0 | Time: 0.0016s
Record 902/1000 | Predicted: [0] | True: 0 | Time: 0.0017s
Record 903/1000 | Predicted: [0] | True: 0 | Time: 0.0016s
Record 904/1000 | Predicted: [0] | True: 0 | Time: 0.0017s
Record 905/1000 | Predicted: [1] | True: 1 | Time: 0.0016s
Record 906/1000 | Predicted: [0] | True: 0 | Time: 0.0017s
Record 907/1000 | Predicted: [0] | True: 0 | Time: 0.0016s
Record 908/1000 | Predicted: [1] | True: 1 | Time: 0.0017s
Record 909/1000 | Predicted: [0] | True: 0 | Time: 0.0016s
Record 910/1000 | Predicted: [0] | True: 0 | Time: 0.0016s
Record 911/1000 | Predicted: [0] | True: 0 | Time: 0.0016s
Record 912/1000 | Predicted: [0] | True: 0 | Time: 0.0017s
Record 913/1000 | Predicted: [0] | True: 0 | Time: 0.0016s
Record 914/1000 | Predicted: [0] | True: 1 | Time: 0.0016s
Record 915/1000 | Predicted: [0] | True: 1 | Time: 0.0017s
Record 916/1000 | Predicted: [1] | True: 1 | Time: 0.0016s
Record 917/1000 | Predicted: [1] | True: 1 | Time: 0.0016s
Record 918/1000 | Predicted: [0] | True: 0 | Time: 0.0017s
Record 919/1000 | Predicted: [0] | True: 0 | Time: 0.0017s
Record 920/1000 | Predicted: [0] | True: 0 | Time: 0.0017s
Record 921/1000 | Predicted: [0] | True: 1 | Time: 0.0017s
Record 922/1000 | Predicted: [0] | True: 0 | Time: 0.0017s
Record 923/1000 | Predicted: [0] | True: 0 | Time: 0.0017s
Record 924/1000 | Predicted: [0] | True: 0 | Time: 0.0016s
Record 925/1000 | Predicted: [0] | True: 0 | Time: 0.0016s
Record 926/1000 | Predicted: [0] | True: 0 | Time: 0.0017s
Record 927/1000 | Predicted: [0] | True: 0 | Time: 0.0016s
Record 928/1000 | Predicted: [1] | True: 1 | Time: 0.0016s
Record 929/1000 | Predicted: [0] | True: 0 | Time: 0.0016s
Record 930/1000 | Predicted: [0] | True: 0 | Time: 0.0017s
Record 931/1000 | Predicted: [0] | True: 0 | Time: 0.0017s
Record 932/1000 | Predicted: [1] | True: 1 | Time: 0.0017s
Record 933/1000 | Predicted: [0] | True: 0 | Time: 0.0016s
Record 934/1000 | Predicted: [0] | True: 0 | Time: 0.0017s
Record 935/1000 | Predicted: [0] | True: 0 | Time: 0.0016s
Record 936/1000 | Predicted: [0] | True: 0 | Time: 0.0016s
Record 937/1000 | Predicted: [1] | True: 1 | Time: 0.0017s
Record 938/1000 | Predicted: [0] | True: 0 | Time: 0.0016s
Record 939/1000 | Predicted: [1] | True: 1 | Time: 0.0016s
Record 940/1000 | Predicted: [0] | True: 0 | Time: 0.0017s
Record 941/1000 | Predicted: [0] | True: 0 | Time: 0.0017s
Record 942/1000 | Predicted: [0] | True: 0 | Time: 0.0017s
Record 943/1000 | Predicted: [1] | True: 1 | Time: 0.0016s
Record 944/1000 | Predicted: [1] | True: 0 | Time: 0.0016s
Record 945/1000 | Predicted: [0] | True: 0 | Time: 0.0016s
Record 946/1000 | Predicted: [0] | True: 0 | Time: 0.0016s
Record 947/1000 | Predicted: [1] | True: 1 | Time: 0.0016s
Record 948/1000 | Predicted: [0] | True: 0 | Time: 0.0017s
Record 949/1000 | Predicted: [0] | True: 0 | Time: 0.0016s
Record 950/1000 | Predicted: [1] | True: 1 | Time: 0.0017s
Record 951/1000 | Predicted: [0] | True: 0 | Time: 0.0016s
Record 952/1000 | Predicted: [0] | True: 0 | Time: 0.0017s
Record 953/1000 | Predicted: [0] | True: 0 | Time: 0.0016s
Record 954/1000 | Predicted: [0] | True: 0 | Time: 0.0017s
Record 955/1000 | Predicted: [0] | True: 0 | Time: 0.0017s
Record 956/1000 | Predicted: [0] | True: 0 | Time: 0.0017s
Record 957/1000 | Predicted: [0] | True: 0 | Time: 0.0016s
Record 958/1000 | Predicted: [0] | True: 0 | Time: 0.0017s
Record 959/1000 | Predicted: [1] | True: 1 | Time: 0.0016s
Record 960/1000 | Predicted: [0] | True: 0 | Time: 0.0016s
Record 961/1000 | Predicted: [0] | True: 0 | Time: 0.0016s
Record 962/1000 | Predicted: [0] | True: 0 | Time: 0.0016s
Record 963/1000 | Predicted: [0] | True: 0 | Time: 0.0017s
Record 964/1000 | Predicted: [0] | True: 0 | Time: 0.0017s
Record 965/1000 | Predicted: [0] | True: 0 | Time: 0.0016s
Record 966/1000 | Predicted: [0] | True: 0 | Time: 0.0017s
Record 967/1000 | Predicted: [0] | True: 0 | Time: 0.0017s
Record 968/1000 | Predicted: [0] | True: 0 | Time: 0.0016s
Record 969/1000 | Predicted: [0] | True: 0 | Time: 0.0016s
Record 970/1000 | Predicted: [0] | True: 0 | Time: 0.0016s
Record 971/1000 | Predicted: [0] | True: 0 | Time: 0.0017s
Record 972/1000 | Predicted: [0] | True: 0 | Time: 0.0017s
Record 973/1000 | Predicted: [0] | True: 0 | Time: 0.0016s
Record 974/1000 | Predicted: [1] | True: 0 | Time: 0.0017s
Record 975/1000 | Predicted: [0] | True: 0 | Time: 0.0016s
Record 976/1000 | Predicted: [1] | True: 1 | Time: 0.0017s
Record 977/1000 | Predicted: [1] | True: 1 | Time: 0.0016s
Record 978/1000 | Predicted: [0] | True: 0 | Time: 0.0017s
Record 979/1000 | Predicted: [0] | True: 0 | Time: 0.0017s
Record 980/1000 | Predicted: [0] | True: 0 | Time: 0.0017s
Record 981/1000 | Predicted: [0] | True: 0 | Time: 0.0016s
Record 982/1000 | Predicted: [1] | True: 1 | Time: 0.0017s
Record 983/1000 | Predicted: [0] | True: 0 | Time: 0.0017s
Record 984/1000 | Predicted: [1] | True: 0 | Time: 0.0017s
Record 985/1000 | Predicted: [0] | True: 0 | Time: 0.0016s
Record 986/1000 | Predicted: [0] | True: 0 | Time: 0.0017s
Record 987/1000 | Predicted: [0] | True: 0 | Time: 0.0016s
Record 988/1000 | Predicted: [0] | True: 0 | Time: 0.0017s
Record 989/1000 | Predicted: [0] | True: 0 | Time: 0.0017s
Record 990/1000 | Predicted: [1] | True: 0 | Time: 0.0017s
Record 991/1000 | Predicted: [0] | True: 0 | Time: 0.0017s
Record 992/1000 | Predicted: [0] | True: 0 | Time: 0.0016s
Record 993/1000 | Predicted: [0] | True: 0 | Time: 0.0016s
Record 994/1000 | Predicted: [0] | True: 0 | Time: 0.0017s
Record 995/1000 | Predicted: [0] | True: 0 | Time: 0.0017s
Record 996/1000 | Predicted: [0] | True: 0 | Time: 0.0016s
Record 997/1000 | Predicted: [0] | True: 0 | Time: 0.0016s
Record 998/1000 | Predicted: [0] | True: 0 | Time: 0.0016s
Record 999/1000 | Predicted: [0] | True: 0 | Time: 0.0016s
Record 1000/1000 | Predicted: [0] | True: 0 | Time: 0.0017s

[STEP 4] Calculating final statistics...
[LOG] Current time: 2025-08-13 01:25:17 -03-0300

==================== INFERENCE SUMMARY ====================
Total records processed: 1000
   Total inference time: 1.6497 seconds
Mean inference time/record: 0.0016 seconds
=============================================================

